Reference_date,Observed,Predicted,Horizon,region
202106,268.648147523942,272.70556138223094,1,W
202107,273.754785724599,274.4472711229767,1,W
202108,274.978508201703,275.4987674514489,1,W
202109,277.162458992549,275.4311370799169,1,W
202110,276.235142127216,276.5268069512705,1,W
202111,276.509675004576,277.16759154565665,1,W
202112,278.114715050351,277.69791246049544,1,W
202113,283.227221392312,279.56222358669186,1,W
202114,278.403529686912,280.9677686097806,1,W
202115,280.205498724824,280.4243128341364,1,W
202116,281.584222077906,282.4223964360813,1,W
202117,285.861251239083,283.4870823991052,1,W
202118,284.145693269591,284.5470918618812,1,W
202119,287.034606525622,286.04123391705144,1,W
202120,283.766064318768,286.5305018746104,1,W
202121,291.064026647053,287.6200218636393,1,W
202122,290.982089790256,290.37561484782293,1,W
202123,293.630715276856,290.15010973181387,1,W
202124,295.191344978106,292.2206767783803,1,W
202125,295.630140156114,292.97576053851384,1,W
202126,297.081642257506,294.64650921482604,1,W
202127,297.279648697092,294.537716198977,1,W
202128,296.536561157774,295.4854894003187,1,W
202129,296.749589684839,295.50417315559463,1,W
202130,296.416305372933,295.7759787970329,1,W
202131,295.392647461353,295.959482988733,1,W
202132,295.346375258274,295.2214287689848,1,W
202133,291.456179758796,294.49080526012983,1,W
202134,292.838420633876,292.96602232350506,1,W
202135,294.688482182037,291.62628641256185,1,W
202136,292.463797347465,291.0238041097695,1,W
202137,288.847013278,289.58830683161875,1,W
202138,289.052537937537,288.97469032578437,1,W
202139,288.36609256021,286.97814433453124,1,W
202140,280.12071768065,285.186068608537,1,W
202141,282.564169955834,281.92282485369606,1,W
202142,281.744718808148,281.4239018461984,1,W
202143,281.783653752472,280.3319284764436,1,W
202144,280.209732320264,279.63508426564584,1,W
202145,280.473328432969,277.2189217203362,1,W
202146,277.227747996025,276.3181194004423,1,W
202147,281.443454232726,275.57172025923495,1,W
202148,276.86712869499,274.89480178901044,1,W
202149,272.980942284981,273.7391442849698,1,W
202150,273.23766084065,272.3198005859884,1,W
202151,269.131600721582,272.7324532924823,1,W
202152,270.31172130578,271.06694394711724,1,W
202201,274.988175518709,272.71865418011,1,W
202202,274.393009031736,274.1203622729134,1,W
202203,273.072687917415,273.5355956682594,1,W
202204,271.367528160314,274.3585174463039,1,W
202205,276.90368511598,274.22129773259036,1,W
202206,275.891975758189,275.5913383612703,1,W
202207,269.802114598546,275.3816497758486,1,W
202208,277.786136674943,274.4660678379923,1,W
202209,271.534025275429,276.6755762564767,1,W
202210,278.198407146283,275.4387852750533,1,W
202211,279.801983513358,279.0792096342565,1,W
202212,281.330918991435,278.5592516984143,1,W
202213,280.687468273473,279.53611142825446,1,W
202214,275.443986875305,280.8256976627477,1,W
202215,279.860894730367,280.4692927030761,1,W
202216,281.233070035677,283.18123180304184,1,W
202217,283.041103082265,282.8846495088648,1,W
202218,281.181147204534,284.35081696023354,1,W
202219,286.470486060947,285.54848018616576,1,W
202220,286.01140696156,287.23901237125364,1,W
202221,285.8213429607,288.8576289116223,1,W
202222,290.002954087133,288.57659842865695,1,W
202223,290.1758384297,291.15385776229436,1,W
202224,290.635906201345,291.91323790559727,1,W
202225,293.976268666823,292.526315128478,1,W
202226,293.491436235901,294.15610638301945,1,W
202227,296.51334811149,294.48008948076097,1,W
202228,297.350816655742,295.34761586814807,1,W
202229,296.454873688745,295.422915352738,1,W
202230,296.789621442304,295.2552458071583,1,W
202231,295.76028414092,295.7201410741405,1,W
202232,296.229194672713,295.23306920450074,1,W
202233,295.436074143745,294.3494196865599,1,W
202234,296.307577606327,293.29244552437865,1,W
202235,297.273680294178,292.39778722343146,1,W
202236,290.787621891769,291.4899593734321,1,W
202237,288.786679676228,289.3655136417283,1,W
202238,291.686540142334,288.20361840348255,1,W
202239,288.90654399052,287.38180837505143,1,W
202240,288.732296223413,286.1441563581743,1,W
202241,287.904456187407,283.8049188904726,1,W
202242,278.829497572944,281.97238808084694,1,W
202243,279.473482450673,279.3017546686014,1,W
202244,274.557330627991,278.56037756094986,1,W
202245,272.2927451531,275.66801167160355,1,W
202246,275.074268202453,275.1767346923597,1,W
202247,272.899819091193,275.33451869438494,1,W
202248,272.390294848906,273.0580603738947,1,W
202249,270.874082157756,272.2461104042629,1,W
202250,267.60055015104,271.41294180975825,1,W
202251,275.328292391283,271.6891806705999,1,W
202252,272.621626822753,273.6037630844481,1,W
202301,275.660864120388,273.26348250111,1,W
202302,271.88201155659,273.5241288153951,1,W
202303,271.428089720621,272.8295457044143,1,W
202304,269.680551039865,272.5946146502831,1,W
202305,274.367429645414,273.3967662427558,1,W
202306,272.387489062937,274.7632317109457,1,W
202307,270.593639263407,274.1851025253595,1,W
202308,271.944193648729,274.17286975069476,1,W
202309,272.145097845376,274.4698431960913,1,W
202310,275.006241456139,275.85923433013255,1,W
202311,274.4604592759,277.7602982414157,1,W
202312,273.771816107833,276.8470267993216,1,W
202313,275.28950986393,278.43717091248647,1,W
202314,281.250420551256,279.44923170409044,1,W
202315,278.407529911162,281.6921465390842,1,W
202316,283.354728953138,281.8967546436515,1,W
202317,285.063129960375,283.5758033392003,1,W
202318,284.315856620591,284.068635075034,1,W
202319,289.445650597295,285.68997153161604,1,W
202320,288.498328937243,287.7159108154404,1,W
202321,288.27953897435,288.66881949824807,1,W
202322,290.08763287364,288.71010582180566,1,W
202323,288.629572487172,290.25251604788457,1,W
202324,288.354068221536,291.2769703198719,1,W
202325,292.318331159644,292.09946112615427,1,W
202326,294.021031024733,293.63238625966824,1,W
202327,295.480811374304,293.60311934062304,1,W
202328,297.318578781185,294.33705174182796,1,W
202329,297.072348995965,295.5014973654733,1,W
202330,295.109225927662,295.10780294417646,1,W
202331,293.665723795932,295.39182118137325,1,W
202332,296.757290610847,294.25469170358116,1,W
202333,293.371232222696,294.36468271011586,1,W
202334,294.231710480222,293.53592759048905,1,W
202335,291.482036655569,292.06108871158415,1,W
202336,291.435578187995,290.9835707340483,1,W
202337,288.72659622535,289.6358826751021,1,W
202338,288.358159178641,287.4740393904616,1,W
202339,285.96465298437,286.39135009866067,1,W
202340,285.736589899795,284.5346727389806,1,W
202341,288.837446252862,283.4335323799942,1,W
202342,280.174066282469,282.57205648876436,1,W
202343,279.616430735217,279.42347465572936,1,W
202344,280.005551046557,279.2351129994693,1,W
202345,281.029149994855,277.3420028754415,1,W
202346,275.912255913236,276.21580619201876,1,W
202347,273.727377700952,275.2205360656726,1,W
202348,277.18474597127,274.1341404439054,1,W
202349,275.457346234876,273.490998433223,1,W
202350,277.780330621466,274.265021495295,1,W
202351,274.79455913687,273.5870982582883,1,W
202352,273.433548618442,273.66681167096607,1,W
202401,267.321652982627,272.535399402614,1,W
202402,271.071044297861,271.4535659341965,1,W
202403,276.575680439908,274.71743980487804,1,W
202404,278.293097697132,275.6603634593687,1,W
202405,273.562309550477,274.7988497935578,1,W
202406,273.615560434267,274.0622723420509,1,W
202407,277.546006350672,274.94072716925086,1,W
202408,275.204994398606,276.36670393764064,1,W
202409,274.157002780661,275.45188505691584,1,W
202410,277.676241547876,276.118331068207,1,W
202411,280.17263087432,277.2617595644883,1,W
202412,276.171572080337,278.6329803876815,1,W
202413,279.022822922392,279.18355715110005,1,W
202414,282.258754616765,279.8366951220901,1,W
202415,280.98109202864,281.39647502961947,1,W
202416,283.000227578129,282.1906263026658,1,W
202417,281.012524272638,283.949127976134,1,W
202418,283.117263738331,283.7346911970011,1,W
202419,287.405614909341,285.72764779284125,1,W
202420,283.452979058605,286.6901949214419,1,W
202421,288.378948499148,286.5070226174419,1,W
202422,291.708904896818,289.55477832453215,1,W
202423,292.169880136956,290.3823985118285,1,W
202424,290.855660722,291.5646635248125,1,W
202425,293.942960779347,292.76231171498625,1,W
202426,294.28736609972,293.70538651232465,1,W
202427,298.995148363173,294.74665534158635,1,W
202428,297.288150633384,295.75298886080657,1,W
202429,296.595638681637,295.70212278758436,1,W
202430,297.083789935371,295.9794260492268,1,W
202431,295.682079853048,295.9286637944981,1,W
202432,294.063020343524,294.6805116889599,1,W
202433,292.971537576914,294.50793689806324,1,W
202434,293.439576054533,293.59236480069484,1,W
202435,295.587509752711,292.5143966029782,1,W
202436,291.457304240227,291.5787543322304,1,W
202437,288.056336683087,288.8912339701727,1,W
202438,292.618077796909,287.3961228784457,1,W
202439,290.229164108869,286.8485617356878,1,W
202440,290.35300970383,284.6863476562538,1,W
202441,285.237937795728,284.1818074119887,1,W
202442,284.407333123863,282.5820426261724,1,W
202443,278.638879041456,280.89946114687626,1,W
202444,277.398462908948,278.36631026158756,1,W
202445,277.553912817539,276.9925812429589,1,W
202446,276.248781539649,275.7583370251802,1,W
202447,273.976640338216,274.57010212455185,1,W
202448,277.46350308135,273.6548181399118,1,W
202449,274.070857953631,274.24670288629363,1,W
202450,277.133388857467,272.65581155192746,1,W
202451,275.926780539884,273.83113640132825,1,W
202106,270.4621501243,281.0573509828184,1,SW
202107,281.039430294994,281.30324288059956,1,SW
202108,283.007521209698,283.9627347373662,1,SW
202109,285.977998926021,285.05357461388877,1,SW
202110,284.900619338199,286.41052401149267,1,SW
202111,284.618786110534,286.2226632816314,1,SW
202112,286.773113748458,287.7507276751451,1,SW
202113,290.831856411668,289.4124542710788,1,SW
202114,290.209619090653,290.53043934252184,1,SW
202115,285.37120592675,290.2483119186003,1,SW
202116,290.948494210841,290.86559822991035,1,SW
202117,292.356870024666,292.89185998841305,1,SW
202118,292.425547534682,294.01706767577855,1,SW
202119,293.722544557193,294.62619747554197,1,SW
202120,294.956616688522,295.7935300586637,1,SW
202121,294.810732201191,297.413606547053,1,SW
202122,298.165073383449,297.90181021200516,1,SW
202123,301.504574010518,299.26641425779144,1,SW
202124,300.910265671138,300.15256702084054,1,SW
202125,297.894582754229,300.3470669146303,1,SW
202126,298.8791385487,300.0102294990222,1,SW
202127,299.529833161177,300.81814243794304,1,SW
202128,299.048090498019,300.9421229583797,1,SW
202129,299.702571602123,300.832909585975,1,SW
202130,299.210431376384,301.17113075193623,1,SW
202131,300.417812209274,301.03464700207536,1,SW
202132,298.268810424206,300.94217649195514,1,SW
202133,300.207416355007,300.09231510908563,1,SW
202134,299.629115046505,299.76711832058425,1,SW
202135,299.80150030942,298.6884948247354,1,SW
202136,299.148720626397,297.8929768049545,1,SW
202137,297.381631646226,297.2002337109536,1,SW
202138,295.067454607204,295.8219090905319,1,SW
202139,294.08946080081,293.88089536737647,1,SW
202140,292.651166381254,292.41789520609643,1,SW
202141,289.965039951781,290.8687551959946,1,SW
202142,291.665525103653,289.154699418899,1,SW
202143,287.784853320917,287.84014697736825,1,SW
202144,288.657828097147,286.71035917625613,1,SW
202145,287.668596199458,285.7855963295176,1,SW
202146,285.310600948511,284.57563824957776,1,SW
202147,285.662293582506,283.3295832519586,1,SW
202148,286.000682201451,283.26483887025205,1,SW
202149,284.241296449205,281.82147911703106,1,SW
202150,282.152189792322,280.9987273567725,1,SW
202151,285.516354535692,280.7244377082351,1,SW
202152,278.390920106289,279.2727100248609,1,SW
202201,281.861620692645,279.9070476940568,1,SW
202202,279.107542323979,280.32934208301145,1,SW
202203,278.163493692862,280.0673595063995,1,SW
202204,278.0502663996,280.1835358356179,1,SW
202205,280.179207698158,280.8822040839392,1,SW
202206,281.755856691902,281.93898197288047,1,SW
202207,279.594387757909,282.8800048869199,1,SW
202208,283.876023539565,283.216589577038,1,SW
202209,280.564946038488,285.0872114226689,1,SW
202210,284.524086986608,284.4707419913418,1,SW
202211,285.683219803087,287.0831565174231,1,SW
202212,289.333564646472,287.5871766765268,1,SW
202213,289.518741692833,288.7411941165006,1,SW
202214,290.630745633236,290.12509879339524,1,SW
202215,292.925241102075,290.7713200769606,1,SW
202216,291.432044185622,292.5073084828328,1,SW
202217,293.266017489169,293.2025128899966,1,SW
202218,296.898949422692,293.9812264587457,1,SW
202219,298.789806198331,295.47211026874356,1,SW
202220,293.676880319494,296.7937381321778,1,SW
202221,297.343310869739,296.9427218950631,1,SW
202222,299.773756158082,298.21917812399084,1,SW
202223,302.23128195568,298.9891281914349,1,SW
202224,300.245248445945,299.66759990245555,1,SW
202225,299.442515184432,300.04574958267375,1,SW
202226,301.429354085111,300.56504757087873,1,SW
202227,302.967870250452,301.1179245223449,1,SW
202228,303.440443450512,301.55751306061035,1,SW
202229,301.329203712889,301.5854207165944,1,SW
202230,301.380108785985,300.95270990952355,1,SW
202231,300.71516729294,301.10835869266265,1,SW
202232,299.600847085032,300.6056450866706,1,SW
202233,297.721633327682,300.1687348424834,1,SW
202234,299.113396768013,299.11521937252814,1,SW
202235,299.098507458902,298.57577706796803,1,SW
202236,296.552353807163,297.6533492726801,1,SW
202237,298.476913107031,295.97251208169166,1,SW
202238,296.709219472204,295.17689682927306,1,SW
202239,293.714328926948,293.9035329022475,1,SW
202240,292.67511853666,292.2717170005392,1,SW
202241,290.091795783859,291.2207645976898,1,SW
202242,288.470584325261,288.82883566295754,1,SW
202243,287.795060187128,287.5011146888367,1,SW
202244,287.532905517397,286.5951904546333,1,SW
202245,278.542395632947,284.65997943885577,1,SW
202246,279.81053060251,282.16887309826257,1,SW
202247,281.839074666494,282.50188296465274,1,SW
202248,285.047170327503,281.75355781152854,1,SW
202249,281.029226490942,280.9605436673496,1,SW
202250,276.174723149831,279.51674479304967,1,SW
202251,279.587491728679,278.77867226209025,1,SW
202252,282.616151958581,280.1989506891827,1,SW
202301,283.003281835267,279.4425539131289,1,SW
202302,281.396831544831,279.7087526316184,1,SW
202303,276.942203761592,279.57534585810674,1,SW
202304,276.568170060277,279.5691968245509,1,SW
202305,280.780198815838,280.5171068429383,1,SW
202306,279.559758500077,281.57467930288465,1,SW
202307,283.752338397826,281.821498396132,1,SW
202308,284.171631580726,282.9296940698557,1,SW
202309,287.039926714439,284.1056813500803,1,SW
202310,283.363770134915,284.78743529709044,1,SW
202311,284.245866578757,286.74614614387883,1,SW
202312,285.3605765881,286.62283183263406,1,SW
202313,287.154725368243,287.8702020674936,1,SW
202314,291.246022674919,289.2728521771173,1,SW
202315,290.186022135433,290.51619791875385,1,SW
202316,288.329309302256,291.54711195753845,1,SW
202317,292.939311055721,291.8700652992701,1,SW
202318,294.63927907355,293.06199574573276,1,SW
202319,293.700167123514,294.7365664319969,1,SW
202320,294.802187336812,295.3850219215586,1,SW
202321,295.488397311012,296.42553572249113,1,SW
202322,296.333625902478,296.9679481452229,1,SW
202323,297.991643842217,297.15948091210436,1,SW
202324,300.974676469934,298.5203630883499,1,SW
202325,302.026867859611,299.38812776669243,1,SW
202326,301.101384767837,300.1990233845898,1,SW
202327,302.675503944801,300.44378553846155,1,SW
202328,303.436566019388,300.60573312891705,1,SW
202329,303.372221428061,301.2463791171502,1,SW
202330,303.322547160518,301.29720289566797,1,SW
202331,302.509674999625,301.0274013791409,1,SW
202332,301.838210457237,300.5273382895298,1,SW
202333,301.904767301315,300.13473994653555,1,SW
202334,300.880153050965,299.634057379219,1,SW
202335,301.503928811821,298.70269378752613,1,SW
202336,296.894332015237,297.45884438495995,1,SW
202337,297.970799337908,296.224842088956,1,SW
202338,298.534833728138,295.0440535061117,1,SW
202339,294.532832119612,293.8113342017827,1,SW
202340,292.618355092521,291.9794505866084,1,SW
202341,293.273480408827,289.9342071688143,1,SW
202342,292.775465767281,289.4987348163005,1,SW
202343,284.08663311972,286.9475403172069,1,SW
202344,289.01819763157,285.9131645321963,1,SW
202345,287.1797051433,285.22242789736856,1,SW
202346,283.164649897282,284.07872811268953,1,SW
202347,281.024067462577,282.0338216074876,1,SW
202348,284.212257936128,281.1059318815762,1,SW
202349,281.477016837386,281.5170878404712,1,SW
202350,284.141437758153,280.43219071293504,1,SW
202351,279.646414860305,280.86798983736344,1,SW
202352,278.265626011796,279.44692026746054,1,SW
202401,276.692471551267,278.5650731107483,1,SW
202402,274.826380655555,277.9275310493848,1,SW
202403,280.459772478781,280.4307320538222,1,SW
202404,284.440328798457,281.52231171893106,1,SW
202405,281.790834644382,281.56851649577857,1,SW
202406,280.885321631482,281.1107748513466,1,SW
202407,286.588738627731,281.6756941966451,1,SW
202408,285.90528329965,284.31753508635205,1,SW
202409,285.343393133677,285.5900314969884,1,SW
202410,286.308909339187,285.30330941044826,1,SW
202411,285.917358627764,286.0235768600239,1,SW
202412,285.697508884136,287.20923471431894,1,SW
202413,287.919022563721,287.76385253078143,1,SW
202414,289.859621980637,289.18556870091027,1,SW
202415,291.267579149063,290.9152878550966,1,SW
202416,291.928861594514,291.4786641359466,1,SW
202417,293.828664539222,292.8461181880942,1,SW
202418,293.076387782839,293.7628382001778,1,SW
202419,295.619010479192,294.53259819976034,1,SW
202420,296.950917814601,295.7354059012468,1,SW
202421,298.12592604796,297.0923440393736,1,SW
202422,300.505115329664,298.0532161898606,1,SW
202423,300.138128043021,298.97503292693494,1,SW
202424,299.644647770812,299.68908866041954,1,SW
202425,302.049823002404,300.13932718112557,1,SW
202426,301.568351770642,300.64761272756454,1,SW
202427,301.106279568345,301.2126776174063,1,SW
202428,300.878308018335,301.26276606319084,1,SW
202429,299.570504737639,301.0519351556848,1,SW
202430,302.175809092655,301.19387522427996,1,SW
202431,301.452171664801,301.17759384087566,1,SW
202432,302.161208617007,300.849099611015,1,SW
202433,302.244399610014,300.51334360007803,1,SW
202434,299.336048999664,299.8022647396672,1,SW
202435,297.287238480422,298.8180659186945,1,SW
202436,298.191902267548,297.813514459246,1,SW
202437,297.872472573586,296.53174907919083,1,SW
202438,297.294474385447,295.13697613872046,1,SW
202439,298.103825740138,294.00651433795485,1,SW
202440,297.531411646997,292.5685717894858,1,SW
202441,291.522565451368,291.23474602720864,1,SW
202442,294.20232627918,289.724999658143,1,SW
202443,291.2950095744,288.525215019058,1,SW
202444,285.65455841096,286.42840033002017,1,SW
202445,287.463857692553,284.77954688457345,1,SW
202446,285.625478446497,284.25733701325413,1,SW
202447,283.075727478712,282.8637912016797,1,SW
202448,282.488258949995,281.49492874681226,1,SW
202449,282.326697284676,281.3964499530642,1,SW
202450,284.248534715438,280.61808956996384,1,SW
202451,284.709905782704,280.9529435822948,1,SW
202106,257.059954741288,266.5153172637431,1,MW
202107,271.789734756134,268.6715439248006,1,MW
202108,274.983903882557,274.07312412587316,1,MW
202109,279.70158074799,275.60943088292055,1,MW
202110,276.256879543493,277.49630005533703,1,MW
202111,279.755941135808,278.18890779315416,1,MW
202112,278.011956803135,279.6323734242186,1,MW
202113,285.14381850294,280.8107624898457,1,MW
202114,280.312637432139,283.65906432998884,1,MW
202115,277.782628498586,281.59586514466116,1,MW
202116,283.661245757074,283.06552984036796,1,MW
202117,286.055764007103,284.96951418056716,1,MW
202118,282.88232735299,287.1294743668264,1,MW
202119,290.10917375909,288.3325915254956,1,MW
202120,291.702958792403,291.282756824075,1,MW
202121,288.477187342203,291.9131348299078,1,MW
202122,297.38995602213,293.64744369151265,1,MW
202123,296.734385426813,295.2664958043526,1,MW
202124,294.707121389474,296.4975533610873,1,MW
202125,295.728312466766,295.0361668936676,1,MW
202126,296.522921115767,296.37481612044434,1,MW
202127,295.584904262292,297.23202285650456,1,MW
202128,296.813685724758,297.67767656320643,1,MW
202129,299.411820233671,297.81354095937115,1,MW
202130,295.762772795343,298.0109995686825,1,MW
202131,297.971528802183,296.71063836468954,1,MW
202132,297.052398547884,297.3720461068465,1,MW
202133,296.940001042599,296.52973374537976,1,MW
202134,295.687207465613,295.3158752674962,1,MW
202135,293.339054980414,293.93814667293236,1,MW
202136,294.013617648428,293.01673186907533,1,MW
202137,291.921449263696,292.04254359348505,1,MW
202138,291.989906066984,291.04371208646336,1,MW
202139,291.724195130118,289.5692248606734,1,MW
202140,289.554778616906,287.576705802522,1,MW
202141,284.842765383981,285.3279537990824,1,MW
202142,281.66920349937,283.76553614924313,1,MW
202143,278.879553662564,281.8076111537231,1,MW
202144,282.077107773311,277.8825502403708,1,MW
202145,276.459008788986,277.36539645681694,1,MW
202146,275.002668544986,274.71492227543024,1,MW
202147,277.127152695715,273.5042144263259,1,MW
202148,272.87139000968,273.5719551094688,1,MW
202149,276.246264862599,271.13636547410107,1,MW
202150,270.217591863581,272.0324012990402,1,MW
202151,271.288897610288,269.305358272118,1,MW
202152,262.914462614701,267.12429765187017,1,MW
202201,268.621967501422,266.8988098674811,1,MW
202202,266.001844027002,268.772736463966,1,MW
202203,265.074262341831,266.7417493049782,1,MW
202204,266.355163783113,267.02747989051494,1,MW
202205,270.917862375012,268.0298317095774,1,MW
202206,267.33952925039,270.52229916191436,1,MW
202207,265.713982292749,270.3542664647475,1,MW
202208,273.481536058809,268.7904145684805,1,MW
202209,270.630951561778,274.56860118731873,1,MW
202210,276.761156554436,272.0178445843805,1,MW
202211,279.026872313704,278.54729990538476,1,MW
202212,274.71013049696,279.3124954679974,1,MW
202213,278.292270621176,279.4872746997138,1,MW
202214,279.47478105946,282.4035350693856,1,MW
202215,278.721054556165,281.3463716036203,1,MW
202216,282.517858027932,284.71559817012115,1,MW
202217,283.063673548364,285.63892286916484,1,MW
202218,291.011071908262,287.65162366843964,1,MW
202219,290.282106109725,289.93705595077165,1,MW
202220,286.189962770989,289.8343427142428,1,MW
202221,291.650867859715,291.28536641342856,1,MW
202222,291.240711239862,292.7202870306477,1,MW
202223,295.969217274807,293.6254578968867,1,MW
202224,297.067843464524,295.56344865751663,1,MW
202225,294.944012240095,296.1541685019801,1,MW
202226,296.852682048341,295.9106465845743,1,MW
202227,296.998886397008,296.989115901489,1,MW
202228,299.047127747863,297.6561477319991,1,MW
202229,296.000234751485,297.62829759642676,1,MW
202230,297.716596324456,296.0400962352759,1,MW
202231,296.531208905418,297.26993751677077,1,MW
202232,295.542108609253,296.56268216515986,1,MW
202233,295.868015962854,295.7833625446538,1,MW
202234,296.834617731692,294.57729225800114,1,MW
202235,294.948450677422,294.75076283211115,1,MW
202236,292.464210622331,294.08332554919923,1,MW
202237,292.670133701724,290.95729029049863,1,MW
202238,288.063038288497,290.0037281467344,1,MW
202239,287.878969064408,288.1600942247621,1,MW
202240,284.957024000162,285.53583365413687,1,MW
202241,280.364549799586,283.3629920700268,1,MW
202242,284.442994540295,280.78737912162916,1,MW
202243,285.252452416067,279.97794702228964,1,MW
202244,279.779000179651,279.20055417412885,1,MW
202245,269.934699142046,274.64692697597087,1,MW
202246,273.481640577348,270.96162234231304,1,MW
202247,273.758844556811,274.06771183726124,1,MW
202248,271.147287719127,271.1007116050436,1,MW
202249,272.60367023517,270.3010210768603,1,MW
202250,261.649540683486,267.20104190768353,1,MW
202251,267.800101427278,264.1119128469377,1,MW
202252,271.645217473761,269.2467099949846,1,MW
202301,271.596971956057,269.0767044200002,1,MW
202302,272.395315972813,269.85851750764857,1,MW
202303,268.9977322835,269.12728043246153,1,MW
202304,262.975905404038,266.6542732514736,1,MW
202305,273.611744978576,269.5337678814417,1,MW
202306,273.241518017279,272.18633448782884,1,MW
202307,269.320341292115,271.62965804841633,1,MW
202308,274.601905338591,270.5125290958239,1,MW
202309,273.565941090786,274.3699231867301,1,MW
202310,271.374296189302,271.95658594902983,1,MW
202311,274.584484923814,275.73196995684185,1,MW
202312,275.217342219467,277.0761412175273,1,MW
202313,278.555369481686,277.20490247344765,1,MW
202314,287.477745584941,280.22691539710155,1,MW
202315,280.411147878858,284.38983052929126,1,MW
202316,280.565437658636,282.9717690495217,1,MW
202317,284.186521439509,284.9261364753598,1,MW
202318,290.623470622563,286.6984752223681,1,MW
202319,288.24560394087,289.41629209078866,1,MW
202320,291.34615794719,290.1585002707839,1,MW
202321,294.961252150314,292.21884877177433,1,MW
202322,294.360340341657,293.8435365899526,1,MW
202323,291.712061219651,293.70896686539123,1,MW
202324,295.847475705234,293.99698621241413,1,MW
202325,295.764553539227,294.7738348842433,1,MW
202326,295.037808957262,295.8125412904626,1,MW
202327,295.625138405744,295.352176406716,1,MW
202328,295.464459101056,295.6891422243973,1,MW
202329,299.358935302902,295.9074982676934,1,MW
202330,297.469511373933,296.33468577205343,1,MW
202331,295.49258306472,296.3027752043523,1,MW
202332,294.822790361431,295.79841232644037,1,MW
202333,298.399396596281,295.0936813599221,1,MW
202334,295.269801131639,294.03894749894664,1,MW
202335,295.644637076744,293.1109104195072,1,MW
202336,290.850103916353,292.28266853086285,1,MW
202337,292.583714052845,290.5412183338959,1,MW
202338,292.348702900601,289.49031539642675,1,MW
202339,290.55657853104,288.12545230823713,1,MW
202340,284.372003611177,285.1201769384412,1,MW
202341,285.08712224363,283.1474958105144,1,MW
202342,283.623032975188,282.48605227530027,1,MW
202343,275.603793599091,277.73967277343854,1,MW
202344,280.65351294179,276.2363220381287,1,MW
202345,281.382817614821,276.90116639609175,1,MW
202346,275.086518856225,275.3852707870421,1,MW
202347,272.385979240762,272.30893310413063,1,MW
202348,276.276839839332,271.1495552236527,1,MW
202349,274.099916456209,272.10281323901404,1,MW
202350,275.148674457563,270.8803461554524,1,MW
202351,274.193454773682,271.4186193109613,1,MW
202352,270.380982052161,270.05102998370285,1,MW
202401,264.408409680899,267.8373490477457,1,MW
202402,259.229529885149,264.0710248545256,1,MW
202403,273.122807206908,266.0357881768665,1,MW
202404,276.17978956934,270.05215101832715,1,MW
202405,276.034635117307,271.57997563295135,1,MW
202406,271.395162527301,271.9132752664679,1,MW
202407,277.261811589675,270.46987244333803,1,MW
202408,276.95760752715,273.8888115065773,1,MW
202409,276.889611296595,274.83208307200584,1,MW
202410,280.67635173508,276.0704630839074,1,MW
202411,273.615560230885,275.4280887625921,1,MW
202412,276.36914251692,275.02282270529736,1,MW
202413,279.605071224621,278.1446873271913,1,MW
202414,284.929455951627,281.64150708327514,1,MW
202415,282.88002833496,283.53587167835883,1,MW
202416,284.828842746512,283.37836342742435,1,MW
202417,286.315507621397,285.94313760499807,1,MW
202418,288.590579361767,287.16163133690117,1,MW
202419,290.34513995132,288.9432481302084,1,MW
202420,290.490748334352,290.115767471143,1,MW
202421,290.563148149302,290.7048144747413,1,MW
202422,293.012919104426,292.3586226022866,1,MW
202423,294.428188188087,294.00809034275466,1,MW
202424,295.51393140271,294.3199894287234,1,MW
202425,295.473066937574,295.404741843019,1,MW
202426,294.509969343251,295.43543548907354,1,MW
202427,297.504641130288,295.949691700131,1,MW
202428,295.989379822555,297.2335418288693,1,MW
202429,297.13361027233,296.3389645892362,1,MW
202430,299.332887701666,297.6605722289668,1,MW
202431,293.759645619055,296.88608640266716,1,MW
202432,295.905900293759,295.23858373705923,1,MW
202433,295.606539945229,295.2686331790052,1,MW
202434,296.846508572727,295.4207366179093,1,MW
202435,292.472457777946,293.7861929488324,1,MW
202436,295.308726962687,292.47150837023094,1,MW
202437,295.653305683521,292.2249425355031,1,MW
202438,292.752033600339,290.1119361419463,1,MW
202439,290.303153351359,289.3567021187443,1,MW
202440,288.95523611653,287.005861244808,1,MW
202441,284.469421854044,285.1518809350299,1,MW
202442,286.202271536057,283.9060067165954,1,MW
202443,284.608914088223,280.7799829757739,1,MW
202444,282.056448710674,278.34329797446156,1,MW
202445,280.404929811729,276.58916150317503,1,MW
202446,277.496023872442,276.2547746484429,1,MW
202447,270.099486992679,272.5290078177829,1,MW
202448,270.831399406917,268.4044395084296,1,MW
202449,269.946680118872,270.04178943036254,1,MW
202450,270.889845582287,268.3530438760643,1,MW
202451,275.264743189278,268.8397677866659,1,MW
202106,275.13158524659,280.06001095466615,1,SE
202107,280.522217822823,280.2387605897343,1,SE
202108,285.4817210766,284.06479849474573,1,SE
202109,284.313503280819,286.4172394157327,1,SE
202110,288.77694747333,287.2131887021968,1,SE
202111,286.384136905967,287.5462914508702,1,SE
202112,289.101144470426,289.3739555002705,1,SE
202113,287.663326418227,289.145770469248,1,SE
202114,291.042134922163,291.1353425565652,1,SE
202115,286.985627275238,289.03710344479043,1,SE
202116,291.239294520871,289.44356161060006,1,SE
202117,293.318944530085,293.1050900066916,1,SE
202118,290.321143562282,294.0712423566673,1,SE
202119,293.078205720362,293.85639976807886,1,SE
202120,296.942452059149,296.7372598313774,1,SE
202121,294.007895692238,298.5276984521789,1,SE
202122,297.668879584762,297.93510711368026,1,SE
202123,298.454777609614,300.34188698764854,1,SE
202124,297.634363676465,299.66499385525043,1,SE
202125,298.818817516257,300.00417052644764,1,SE
202126,298.1232478066,299.8505568454228,1,SE
202127,298.939345237609,300.3530082494602,1,SE
202128,298.836716901805,300.7521928443383,1,SE
202129,300.671452271307,300.69732629458656,1,SE
202130,298.945488548269,300.67119390748087,1,SE
202131,299.995228450085,300.0267067988957,1,SE
202132,299.519902591565,301.12952308434757,1,SE
202133,300.475683874595,300.5640219822852,1,SE
202134,299.16574900349,299.4032653509473,1,SE
202135,297.40420413061,298.46064872611663,1,SE
202136,297.115393313671,297.4593872299969,1,SE
202137,296.481938011282,297.28512518571466,1,SE
202138,294.770112942935,295.737014243709,1,SE
202139,295.72360784688,294.5100770589196,1,SE
202140,295.550993931901,293.68111856916653,1,SE
202141,291.702819299647,292.4126226214621,1,SE
202142,290.970116882204,290.4353267421587,1,SE
202143,285.893063343634,289.15607368088,1,SE
202144,286.141425072688,286.04684286003817,1,SE
202145,285.922650909445,286.74140475635267,1,SE
202146,282.71696414296,284.3926788004759,1,SE
202147,282.738898937971,283.6749835887551,1,SE
202148,285.430954430297,283.3534776728107,1,SE
202149,286.166142998415,283.5090390095925,1,SE
202150,282.884977550189,284.81234046370315,1,SE
202151,289.562663800112,281.2737005700011,1,SE
202152,281.332200280568,281.05687309078746,1,SE
202201,279.662229090195,280.4349700181938,1,SE
202202,277.389469534046,279.85376507085334,1,SE
202203,276.21220912116,279.35767996558025,1,SE
202204,279.462594400143,279.95076278181216,1,SE
202205,279.422206622717,281.0396846035341,1,SE
202206,282.168978938318,282.0099129859894,1,SE
202207,284.049489995372,282.48573286272295,1,SE
202208,284.187392397481,283.0412100557475,1,SE
202209,286.940136736644,285.34560343368145,1,SE
202210,284.459664246724,284.1707099038067,1,SE
202211,287.623204969691,286.9715683485818,1,SE
202212,286.135740734816,287.3381773388673,1,SE
202213,288.068300760161,287.8395619015787,1,SE
202214,289.247041943675,289.00411806599413,1,SE
202215,289.156375650858,290.59232465353443,1,SE
202216,291.962255929109,291.9019547046823,1,SE
202217,294.369133095865,292.81286707294794,1,SE
202218,293.341295824796,294.19264308977984,1,SE
202219,296.946014378474,296.56345843251574,1,SE
202220,295.337583608183,296.1043971746561,1,SE
202221,297.586289170477,296.30643821232013,1,SE
202222,297.415801427348,297.5563805244118,1,SE
202223,300.606252639178,297.4582908512266,1,SE
202224,300.183306336245,299.64127271731866,1,SE
202225,299.488226858596,300.00324686723695,1,SE
202226,301.035471236671,299.92031776109474,1,SE
202227,300.058874748954,300.54879727677553,1,SE
202228,300.917528645297,300.81197771782155,1,SE
202229,301.264781147975,301.12551483104266,1,SE
202230,300.23313938519,300.68338929377654,1,SE
202231,299.767417277524,301.3761002973168,1,SE
202232,298.436196736376,300.3549138695934,1,SE
202233,298.555447371609,299.23948228361456,1,SE
202234,299.493014295947,298.686059532407,1,SE
202235,298.012060120307,298.743326240427,1,SE
202236,296.399984624661,297.79755863936816,1,SE
202237,298.091063754394,296.24864820646076,1,SE
202238,292.988821195765,295.61364078685983,1,SE
202239,291.759439696198,293.5287154964875,1,SE
202240,291.94056434832,291.68577320189615,1,SE
202241,287.868807070964,290.81086244121985,1,SE
202242,290.077654720096,288.4395488758045,1,SE
202243,290.991232491371,289.6809261724532,1,SE
202244,292.019154875302,289.1547810400808,1,SE
202245,280.906034218035,287.2114701576702,1,SE
202246,282.592158286888,281.10940848880426,1,SE
202247,284.968262167003,283.56214238166655,1,SE
202248,287.491694818062,283.23687041072367,1,SE
202249,283.786576191051,282.67113021485545,1,SE
202250,277.259449555413,279.8705815823605,1,SE
202251,277.41508300136,277.11256555630854,1,SE
202252,286.604522774025,281.1604977275297,1,SE
202301,282.190236907496,280.89546921699514,1,SE
202302,283.19409118231,280.4122527776582,1,SE
202303,280.003816503795,280.4125286860849,1,SE
202304,280.515344846578,279.47266571903765,1,SE
202305,284.673759572369,281.306950285307,1,SE
202306,284.00000050099,283.38655295989065,1,SE
202307,288.18998634381,283.50039521892904,1,SE
202308,289.659396332076,284.8542806131558,1,SE
202309,286.987351040434,285.58258824432204,1,SE
202310,282.233079603767,282.9368465757634,1,SE
202311,285.449944994692,284.66856899707454,1,SE
202312,289.270018845512,287.39031551389496,1,SE
202313,290.740440048078,287.2498160455337,1,SE
202314,289.799882177033,289.9827043431842,1,SE
202315,291.12992073446,291.50771627614654,1,SE
202316,289.018787631998,290.75975846952684,1,SE
202317,289.832167796585,290.4385970354508,1,SE
202318,295.377862159275,292.44393472194815,1,SE
202319,295.436435095271,294.2691128134174,1,SE
202320,293.487233905597,295.48254125667916,1,SE
202321,295.546191987705,296.9693556768397,1,SE
202322,296.416516009778,297.5803681103076,1,SE
202323,297.143382368463,296.9242785259593,1,SE
202324,297.529601369868,298.0041566409867,1,SE
202325,300.234123712665,299.15081065239514,1,SE
202326,300.412965958186,299.04542819676544,1,SE
202327,299.923850505454,299.16727305458835,1,SE
202328,300.577021108579,299.6758054652619,1,SE
202329,301.020876135539,299.53805698970547,1,SE
202330,300.636771052853,300.53836815469583,1,SE
202331,300.868272182131,300.0212624528981,1,SE
202332,300.275822318796,299.43046469642326,1,SE
202333,302.271130168334,299.3877592472235,1,SE
202334,298.808929230021,298.8337451759061,1,SE
202335,299.714613762846,298.4286032662181,1,SE
202336,297.423669304138,297.3642425299903,1,SE
202337,296.16260194654,295.6258852068279,1,SE
202338,296.418002666028,295.35282205426915,1,SE
202339,295.560962529442,294.1150819167979,1,SE
202340,291.279715506181,292.4661359471347,1,SE
202341,288.988423817266,289.49731881839705,1,SE
202342,293.127684334765,289.3442185202171,1,SE
202343,286.214393760032,288.4178799251667,1,SE
202344,290.515537475326,285.74842806900745,1,SE
202345,287.729283917905,286.1358097281554,1,SE
202346,284.899851752994,285.2471703473643,1,SE
202347,282.316359630188,282.8730683845693,1,SE
202348,284.469114328663,281.98155837247964,1,SE
202349,282.257875622858,281.86660262949135,1,SE
202350,281.285209290975,281.2455182863845,1,SE
202351,282.276449737206,281.832866415854,1,SE
202352,278.614889445522,279.1975290492213,1,SE
202401,279.981340532672,279.2801830049672,1,SE
202402,272.569077739208,277.4271179295263,1,SE
202403,284.31827083892,278.1227329078431,1,SE
202404,281.721344488372,282.0110541587574,1,SE
202405,284.07455376308,281.7438236007219,1,SE
202406,282.004555495853,282.40085528660563,1,SE
202407,283.482564171235,279.9650353519595,1,SE
202408,285.964147903738,284.3591750507828,1,SE
202409,288.3208887582,287.56228420721646,1,SE
202410,288.562298667994,285.5142836319686,1,SE
202411,284.330792421995,285.2579208019906,1,SE
202412,287.349344485112,286.1404834936756,1,SE
202413,287.903223966338,287.8395326086517,1,SE
202414,290.632114321036,288.7280006999682,1,SE
202415,292.632322336041,290.30520507445004,1,SE
202416,290.535815539612,290.9282281993484,1,SE
202417,295.044711099009,293.4876826080567,1,SE
202418,295.244933292086,293.93895270589013,1,SE
202419,294.960827563009,294.64067051651364,1,SE
202420,297.400612730822,295.8602077731006,1,SE
202421,296.385742289645,297.18289291038457,1,SE
202422,298.157154502911,297.56405349216965,1,SE
202423,298.591537727784,297.88235460346516,1,SE
202424,300.174679053094,299.09863114597346,1,SE
202425,301.263311674638,300.09136119664487,1,SE
202426,300.990221947391,300.45840366578364,1,SE
202427,301.198353127209,300.00893444833855,1,SE
202428,300.257885401567,300.4930212992767,1,SE
202429,299.072173871004,299.89998166653464,1,SE
202430,300.922884881256,300.9082197380146,1,SE
202431,300.297413561495,300.35332626592253,1,SE
202432,300.409534376896,299.28811266769526,1,SE
202433,298.032308398516,300.07028687214387,1,SE
202434,300.926551238613,299.5073903986185,1,SE
202435,296.708873800217,298.5560493629024,1,SE
202436,296.219651392991,297.42363789638154,1,SE
202437,297.835764284395,297.6367031262236,1,SE
202438,296.647594722436,296.3327690942364,1,SE
202439,296.331575793918,294.03108791986233,1,SE
202440,293.146198609214,292.84862738045916,1,SE
202441,288.408729704762,290.93453843410697,1,SE
202442,292.957811961667,290.89439802145193,1,SE
202443,292.810191621085,290.0966381095671,1,SE
202444,293.201446281223,289.48906481264567,1,SE
202445,288.431628927407,286.4899893953365,1,SE
202446,285.754061415599,286.03019341069614,1,SE
202447,283.20111366628,283.28394568417855,1,SE
202448,277.906666008097,280.6978035415726,1,SE
202449,283.380971661445,281.833250493599,1,SE
202450,282.789121331898,281.9357665678757,1,SE
202451,283.868366501519,280.80694041559013,1,SE
202106,264.984156397619,266.20844924964854,1,NE
202107,269.564289926011,269.2222267129259,1,NE
202108,270.432940761353,272.3093282782528,1,NE
202109,271.159398945325,274.03677321668624,1,NE
202110,272.629212317511,275.1774012673225,1,NE
202111,279.055097150751,275.40931752505634,1,NE
202112,279.43644528147,278.11528836060256,1,NE
202113,278.570493384993,277.56218064953714,1,NE
202114,283.444996592143,280.77606605369374,1,NE
202115,278.367440444078,280.3254282539442,1,NE
202116,282.2464191292,280.2927515886796,1,NE
202117,283.173040571024,283.8382763182317,1,NE
202118,281.506759977617,284.57179809226074,1,NE
202119,289.015327023101,286.0352382821663,1,NE
202120,291.298293533031,290.219312009778,1,NE
202121,285.484649431729,290.53922069833754,1,NE
202122,294.647669223768,291.57450798851437,1,NE
202123,290.316227614843,293.74166108529073,1,NE
202124,292.045201699988,292.7350993767303,1,NE
202125,295.908665807429,293.6449703399097,1,NE
202126,292.072529994079,294.6118295585019,1,NE
202127,293.985433314445,294.70346332747937,1,NE
202128,293.943323772729,295.43927798234114,1,NE
202129,293.653568818856,295.6294060447281,1,NE
202130,291.518541492235,294.9467573258799,1,NE
202131,296.221734209487,294.813222913353,1,NE
202132,295.026348819789,295.7736377813552,1,NE
202133,296.608310415598,295.0900570084039,1,NE
202134,293.342830130824,293.50107217467354,1,NE
202135,290.91930175009,292.1018854616058,1,NE
202136,291.229988777272,290.8732243319746,1,NE
202137,291.438667325928,290.65515688950467,1,NE
202138,287.807323106781,289.42166241225027,1,NE
202139,287.949590869986,288.3932104940079,1,NE
202140,289.273503541387,286.95845563574994,1,NE
202141,286.114756855182,285.57526701856875,1,NE
202142,282.179023940165,283.0096843688144,1,NE
202143,280.030759001525,282.579515835234,1,NE
202144,280.006148069102,278.3196962530606,1,NE
202145,277.904806373316,278.4931595865368,1,NE
202146,274.562878166407,274.7210724554007,1,NE
202147,272.697009215,274.4536561368798,1,NE
202148,272.406904782688,272.76592297620743,1,NE
202149,275.822637809786,271.8565964720718,1,NE
202150,271.725755456232,273.0716935485359,1,NE
202151,272.530231851491,269.8648543983763,1,NE
202152,270.285631703717,269.2754993724161,1,NE
202201,266.436010204157,268.1651548568265,1,NE
202202,263.561324924031,268.1486078634197,1,NE
202203,263.314703688283,267.44682362387437,1,NE
202204,265.821942498787,266.77858085121426,1,NE
202205,268.616493118617,268.2080498263631,1,NE
202206,269.119907092537,269.7745167606464,1,NE
202207,270.367520673408,268.81156586634137,1,NE
202208,267.381591835228,270.47467757341724,1,NE
202209,274.480839542553,272.63015069258364,1,NE
202210,275.677364824956,271.6437959788252,1,NE
202211,277.356848676743,275.8144342618815,1,NE
202212,273.383713288328,276.4394090269491,1,NE
202213,277.491865560832,276.73348338053785,1,NE
202214,281.056857067391,279.1925056144777,1,NE
202215,278.047559801492,279.5084819300986,1,NE
202216,280.375963328851,282.1096081951518,1,NE
202217,282.850604584394,284.0764328049676,1,NE
202218,285.844255608218,285.96274481584084,1,NE
202219,288.205509181237,288.49199426512246,1,NE
202220,289.252242446392,287.52096325129395,1,NE
202221,291.025239272953,289.49950776532717,1,NE
202222,289.552280704299,290.5021120060696,1,NE
202223,292.270068677999,290.70153479127276,1,NE
202224,289.476500174039,293.1018172611087,1,NE
202225,293.827992979969,293.6123214635775,1,NE
202226,293.656851498599,293.5795214568838,1,NE
202227,293.643619923471,294.17886683647754,1,NE
202228,296.5210955737,294.8404385114669,1,NE
202229,296.122578515737,295.1167211982739,1,NE
202230,295.683713752388,294.0821648688547,1,NE
202231,295.711640889671,295.3890012671965,1,NE
202232,293.164484825489,294.0531560308454,1,NE
202233,294.81512208981,293.28198364125143,1,NE
202234,293.682547298838,292.0100164339144,1,NE
202235,292.08846135425,292.2456345692226,1,NE
202236,291.333915369299,291.2466003855934,1,NE
202237,288.929571562513,289.56752446239625,1,NE
202238,285.41778968924,287.88735613531014,1,NE
202239,284.694290249616,286.1714059198076,1,NE
202240,283.730053422591,284.44833548546455,1,NE
202241,282.135670634068,282.2524242696264,1,NE
202242,284.968382874387,280.98192353012064,1,NE
202243,284.136655382136,281.72981916540243,1,NE
202244,284.461426874849,280.5835261300375,1,NE
202245,275.563120975709,277.6027071838367,1,NE
202246,272.786476456908,272.7978273549489,1,NE
202247,275.05510505158,274.07059087705727,1,NE
202248,276.026313282222,271.87503438485834,1,NE
202249,270.251126634664,272.00112136778023,1,NE
202250,270.820773891895,270.440162162198,1,NE
202251,269.696001187887,266.53691790329657,1,NE
202252,276.145075190422,270.2424957182069,1,NE
202301,270.570556892165,270.1284458185323,1,NE
202302,270.725675516625,269.08489545920577,1,NE
202303,270.623883716089,269.6219817811363,1,NE
202304,265.342005170457,266.81932151926304,1,NE
202305,272.212067955122,267.87560160602277,1,NE
202306,274.676943229093,271.4362321292475,1,NE
202307,270.97193724589,271.0893673100255,1,NE
202308,271.30505172213,270.6774561820719,1,NE
202309,271.978289538475,273.86211863738987,1,NE
202310,273.510263059382,271.4286142229693,1,NE
202311,274.859866747044,273.375783651894,1,NE
202312,275.966591985521,275.8721368487268,1,NE
202313,277.9192516711,275.42567226613426,1,NE
202314,284.986942819537,279.37764435530187,1,NE
202315,282.492193656848,282.3977140414397,1,NE
202316,280.49688193784,280.88114957817334,1,NE
202317,281.212527859337,283.0927418761844,1,NE
202318,287.305082609705,285.09376787904364,1,NE
202319,284.239460798116,286.805909588593,1,NE
202320,286.372473826573,287.3797675276916,1,NE
202321,291.774865685511,290.1478955347063,1,NE
202322,286.34147391877,292.1181827161623,1,NE
202323,290.086390437906,291.3350651148381,1,NE
202324,291.147472985663,292.1812162137259,1,NE
202325,293.323781777725,293.4837432827963,1,NE
202326,295.889891447498,293.63325340216926,1,NE
202327,295.133770487797,293.2982897568561,1,NE
202328,294.831801555672,294.20524106815327,1,NE
202329,295.73538451736,293.6855125132548,1,NE
202330,291.932452171776,294.51410078106824,1,NE
202331,293.34196704907,293.66604855342933,1,NE
202332,293.20920904091,293.4722992419835,1,NE
202333,292.661516189846,293.1630325291212,1,NE
202334,291.484403403004,292.15578228246136,1,NE
202335,296.220986972103,291.3744398270495,1,NE
202336,290.774468561615,290.50912751537805,1,NE
202337,288.45506165788,289.11616931113963,1,NE
202338,287.479004413289,288.691420603769,1,NE
202339,291.21303695113,287.91651466477356,1,NE
202340,283.308625167789,285.39234000028625,1,NE
202341,283.405714022139,283.20510585628864,1,NE
202342,285.58053710437,281.1293656022863,1,NE
202343,277.726438171173,278.9123005493055,1,NE
202344,278.206042012872,276.88202223498655,1,NE
202345,277.165711844317,277.13019142621346,1,NE
202346,273.613269287712,276.3299839961064,1,NE
202347,273.533588322212,273.1457619134453,1,NE
202348,272.757444098737,272.32236090084774,1,NE
202349,273.982309527289,272.49932060575895,1,NE
202350,273.241611514812,270.8010590078493,1,NE
202351,275.834086676295,271.7076809387558,1,NE
202352,269.688523411662,269.7374771096562,1,NE
202401,272.134459709214,268.6374722923945,1,NE
202402,263.848140321409,266.41902785323293,1,NE
202403,272.432346134652,266.2496833067887,1,NE
202404,270.696594707257,270.3325489745587,1,NE
202405,273.628811402461,270.281447534861,1,NE
202406,269.135510692025,271.5027923468237,1,NE
202407,269.80616322348,267.9312310032277,1,NE
202408,275.160748647266,271.5819486369228,1,NE
202409,277.607825670753,274.6941043960746,1,NE
202410,277.982123726754,274.58901355328834,1,NE
202411,271.294443480173,273.9677582994908,1,NE
202412,275.732365297571,273.6109841913958,1,NE
202413,276.299027885207,277.00031788915913,1,NE
202414,282.603986398696,279.4441264405363,1,NE
202415,281.29902076528,280.82045922739366,1,NE
202416,280.193394707989,280.50129357805815,1,NE
202417,285.582776104167,284.6907848920698,1,NE
202418,285.020808910222,285.4053958817403,1,NE
202419,288.227615648812,286.53655964175175,1,NE
202420,291.958196001878,288.0689537944266,1,NE
202421,289.190797361705,289.38723537499624,1,NE
202422,291.913357710668,291.11705908441735,1,NE
202423,290.0459205515,291.1980929905678,1,NE
202424,296.022237252463,292.1599715786347,1,NE
202425,292.973746085704,294.0638247392214,1,NE
202426,294.673496296667,292.97770568818936,1,NE
202427,296.984318058709,293.32073440762355,1,NE
202428,295.594377312129,294.58303088919143,1,NE
202429,294.290329076456,294.06312864212356,1,NE
202430,296.639688189338,295.60136316148294,1,NE
202431,293.644743790849,294.1012907711705,1,NE
202432,293.329975420298,292.694697131613,1,NE
202433,290.99089306992,293.04781283932334,1,NE
202434,293.727364510484,292.9309450008257,1,NE
202435,289.650402634079,291.3572393461399,1,NE
202436,291.366682181917,290.07498530656346,1,NE
202437,292.351033030765,290.8062517787786,1,NE
202438,289.077608847444,289.6435217136146,1,NE
202439,288.433471803944,287.9352775840561,1,NE
202440,283.989401241584,285.4391806160905,1,NE
202441,281.686598670961,283.0085643579143,1,NE
202442,284.866122003663,283.31416000864914,1,NE
202443,282.818073873509,279.62713144786454,1,NE
202444,282.406427130836,279.9069435226993,1,NE
202445,277.774839135975,278.00542493352407,1,NE
202446,278.211800378169,277.0955534411362,1,NE
202447,273.972124405391,272.9478785966387,1,NE
202448,270.273173634204,269.8118603790219,1,NE
202449,271.626280094375,270.72322615096977,1,NE
202450,271.079631750401,270.840820492629,1,NE
202451,271.777793472733,268.7834384411753,1,NE
202106,273.754785724599,274.8915246731305,2,W
202107,274.978508201703,276.06058885201475,2,W
202108,277.162458992549,276.4199644762878,2,W
202109,276.235142127216,277.1167103542565,2,W
202110,276.509675004576,276.71542398848044,2,W
202111,278.114715050351,278.0593799876887,2,W
202112,283.227221392312,279.6361483766232,2,W
202113,278.403529686912,280.9584727946566,2,W
202114,280.205498724824,282.11882790161894,2,W
202115,281.584222077906,282.58631172250176,2,W
202116,285.861251239083,284.0317705410519,2,W
202117,284.145693269591,284.5505473325881,2,W
202118,287.034606525622,286.3781540596551,2,W
202119,283.766064318768,287.1426235910782,2,W
202120,291.064026647053,288.35046505697,2,W
202121,290.982089790256,289.29739043154365,2,W
202122,293.630715276856,290.46721843145195,2,W
202123,295.191344978106,291.75682135430026,2,W
202124,295.630140156114,292.984625768204,2,W
202125,297.081642257506,293.95430491801545,2,W
202126,297.279648697092,294.75018536804777,2,W
202127,296.536561157774,295.09473685914185,2,W
202128,296.749589684839,295.6973393581999,2,W
202129,296.416305372933,295.36079629000585,2,W
202130,295.392647461353,295.7049634698322,2,W
202131,295.346375258274,294.9190739944032,2,W
202132,291.456179758796,294.1986638047644,2,W
202133,292.838420633876,293.0906346426273,2,W
202134,294.688482182037,292.4615466523024,2,W
202135,292.463797347465,290.6356188668161,2,W
202136,288.847013278,289.72203222288323,2,W
202137,289.052537937537,288.29815822037085,2,W
202138,288.36609256021,286.9779294756296,2,W
202139,280.12071768065,285.0335192109966,2,W
202140,282.564169955834,283.74604482046044,2,W
202141,281.744718808148,281.5522856974984,2,W
202142,281.783653752472,280.16036413857734,2,W
202143,280.209732320264,278.1952915985453,2,W
202144,280.473328432969,277.68469429301877,2,W
202145,277.227747996025,275.52914612380835,2,W
202146,281.443454232726,275.2291309222353,2,W
202147,276.86712869499,274.40253454546377,2,W
202148,272.980942284981,274.03409885893416,2,W
202149,273.23766084065,273.30287804451075,2,W
202150,269.131600721582,273.01568651379995,2,W
202151,270.31172130578,273.3416197480186,2,W
202152,274.988175518709,273.2592702308707,2,W
202201,274.393009031736,273.23144835582906,2,W
202202,273.072687917415,274.01241112915324,2,W
202203,271.367528160314,274.04934620144786,2,W
202204,276.90368511598,274.50201411283155,2,W
202205,275.891975758189,274.7616673980459,2,W
202206,269.802114598546,275.92934504604153,2,W
202207,277.786136674943,275.9708266500622,2,W
202208,271.534025275429,276.33608637901926,2,W
202209,278.198407146283,277.2821229912086,2,W
202210,279.801983513358,277.91396052752367,2,W
202211,281.330918991435,279.233321244713,2,W
202212,280.687468273473,280.03193036607405,2,W
202213,275.443986875305,281.115466735758,2,W
202214,279.860894730367,282.0393696209235,2,W
202215,281.233070035677,283.16823892831434,2,W
202216,283.041103082265,284.51935701264154,2,W
202217,281.181147204534,285.01371911868847,2,W
202218,286.470486060947,285.6099536682351,2,W
202219,286.01140696156,287.1279681068051,2,W
202220,285.8213429607,288.70428678521597,2,W
202221,290.002954087133,288.97771045485126,2,W
202222,290.1758384297,290.8985717316824,2,W
202223,290.635906201345,292.1992266484583,2,W
202224,293.976268666823,293.2370648523778,2,W
202225,293.491436235901,293.72421357412287,2,W
202226,296.51334811149,294.49858350336945,2,W
202227,297.350816655742,294.8501266183938,2,W
202228,296.454873688745,295.7014136950028,2,W
202229,296.789621442304,295.7339461473096,2,W
202230,295.76028414092,295.38862933520863,2,W
202231,296.229194672713,295.0663517260258,2,W
202232,295.436074143745,294.48751282465764,2,W
202233,296.307577606327,293.5548720432506,2,W
202234,297.273680294178,292.3362156598782,2,W
202235,290.787621891769,291.1114310535622,2,W
202236,288.786679676228,289.3248838409035,2,W
202237,291.686540142334,288.2691248137945,2,W
202238,288.90654399052,286.70954068506546,2,W
202239,288.732296223413,285.97785399341683,2,W
202240,287.904456187407,283.57096713076123,2,W
202241,278.829497572944,282.49739128505485,2,W
202242,279.473482450673,280.0975922162995,2,W
202243,274.557330627991,279.02252506908775,2,W
202244,272.2927451531,277.2787778727547,2,W
202245,275.074268202453,275.8476037778784,2,W
202246,272.899819091193,275.0781592109443,2,W
202247,272.390294848906,274.35076112222674,2,W
202248,270.874082157756,272.7304510823014,2,W
202249,267.60055015104,272.7519663408212,2,W
202250,275.328292391283,272.6232456830539,2,W
202251,272.621626822753,272.2889660182121,2,W
202252,275.660864120388,273.29937798491335,2,W
202301,271.88201155659,272.6955330102129,2,W
202302,271.428089720621,273.51369921077145,2,W
202303,269.680551039865,273.4476595195834,2,W
202304,274.367429645414,274.3881835008886,2,W
202305,272.387489062937,274.58495312505323,2,W
202306,270.593639263407,274.8923591377257,2,W
202307,271.944193648729,275.21133929212897,2,W
202308,272.145097845376,275.86798476736834,2,W
202309,275.006241456139,275.9679142659654,2,W
202310,274.4604592759,276.6163023443617,2,W
202311,273.771816107833,278.1027861403636,2,W
202312,275.28950986393,278.66152302677943,2,W
202313,281.250420551256,280.2456733195371,2,W
202314,278.407529911162,281.8137087520617,2,W
202315,283.354728953138,282.60756612550483,2,W
202316,285.063129960375,283.18414769532086,2,W
202317,284.315856620591,284.6822643644605,2,W
202318,289.445650597295,285.38447293072517,2,W
202319,288.498328937243,286.7212510664258,2,W
202320,288.27953897435,288.31532450572826,2,W
202321,290.08763287364,289.43936278592446,2,W
202322,288.629572487172,290.01024823025244,2,W
202323,288.354068221536,291.371094723854,2,W
202324,292.318331159644,292.43007101314123,2,W
202325,294.021031024733,293.1300073802204,2,W
202326,295.480811374304,294.37037684423103,2,W
202327,297.318578781185,294.89697608533413,2,W
202328,297.072348995965,294.263910617991,2,W
202329,295.109225927662,294.8229319117095,2,W
202330,293.665723795932,294.8353821890166,2,W
202331,296.757290610847,294.2870516861637,2,W
202332,293.371232222696,293.81635173939,2,W
202333,294.231710480222,293.30367506183205,2,W
202334,291.482036655569,292.3062135347576,2,W
202335,291.435578187995,290.76798572624676,2,W
202336,288.72659622535,289.4678725306629,2,W
202337,288.358159178641,287.4112827004868,2,W
202338,285.96465298437,285.9411835320175,2,W
202339,285.736589899795,284.45616050010193,2,W
202340,288.837446252862,282.6648525109368,2,W
202341,280.174066282469,280.90693418768734,2,W
202342,279.616430735217,280.31242169963684,2,W
202343,280.005551046557,278.58035743138726,2,W
202344,281.029149994855,277.55501472538583,2,W
202345,275.912255913236,275.80827485259937,2,W
202346,273.727377700952,274.7856404109038,2,W
202347,277.18474597127,274.0697328952909,2,W
202348,275.457346234876,273.0058470737555,2,W
202349,277.780330621466,272.8397844886622,2,W
202350,274.79455913687,273.15484681809346,2,W
202351,273.433548618442,273.0581788581508,2,W
202352,267.321652982627,272.86669169656597,2,W
202401,271.071044297861,272.661748343826,2,W
202402,276.575680439908,272.45436922863814,2,W
202403,278.293097697132,273.8374074330214,2,W
202404,273.562309550477,274.2871650222249,2,W
202405,273.615560434267,274.7548280871497,2,W
202406,277.546006350672,274.6027997834501,2,W
202407,275.204994398606,275.7906402749247,2,W
202408,274.157002780661,276.6263184869566,2,W
202409,277.676241547876,276.6015002459224,2,W
202410,280.17263087432,277.28203847435196,2,W
202411,276.171572080337,278.2031011340912,2,W
202412,279.022822922392,279.28231328787007,2,W
202413,282.258754616765,280.0528224788766,2,W
202414,280.98109202864,280.6513146828976,2,W
202415,283.000227578129,282.39678126051604,2,W
202416,281.012524272638,283.78079956170967,2,W
202417,283.117263738331,284.95993007309806,2,W
202418,287.405614909341,285.6474322927689,2,W
202419,283.452979058605,286.99225751354624,2,W
202420,288.378948499148,287.81665385302585,2,W
202421,291.708904896818,288.53004621723875,2,W
202422,292.169880136956,290.1506966889046,2,W
202423,290.855660722,291.4087213289606,2,W
202424,293.942960779347,292.8045661996993,2,W
202425,294.28736609972,293.80980622708574,2,W
202426,298.995148363173,294.6034769195752,2,W
202427,297.288150633384,295.3982473677625,2,W
202428,296.595638681637,295.65437572335753,2,W
202429,297.083789935371,295.6040217217584,2,W
202430,295.682079853048,295.36974213804837,2,W
202431,294.063020343524,295.17399555042834,2,W
202432,292.971537576914,294.37229599018013,2,W
202433,293.439576054533,293.514494951042,2,W
202434,295.587509752711,292.2504214745701,2,W
202435,291.457304240227,291.2171382015548,2,W
202436,288.056336683087,289.6027055932829,2,W
202437,292.618077796909,287.7440088522436,2,W
202438,290.229164108869,286.35976083024514,2,W
202439,290.35300970383,284.99655171063444,2,W
202440,285.237937795728,283.49195888959,2,W
202441,284.407333123863,282.5849173465577,2,W
202442,278.638879041456,280.678166970307,2,W
202443,277.398462908948,279.2090811411231,2,W
202444,277.553912817539,277.4640425767599,2,W
202445,276.248781539649,276.07481825217894,2,W
202446,273.976640338216,274.5625916837756,2,W
202447,277.46350308135,273.92548980832345,2,W
202448,274.070857953631,273.0501603054717,2,W
202449,277.133388857467,273.4397562834138,2,W
202450,275.926780539884,272.3062953892278,2,W
202106,281.039430294994,282.30213739656455,2,SW
202107,283.007521209698,283.4189225252363,2,SW
202108,285.977998926021,284.9837937190461,2,SW
202109,284.900619338199,285.52139211793315,2,SW
202110,284.618786110534,286.9332239659677,2,SW
202111,286.773113748458,287.64047884804575,2,SW
202112,290.831856411668,288.8787514361337,2,SW
202113,290.209619090653,290.0498944208387,2,SW
202114,285.37120592675,291.0640198283722,2,SW
202115,290.948494210841,291.5458002398354,2,SW
202116,292.356870024666,292.8578092266119,2,SW
202117,292.425547534682,294.10885274175905,2,SW
202118,293.722544557193,294.9491842625796,2,SW
202119,294.956616688522,296.086371406615,2,SW
202120,294.810732201191,297.21475966177695,2,SW
202121,298.165073383449,298.22074131793846,2,SW
202122,301.504574010518,298.6021011491621,2,SW
202123,300.910265671138,299.8230922421036,2,SW
202124,297.894582754229,300.2604070670838,2,SW
202125,298.8791385487,300.37504742355276,2,SW
202126,299.529833161177,300.683692761061,2,SW
202127,299.048090498019,301.05659861728225,2,SW
202128,299.702571602123,301.4410693264624,2,SW
202129,299.210431376384,301.1954524273771,2,SW
202130,300.417812209274,301.16257525326813,2,SW
202131,298.268810424206,300.79403549369715,2,SW
202132,300.207416355007,300.20420691148655,2,SW
202133,299.629115046505,299.52316710433024,2,SW
202134,299.80150030942,298.9914030167832,2,SW
202135,299.148720626397,297.62585759852504,2,SW
202136,297.381631646226,296.60185945073886,2,SW
202137,295.067454607204,295.30215011301846,2,SW
202138,294.08946080081,293.97769629617653,2,SW
202139,292.651166381254,292.3574261572744,2,SW
202140,289.965039951781,291.2562368224246,2,SW
202141,291.665525103653,289.44450664591596,2,SW
202142,287.784853320917,287.8249817052196,2,SW
202143,288.657828097147,286.4936350090583,2,SW
202144,287.668596199458,285.3708575063246,2,SW
202145,285.310600948511,284.22845951026164,2,SW
202146,285.662293582506,283.35120637928844,2,SW
202147,286.000682201451,282.1835849621707,2,SW
202148,284.241296449205,281.5717465262495,2,SW
202149,282.152189792322,280.6829229160391,2,SW
202150,285.516354535692,280.52191938553875,2,SW
202151,278.390920106289,280.26401599413634,2,SW
202152,281.861620692645,279.81253138626226,2,SW
202201,279.107542323979,279.8110174442273,2,SW
202202,278.163493692862,280.4533037246335,2,SW
202203,278.0502663996,280.7463380363174,2,SW
202204,280.179207698158,281.2570341571818,2,SW
202205,281.755856691902,282.23714783742514,2,SW
202206,279.594387757909,282.7534389197738,2,SW
202207,283.876023539565,283.8763925547776,2,SW
202208,280.564946038488,284.49605718326643,2,SW
202209,284.524086986608,286.074691899246,2,SW
202210,285.683219803087,286.87529930807824,2,SW
202211,289.333564646472,287.88765118893474,2,SW
202212,289.518741692833,288.96515874094246,2,SW
202213,290.630745633236,289.651075892744,2,SW
202214,292.925241102075,290.899730385496,2,SW
202215,291.432044185622,292.10127731435836,2,SW
202216,293.266017489169,293.1032212414837,2,SW
202217,296.898949422692,294.2582526957094,2,SW
202218,298.789806198331,294.89625821497174,2,SW
202219,293.676880319494,296.2378814143708,2,SW
202220,297.343310869739,297.48739743431986,2,SW
202221,299.773756158082,297.77329028268485,2,SW
202222,302.23128195568,298.8189738732374,2,SW
202223,300.245248445945,299.40362611195724,2,SW
202224,299.442515184432,300.2313475969458,2,SW
202225,301.429354085111,300.5748246944748,2,SW
202226,302.967870250452,300.8644092930788,2,SW
202227,303.440443450512,301.2590911362627,2,SW
202228,301.329203712889,301.3025367793839,2,SW
202229,301.380108785985,301.2946195382102,2,SW
202230,300.71516729294,300.9615551923801,2,SW
202231,299.600847085032,300.72341793867287,2,SW
202232,297.721633327682,300.4744726228226,2,SW
202233,299.113396768013,299.58954329821694,2,SW
202234,299.098507458902,298.499385940175,2,SW
202235,296.552353807163,297.35129876615053,2,SW
202236,298.476913107031,296.18997248072935,2,SW
202237,296.709219472204,295.1285324891537,2,SW
202238,293.714328926948,293.86792719782534,2,SW
202239,292.67511853666,292.38601747186596,2,SW
202240,290.091795783859,290.54941989505755,2,SW
202241,288.470584325261,289.2774395856071,2,SW
202242,287.795060187128,287.4914697630435,2,SW
202243,287.532905517397,286.19132505724684,2,SW
202244,278.542395632947,284.9947415852811,2,SW
202245,279.81053060251,283.8276498584848,2,SW
202246,281.839074666494,282.82218602991924,2,SW
202247,285.047170327503,281.81257559239265,2,SW
202248,281.029226490942,280.90487993738986,2,SW
202249,276.174723149831,280.15705756841606,2,SW
202250,279.587491728679,279.89083521918906,2,SW
202251,282.616151958581,279.61383050606065,2,SW
202252,283.003281835267,279.11890782616393,2,SW
202301,281.396831544831,279.26562537094657,2,SW
202302,276.942203761592,279.96425556951664,2,SW
202303,276.568170060277,280.13400643456964,2,SW
202304,280.780198815838,280.9545161977201,2,SW
202305,279.559758500077,281.7648166732641,2,SW
202306,283.752338397826,282.31381914474247,2,SW
202307,284.171631580726,283.07843439315525,2,SW
202308,287.039926714439,284.1351701710571,2,SW
202309,283.363770134915,284.78882917944395,2,SW
202310,284.245866578757,286.0396308667904,2,SW
202311,285.3605765881,287.3723748892474,2,SW
202312,287.154725368243,288.3054389354281,2,SW
202313,291.246022674919,289.0881973844543,2,SW
202314,290.186022135433,290.5862080339022,2,SW
202315,288.329309302256,291.8357591401335,2,SW
202316,292.939311055721,292.91341850164844,2,SW
202317,294.63927907355,293.4954457650114,2,SW
202318,293.700167123514,294.3082373028405,2,SW
202319,294.802187336812,295.7503240798882,2,SW
202320,295.488397311012,296.62677424939665,2,SW
202321,296.333625902478,297.4209692987267,2,SW
202322,297.991643842217,298.17705214680973,2,SW
202323,300.974676469934,298.6587676584372,2,SW
202324,302.026867859611,299.4287927692307,2,SW
202325,301.101384767837,300.17641032012517,2,SW
202326,302.675503944801,300.4151422150065,2,SW
202327,303.436566019388,300.59266371621607,2,SW
202328,303.372221428061,300.52413903556413,2,SW
202329,303.322547160518,301.0054587957225,2,SW
202330,302.509674999625,300.8697937970255,2,SW
202331,301.838210457237,300.45521595257094,2,SW
202332,301.904767301315,300.0114832327871,2,SW
202333,300.880153050965,299.18645415335817,2,SW
202334,301.503928811821,298.49032192666795,2,SW
202335,296.894332015237,297.2909123246682,2,SW
202336,297.970799337908,296.37534990069383,2,SW
202337,298.534833728138,294.73975175255845,2,SW
202338,294.532832119612,293.37490432429144,2,SW
202339,292.618355092521,291.7487994349192,2,SW
202340,293.273480408827,290.17165283859316,2,SW
202341,292.775465767281,288.4938995400272,2,SW
202342,284.08663311972,287.80907582323704,2,SW
202343,289.01819763157,286.07919179635314,2,SW
202344,287.1797051433,284.8426549450694,2,SW
202345,283.164649897282,283.55509347359737,2,SW
202346,281.024067462577,282.41290112562046,2,SW
202347,284.212257936128,281.62217805813236,2,SW
202348,281.477016837386,280.5798657353187,2,SW
202349,284.141437758153,280.1748337611454,2,SW
202350,279.646414860305,279.6195009561423,2,SW
202351,278.265626011796,279.4997279179391,2,SW
202352,276.692471551267,279.0633744725295,2,SW
202401,274.826380655555,279.2419754126642,2,SW
202402,280.459772478781,279.48409937020887,2,SW
202403,284.440328798457,279.9842142653282,2,SW
202404,281.790834644382,280.678589899679,2,SW
202405,280.885321631482,281.8170457485495,2,SW
202406,286.588738627731,282.20499882715546,2,SW
202407,285.90528329965,282.85853482906293,2,SW
202408,285.343393133677,284.57224643898996,2,SW
202409,286.308909339187,285.3452291944209,2,SW
202410,285.917358627764,286.24222071302887,2,SW
202411,285.697508884136,287.08452009063905,2,SW
202412,287.919022563721,288.1467494788251,2,SW
202413,289.859621980637,289.1028463623376,2,SW
202414,291.267579149063,290.5749046352688,2,SW
202415,291.928861594514,291.6414312130503,2,SW
202416,293.828664539222,292.78189705720536,2,SW
202417,293.076387782839,293.7739255523019,2,SW
202418,295.619010479192,294.86356250242864,2,SW
202419,296.950917814601,295.74080930350675,2,SW
202420,298.12592604796,296.67558418765054,2,SW
202421,300.505115329664,297.69961797206355,2,SW
202422,300.138128043021,298.4736947236441,2,SW
202423,299.644647770812,299.0464611034064,2,SW
202424,302.049823002404,299.8829890610625,2,SW
202425,301.568351770642,300.2906651671868,2,SW
202426,301.106279568345,300.668652811864,2,SW
202427,300.878308018335,300.9549490124499,2,SW
202428,299.570504737639,301.24601700588573,2,SW
202429,302.175809092655,301.0686650182444,2,SW
202430,301.452171664801,300.9972706281743,2,SW
202431,302.161208617007,300.92156778468245,2,SW
202432,302.244399610014,300.0344899951411,2,SW
202433,299.336048999664,299.53828474418253,2,SW
202434,297.287238480422,298.6396195014372,2,SW
202435,298.191902267548,297.66783210614307,2,SW
202436,297.872472573586,296.67109342941956,2,SW
202437,297.294474385447,295.147652315422,2,SW
202438,298.103825740138,293.3872289547114,2,SW
202439,297.531411646997,292.27397475826274,2,SW
202440,291.522565451368,290.66929700400027,2,SW
202441,294.20232627918,289.21419119272963,2,SW
202442,291.2950095744,287.85640800020377,2,SW
202443,285.65455841096,286.77245918388445,2,SW
202444,287.463857692553,285.1922036141538,2,SW
202445,285.625478446497,283.3931562115299,2,SW
202446,283.075727478712,283.12236348563283,2,SW
202447,282.488258949995,281.87281816977423,2,SW
202448,282.326697284676,281.10772067498374,2,SW
202449,284.248534715438,280.6092935686165,2,SW
202450,284.709905782704,279.6512378820229,2,SW
202106,271.789734756134,270.5182618811148,2,MW
202107,274.983903882557,272.3077433532018,2,MW
202108,279.70158074799,274.0731305672402,2,MW
202109,276.256879543493,275.8131134915483,2,MW
202110,279.755941135808,276.8579273983348,2,MW
202111,278.011956803135,278.48781211184433,2,MW
202112,285.14381850294,280.3568015622304,2,MW
202113,280.312637432139,281.9700376255558,2,MW
202114,277.782628498586,283.4884964794744,2,MW
202115,283.661245757074,284.714718728862,2,MW
202116,286.055764007103,286.3093600068113,2,MW
202117,282.88232735299,286.9227522309991,2,MW
202118,290.10917375909,288.77438314604166,2,MW
202119,291.702958792403,290.68992296007303,2,MW
202120,288.477187342203,291.998041544756,2,MW
202121,297.38995602213,293.7530556858771,2,MW
202122,296.734385426813,294.19839107024285,2,MW
202123,294.707121389474,295.6124378312853,2,MW
202124,295.728312466766,296.828028152343,2,MW
202125,296.522921115767,296.3504150305485,2,MW
202126,295.584904262292,297.06464782738544,2,MW
202127,296.813685724758,296.7493862127833,2,MW
202128,299.411820233671,297.24232778377865,2,MW
202129,295.762772795343,297.36483765210227,2,MW
202130,297.971528802183,297.56214796059595,2,MW
202131,297.052398547884,296.82599936123336,2,MW
202132,296.940001042599,296.1766913268419,2,MW
202133,295.687207465613,295.11995285232746,2,MW
202134,293.339054980414,294.4490617336251,2,MW
202135,294.013617648428,292.296644602597,2,MW
202136,291.921449263696,290.82585566691154,2,MW
202137,291.989906066984,289.49865243544684,2,MW
202138,291.724195130118,288.1650189691236,2,MW
202139,289.554778616906,286.23089971950657,2,MW
202140,284.842765383981,284.6094308185242,2,MW
202141,281.66920349937,282.452245586997,2,MW
202142,278.879553662564,280.39559745361777,2,MW
202143,282.077107773311,278.09044401529354,2,MW
202144,276.459008788986,276.7561985973234,2,MW
202145,275.002668544986,274.4915655750495,2,MW
202146,277.127152695715,273.55093809571656,2,MW
202147,272.87139000968,271.3724884197655,2,MW
202148,276.246264862599,270.4406952828578,2,MW
202149,270.217591863581,269.931757168259,2,MW
202150,271.288897610288,269.2742061805392,2,MW
202151,262.914462614701,268.5488415061626,2,MW
202152,268.621967501422,267.03919699601994,2,MW
202201,266.001844027002,267.3268047861601,2,MW
202202,265.074262341831,269.0892700575211,2,MW
202203,266.355163783113,268.43123354701316,2,MW
202204,270.917862375012,270.2462098992375,2,MW
202205,267.33952925039,270.7033763253279,2,MW
202206,265.713982292749,271.6400742952799,2,MW
202207,273.481536058809,272.8353477097014,2,MW
202208,270.630951561778,274.0444604224223,2,MW
202209,276.761156554436,276.2587447853381,2,MW
202210,279.026872313704,276.6280820694659,2,MW
202211,274.71013049696,279.6835144996768,2,MW
202212,278.292270621176,279.8942563989435,2,MW
202213,279.47478105946,281.07010023268833,2,MW
202214,278.721054556165,282.38415823071415,2,MW
202215,282.517858027932,284.41461431660304,2,MW
202216,283.063673548364,286.39120043138206,2,MW
202217,291.011071908262,287.21363354241834,2,MW
202218,290.282106109725,288.215051188096,2,MW
202219,286.189962770989,290.6464513599043,2,MW
202220,291.650867859715,291.6660154262143,2,MW
202221,291.240711239862,293.42203778761103,2,MW
202222,295.969217274807,294.29525226229987,2,MW
202223,297.067843464524,294.9215108612512,2,MW
202224,294.944012240095,295.8928962271883,2,MW
202225,296.852682048341,296.5541624210774,2,MW
202226,296.998886397008,296.3560618693334,2,MW
202227,299.047127747863,296.9936930032419,2,MW
202228,296.000234751485,297.5903208221815,2,MW
202229,297.716596324456,297.1440603137313,2,MW
202230,296.531208905418,296.3884121135216,2,MW
202231,295.542108609253,296.4370352597937,2,MW
202232,295.868015962854,296.0515081416249,2,MW
202233,296.834617731692,294.903345523452,2,MW
202234,294.948450677422,293.64653757422695,2,MW
202235,292.464210622331,292.10474161639615,2,MW
202236,292.670133701724,291.122246436926,2,MW
202237,288.063038288497,289.0937783320925,2,MW
202238,287.878969064408,287.52702259845074,2,MW
202239,284.957024000162,286.0192608875943,2,MW
202240,280.364549799586,284.64766107025883,2,MW
202241,284.442994540295,281.6177610645512,2,MW
202242,285.252452416067,279.43558999573173,2,MW
202243,279.779000179651,277.7372276640714,2,MW
202244,269.934699142046,276.3373214311548,2,MW
202245,273.481640577348,274.97738582356635,2,MW
202246,273.758844556811,272.97601802264387,2,MW
202247,271.147287719127,272.4675811047118,2,MW
202248,272.60367023517,270.3534841619302,2,MW
202249,261.649540683486,269.643396533401,2,MW
202250,267.800101427278,268.1913205575966,2,MW
202251,271.645217473761,267.77360508202946,2,MW
202252,271.596971956057,267.9830733660282,2,MW
202301,272.395315972813,267.84691787695914,2,MW
202302,268.9977322835,269.2758998505194,2,MW
202303,262.975905404038,268.1053385238971,2,MW
202304,273.611744978576,269.42990122895037,2,MW
202305,273.241518017279,269.8709116790503,2,MW
202306,269.320341292115,272.19037959223704,2,MW
202307,274.601905338591,272.5614581957374,2,MW
202308,273.565941090786,273.39301541800876,2,MW
202309,271.374296189302,273.64804617885545,2,MW
202310,274.584484923814,274.9980284034452,2,MW
202311,275.217342219467,276.48544885528224,2,MW
202312,278.555369481686,278.73311166768286,2,MW
202313,287.477745584941,279.81786909252935,2,MW
202314,280.411147878858,282.4010262889827,2,MW
202315,280.565437658636,284.99108595071993,2,MW
202316,284.186521439509,285.28647979576755,2,MW
202317,290.623470622563,286.4652884662807,2,MW
202318,288.24560394087,287.6853316256186,2,MW
202319,291.34615794719,289.8626208870098,2,MW
202320,294.961252150314,292.04907522109806,2,MW
202321,294.360340341657,292.680792819702,2,MW
202322,291.712061219651,293.5404026915108,2,MW
202323,295.847475705234,293.721784690523,2,MW
202324,295.764553539227,294.7526871301773,2,MW
202325,295.037808957262,295.37559722818696,2,MW
202326,295.625138405744,296.3718731395686,2,MW
202327,295.464459101056,295.90599608490896,2,MW
202328,299.358935302902,295.72393791146084,2,MW
202329,297.469511373933,295.7010881810999,2,MW
202330,295.49258306472,295.8793829901078,2,MW
202331,294.822790361431,295.7125345942864,2,MW
202332,298.399396596281,294.55302871317934,2,MW
202333,295.269801131639,294.2863195215339,2,MW
202334,295.644637076744,293.7785274558667,2,MW
202335,290.850103916353,291.977462494117,2,MW
202336,292.583714052845,290.64682180316424,2,MW
202337,292.348702900601,288.14587519024224,2,MW
202338,290.55657853104,286.47352426001544,2,MW
202339,284.372003611177,284.8142578345817,2,MW
202340,285.08712224363,283.1331285537534,2,MW
202341,283.623032975188,280.33737538002123,2,MW
202342,275.603793599091,279.8573317245378,2,MW
202343,280.65351294179,277.79036834098804,2,MW
202344,281.382817614821,275.82923392607734,2,MW
202345,275.086518856225,273.69298371665406,2,MW
202346,272.385979240762,272.54361669254445,2,MW
202347,276.276839839332,271.11569540325934,2,MW
202348,274.099916456209,269.52760565944766,2,MW
202349,275.148674457563,269.4674894514674,2,MW
202350,274.193454773682,269.84720160973876,2,MW
202351,270.380982052161,269.1567061062145,2,MW
202352,264.408409680899,267.3341802028436,2,MW
202401,259.229529885149,266.9370447801339,2,MW
202402,273.122807206908,266.3635067590117,2,MW
202403,276.17978956934,267.9085033295394,2,MW
202404,276.034635117307,268.78908099431106,2,MW
202405,271.395162527301,271.0481262806906,2,MW
202406,277.261811589675,271.12221778839984,2,MW
202407,276.95760752715,272.3309616028179,2,MW
202408,276.889611296595,274.28306701626815,2,MW
202409,280.67635173508,274.9776518555653,2,MW
202410,273.615560230885,275.856441014135,2,MW
202411,276.36914251692,277.6896893842657,2,MW
202412,279.605071224621,278.981315798153,2,MW
202413,284.929455951627,280.24811987360795,2,MW
202414,282.88002833496,280.7720682115642,2,MW
202415,284.828842746512,283.6395861668361,2,MW
202416,286.315507621397,285.1082396451596,2,MW
202417,288.590579361767,287.3203788409133,2,MW
202418,290.34513995132,288.184310408814,2,MW
202419,290.490748334352,289.23008868532327,2,MW
202420,290.563148149302,290.7080743521194,2,MW
202421,293.012919104426,292.0092477896662,2,MW
202422,294.428188188087,293.06328446515613,2,MW
202423,295.51393140271,294.23399931934637,2,MW
202424,295.473066937574,295.2039491658488,2,MW
202425,294.509969343251,296.0348862738106,2,MW
202426,297.504641130288,296.2617626674549,2,MW
202427,295.989379822555,296.32160293054835,2,MW
202428,297.13361027233,296.82340008576864,2,MW
202429,299.332887701666,296.23141073040114,2,MW
202430,293.759645619055,296.2613553961971,2,MW
202431,295.905900293759,296.02746788678746,2,MW
202432,295.606539945229,294.90038554997875,2,MW
202433,296.846508572727,294.06027852355055,2,MW
202434,292.472457777946,293.23903391811496,2,MW
202435,295.308726962687,292.4121729809722,2,MW
202436,295.653305683521,290.54829589161625,2,MW
202437,292.752033600339,288.73940204103786,2,MW
202438,290.303153351359,287.3422818582783,2,MW
202439,288.95523611653,286.1363906180565,2,MW
202440,284.469421854044,283.54471047971924,2,MW
202441,286.202271536057,281.6591493273769,2,MW
202442,284.608914088223,279.95913317977255,2,MW
202443,282.056448710674,278.46911978515504,2,MW
202444,280.404929811729,276.697817694952,2,MW
202445,277.496023872442,275.4622318660303,2,MW
202446,270.099486992679,273.02451799380106,2,MW
202447,270.831399406917,270.5016150845529,2,MW
202448,269.946680118872,269.10783792195355,2,MW
202449,270.889845582287,268.8609110014472,2,MW
202450,275.264743189278,268.88409592844255,2,MW
202106,280.522217822823,281.66452309253134,2,SE
202107,285.4817210766,282.81203222373847,2,SE
202108,284.313503280819,284.47181658950615,2,SE
202109,288.77694747333,286.17044624036464,2,SE
202110,286.384136905967,287.3198547901825,2,SE
202111,289.101144470426,288.3518229424482,2,SE
202112,287.663326418227,289.6538035089766,2,SE
202113,291.042134922163,289.73802610381773,2,SE
202114,286.985627275238,290.78088918337176,2,SE
202115,291.239294520871,291.2284076952005,2,SE
202116,293.318944530085,292.6140387624032,2,SE
202117,290.321143562282,294.2130922868234,2,SE
202118,293.078205720362,295.06786819433506,2,SE
202119,296.942452059149,296.20634445712614,2,SE
202120,294.007895692238,297.1745446502683,2,SE
202121,297.668879584762,298.1977946279003,2,SE
202122,298.454777609614,298.5786874895884,2,SE
202123,297.634363676465,300.13630447700695,2,SE
202124,298.818817516257,300.00267593754023,2,SE
202125,298.1232478066,299.80174050570025,2,SE
202126,298.939345237609,300.2050768733109,2,SE
202127,298.836716901805,300.1794523133621,2,SE
202128,300.671452271307,300.4756254782422,2,SE
202129,298.945488548269,300.8203704410157,2,SE
202130,299.995228450085,300.46353763471114,2,SE
202131,299.519902591565,300.1193101995479,2,SE
202132,300.475683874595,299.86670857307615,2,SE
202133,299.16574900349,299.30286543906664,2,SE
202134,297.40420413061,298.8129270879791,2,SE
202135,297.115393313671,297.5340727295699,2,SE
202136,296.481938011282,296.28884055232277,2,SE
202137,294.770112942935,295.61943533267674,2,SE
202138,295.72360784688,294.34573987906504,2,SE
202139,295.550993931901,292.49936559511985,2,SE
202140,291.702819299647,291.4997927113579,2,SE
202141,290.970116882204,289.72595781995847,2,SE
202142,285.893063343634,288.783703207394,2,SE
202143,286.141425072688,287.3196288982316,2,SE
202144,285.922650909445,285.6000333275105,2,SE
202145,282.71696414296,285.7397423758509,2,SE
202146,282.738898937971,283.66504609937584,2,SE
202147,285.430954430297,282.5147193593513,2,SE
202148,286.166142998415,282.41339226929466,2,SE
202149,282.884977550189,281.5312805299798,2,SE
202150,289.562663800112,281.3552505928683,2,SE
202151,281.332200280568,279.680627728266,2,SE
202152,279.662229090195,279.05493180886816,2,SE
202201,277.389469534046,279.5276594312572,2,SE
202202,276.21220912116,279.9497464739143,2,SE
202203,279.462594400143,279.8348986185004,2,SE
202204,279.422206622717,281.0521551373445,2,SE
202205,282.168978938318,282.2734958702041,2,SE
202206,284.049489995372,283.1380110222964,2,SE
202207,284.187392397481,283.7074690805306,2,SE
202208,286.940136736644,285.5535070980717,2,SE
202209,284.459664246724,286.01650746508324,2,SE
202210,287.623204969691,286.4642523566529,2,SE
202211,286.135740734816,287.89965961546505,2,SE
202212,288.068300760161,289.01314481571114,2,SE
202213,289.247041943675,289.19131124560755,2,SE
202214,289.156375650858,290.2244509637768,2,SE
202215,291.962255929109,291.01085305161416,2,SE
202216,294.369133095865,292.7946136655894,2,SE
202217,293.341295824796,293.3296583440683,2,SE
202218,296.946014378474,294.82560208438355,2,SE
202219,295.337583608183,296.37840868370176,2,SE
202220,297.586289170477,297.0289782068762,2,SE
202221,297.415801427348,297.97619724278076,2,SE
202222,300.606252639178,298.31950894190504,2,SE
202223,300.183306336245,298.98424144223264,2,SE
202224,299.488226858596,299.5828484132671,2,SE
202225,301.035471236671,300.3181938505771,2,SE
202226,300.058874748954,300.31243399961585,2,SE
202227,300.917528645297,300.19709714348534,2,SE
202228,301.264781147975,300.6843087790512,2,SE
202229,300.23313938519,300.4968416265872,2,SE
202230,299.767417277524,300.2350216303239,2,SE
202231,298.436196736376,300.0514286574309,2,SE
202232,298.555447371609,299.9962610109043,2,SE
202233,299.493014295947,298.9256353164581,2,SE
202234,298.012060120307,298.0929798073816,2,SE
202235,296.399984624661,297.55720716000104,2,SE
202236,298.091063754394,296.3853832293073,2,SE
202237,292.988821195765,294.9358734949451,2,SE
202238,291.759439696198,293.66404285524743,2,SE
202239,291.94056434832,292.39264158995326,2,SE
202240,287.868807070964,291.07009991189983,2,SE
202241,290.077654720096,289.63229699075686,2,SE
202242,290.991232491371,287.6475632299638,2,SE
202243,292.019154875302,286.3655550188814,2,SE
202244,280.906034218035,285.9660923311959,2,SE
202245,282.592158286888,285.23193229043716,2,SE
202246,284.968262167003,283.2064764518521,2,SE
202247,287.491694818062,282.0724440142834,2,SE
202248,283.786576191051,281.63838146678154,2,SE
202249,277.259449555413,280.6068291411436,2,SE
202250,277.41508300136,279.7111352282114,2,SE
202251,286.604522774025,278.9890257382645,2,SE
202252,282.190236907496,279.4124520013311,2,SE
202301,283.19409118231,279.86414265909417,2,SE
202302,280.003816503795,280.2025655444082,2,SE
202303,280.515344846578,279.77688464513636,2,SE
202304,284.673759572369,281.6479156321241,2,SE
202305,284.00000050099,281.4375106764617,2,SE
202306,288.18998634381,282.76145009323517,2,SE
202307,289.659396332076,283.42556938822065,2,SE
202308,286.987351040434,284.3795320209697,2,SE
202309,282.233079603767,284.6225293580356,2,SE
202310,285.449944994692,285.058280699345,2,SE
202311,289.270018845512,286.814480474149,2,SE
202312,290.740440048078,288.06791698493475,2,SE
202313,289.799882177033,288.97704673781226,2,SE
202314,291.12992073446,290.37807640916674,2,SE
202315,289.018787631998,292.04322930296564,2,SE
202316,289.832167796585,292.01468558404963,2,SE
202317,295.377862159275,292.62760395400915,2,SE
202318,295.436435095271,293.81208287928683,2,SE
202319,293.487233905597,295.7525573546442,2,SE
202320,295.546191987705,296.684006592198,2,SE
202321,296.416516009778,297.3746920348925,2,SE
202322,297.143382368463,298.0912082270339,2,SE
202323,297.529601369868,298.1451781074938,2,SE
202324,300.234123712665,298.70800519216164,2,SE
202325,300.412965958186,299.17729916350635,2,SE
202326,299.923850505454,299.4723785758421,2,SE
202327,300.577021108579,299.87944960785103,2,SE
202328,301.020876135539,300.0280523838708,2,SE
202329,300.636771052853,299.8617527113998,2,SE
202330,300.868272182131,300.16201664056126,2,SE
202331,300.275822318796,299.9778205045357,2,SE
202332,302.271130168334,299.14699059325284,2,SE
202333,298.808929230021,298.8483270659037,2,SE
202334,299.714613762846,298.41829622387826,2,SE
202335,297.423669304138,297.2781804356237,2,SE
202336,296.16260194654,296.3126356300933,2,SE
202337,296.418002666028,294.39146052005106,2,SE
202338,295.560962529442,293.79255498679765,2,SE
202339,291.279715506181,292.40083417926405,2,SE
202340,288.988423817266,291.1348932317646,2,SE
202341,293.127684334765,289.1034958255463,2,SE
202342,286.214393760032,288.0889659200942,2,SE
202343,290.515537475326,286.63419801508036,2,SE
202344,287.729283917905,285.1199689752021,2,SE
202345,284.899851752994,284.0673136953666,2,SE
202346,282.316359630188,283.6793995390664,2,SE
202347,284.469114328663,282.0047109642144,2,SE
202348,282.257875622858,281.18180335442025,2,SE
202349,281.285209290975,280.582963272156,2,SE
202350,282.276449737206,279.85156137620055,2,SE
202351,278.614889445522,281.199742955077,2,SE
202352,279.981340532672,279.05916871622014,2,SE
202401,272.569077739208,279.24712764156726,2,SE
202402,284.31827083892,278.475375663995,2,SE
202403,281.721344488372,279.1866969115687,2,SE
202404,284.07455376308,280.93519744060666,2,SE
202405,282.004555495853,281.86713294954296,2,SE
202406,283.482564171235,281.82014646714885,2,SE
202407,285.964147903738,282.42855453074856,2,SE
202408,288.3208887582,285.09430568247564,2,SE
202409,288.562298667994,286.20038733697794,2,SE
202410,284.330792421995,285.61752389227235,2,SE
202411,287.349344485112,286.810259536257,2,SE
202412,287.903223966338,288.1646683076104,2,SE
202413,290.632114321036,288.97234553274797,2,SE
202414,292.632322336041,289.88386357559494,2,SE
202415,290.535815539612,291.11120914842024,2,SE
202416,295.044711099009,292.2550296468629,2,SE
202417,295.244933292086,293.21477107350665,2,SE
202418,294.960827563009,294.3032462861553,2,SE
202419,297.400612730822,295.50945061301184,2,SE
202420,296.385742289645,296.66003227158456,2,SE
202421,298.157154502911,297.34598996407806,2,SE
202422,298.591537727784,298.2696818693644,2,SE
202423,300.174679053094,298.61495644223453,2,SE
202424,301.263311674638,299.1273365495257,2,SE
202425,300.990221947391,299.93144917816085,2,SE
202426,301.198353127209,300.35352441848966,2,SE
202427,300.257885401567,300.3816083378145,2,SE
202428,299.072173871004,300.23782485718135,2,SE
202429,300.922884881256,300.0843705311172,2,SE
202430,300.297413561495,300.1673295415596,2,SE
202431,300.409534376896,300.10665625674443,2,SE
202432,298.032308398516,299.2914418550016,2,SE
202433,300.926551238613,299.0831579826861,2,SE
202434,296.708873800217,298.2956377714031,2,SE
202435,296.219651392991,297.6215581107667,2,SE
202436,297.835764284395,296.50061365389,2,SE
202437,296.647594722436,295.0188025117482,2,SE
202438,296.331575793918,293.66618686915433,2,SE
202439,293.146198609214,293.10177662485506,2,SE
202440,288.408729704762,291.6351087092554,2,SE
202441,292.957811961667,289.7571722275199,2,SE
202442,292.810191621085,288.86191502300784,2,SE
202443,293.201446281223,288.122941469717,2,SE
202444,288.431628927407,286.25265254461607,2,SE
202445,285.754061415599,285.3630283631572,2,SE
202446,283.20111366628,284.2239167338269,2,SE
202447,277.906666008097,282.1046813495823,2,SE
202448,283.380971661445,281.4697316666328,2,SE
202449,282.789121331898,281.1876397226924,2,SE
202450,283.868366501519,281.1139998055187,2,SE
202106,269.564289926011,268.6171440183728,2,NE
202107,270.432940761353,270.93491370712246,2,NE
202108,271.159398945325,272.1480486089093,2,NE
202109,272.629212317511,273.27091219153715,2,NE
202110,279.055097150751,275.25443700041313,2,NE
202111,279.43644528147,276.57508461478557,2,NE
202112,278.570493384993,278.04082534449094,2,NE
202113,283.444996592143,279.8644457587639,2,NE
202114,278.367440444078,280.90552923984814,2,NE
202115,282.2464191292,281.70543264093806,2,NE
202116,283.173040571024,284.0651285620882,2,NE
202117,281.506759977617,285.1342863866644,2,NE
202118,289.015327023101,286.805838829046,2,NE
202119,291.298293533031,288.7116513462162,2,NE
202120,285.484649431729,289.91356729315294,2,NE
202121,294.647669223768,291.21710391663976,2,NE
202122,290.316227614843,292.2267295830186,2,NE
202123,292.045201699988,293.1628934789319,2,NE
202124,295.908665807429,294.2085732557623,2,NE
202125,292.072529994079,294.2518752362428,2,NE
202126,293.985433314445,294.7258200981663,2,NE
202127,293.943323772729,294.93763423713546,2,NE
202128,293.653568818856,295.22010753155286,2,NE
202129,291.518541492235,295.32347439124453,2,NE
202130,296.221734209487,294.9891379742967,2,NE
202131,295.026348819789,294.41375243372084,2,NE
202132,296.608310415598,293.87301854463163,2,NE
202133,293.342830130824,293.18360025368185,2,NE
202134,290.91930175009,292.27517060673273,2,NE
202135,291.229988777272,291.09691027303825,2,NE
202136,291.438667325928,289.9530415013502,2,NE
202137,287.807323106781,288.5364758710154,2,NE
202138,287.949590869986,287.41078438884097,2,NE
202139,289.273503541387,286.26258204300376,2,NE
202140,286.114756855182,284.7743633980445,2,NE
202141,282.179023940165,282.2921773549953,2,NE
202142,280.030759001525,280.8621232622739,2,NE
202143,280.006148069102,279.17576394429784,2,NE
202144,277.904806373316,277.47426205892884,2,NE
202145,274.562878166407,276.26497395073227,2,NE
202146,272.697009215,274.43322194471807,2,NE
202147,272.406904782688,272.62203499914426,2,NE
202148,275.822637809786,271.6198494578026,2,NE
202149,271.725755456232,270.58243199857037,2,NE
202150,272.530231851491,269.9265423374439,2,NE
202151,270.285631703717,268.6147610941584,2,NE
202152,266.436010204157,266.787798366416,2,NE
202201,263.561324924031,267.9372317455944,2,NE
202202,263.314703688283,268.1680040783182,2,NE
202203,265.821942498787,267.97508964874214,2,NE
202204,268.616493118617,268.9529484837332,2,NE
202205,269.119907092537,269.6976125028857,2,NE
202206,270.367520673408,270.46738352060163,2,NE
202207,267.381591835228,271.1961527487143,2,NE
202208,274.480839542553,272.8138265067276,2,NE
202209,275.677364824956,273.49581252021335,2,NE
202210,277.356848676743,274.644177423958,2,NE
202211,273.383713288328,277.2673005011625,2,NE
202212,277.491865560832,278.0688983185645,2,NE
202213,281.056857067391,278.8551696438138,2,NE
202214,278.047559801492,280.08189364910135,2,NE
202215,280.375963328851,282.165686421457,2,NE
202216,282.850604584394,283.9502773862072,2,NE
202217,285.844255608218,285.10713392430915,2,NE
202218,288.205509181237,286.60382008176026,2,NE
202219,289.252242446392,288.92388296868813,2,NE
202220,291.025239272953,289.3344004738596,2,NE
202221,289.552280704299,291.12927654969263,2,NE
202222,292.270068677999,292.1509961173187,2,NE
202223,289.476500174039,292.8710518866111,2,NE
202224,293.827992979969,293.48032805777495,2,NE
202225,293.656851498599,294.1017211851343,2,NE
202226,293.643619923471,294.43475188661847,2,NE
202227,296.5210955737,294.7846243747587,2,NE
202228,296.122578515737,295.1996536006726,2,NE
202229,295.683713752388,294.6918183746969,2,NE
202230,295.711640889671,294.2114192004941,2,NE
202231,293.164484825489,294.1647899556713,2,NE
202232,294.81512208981,293.7130187099532,2,NE
202233,293.682547298838,292.79867792265117,2,NE
202234,292.08846135425,291.8990086294417,2,NE
202235,291.333915369299,290.5444107863718,2,NE
202236,288.929571562513,289.46668596838157,2,NE
202237,285.41778968924,288.63528418586253,2,NE
202238,284.694290249616,286.74512272442047,2,NE
202239,283.730053422591,285.24215504815066,2,NE
202240,282.135670634068,283.51991165889393,2,NE
202241,284.968382874387,281.51341632541175,2,NE
202242,284.136655382136,279.87300709486186,2,NE
202243,284.461426874849,277.9925356493775,2,NE
202244,275.563120975709,276.96604122098665,2,NE
202245,272.786476456908,275.07277233858025,2,NE
202246,275.05510505158,273.6737954514797,2,NE
202247,276.026313282222,272.7468269333788,2,NE
202248,270.251126634664,271.0521367989319,2,NE
202249,270.820773891895,270.4050413859893,2,NE
202250,269.696001187887,269.1225979696031,2,NE
202251,276.145075190422,267.8820758994298,2,NE
202252,270.570556892165,268.5382550382536,2,NE
202301,270.725675516625,268.1009235503696,2,NE
202302,270.623883716089,268.53707592418755,2,NE
202303,265.342005170457,268.31961212626726,2,NE
202304,272.212067955122,268.6599681310084,2,NE
202305,274.676943229093,268.277592219825,2,NE
202306,270.97193724589,270.0600565238871,2,NE
202307,271.30505172213,270.5276902128747,2,NE
202308,271.978289538475,270.88753557422035,2,NE
202309,273.510263059382,271.70915762347653,2,NE
202310,274.859866747044,272.96596946736076,2,NE
202311,275.966591985521,275.1507078560416,2,NE
202312,277.9192516711,277.5998628856164,2,NE
202313,284.986942819537,278.57086332184105,2,NE
202314,282.492193656848,280.54832559283204,2,NE
202315,280.49688193784,282.4576533134793,2,NE
202316,281.212527859337,283.8990586321669,2,NE
202317,287.305082609705,284.8002436153639,2,NE
202318,284.239460798116,286.6565383527701,2,NE
202319,286.372473826573,288.16044148023883,2,NE
202320,291.774865685511,289.5279632364286,2,NE
202321,286.34147391877,290.7108238829955,2,NE
202322,290.086390437906,291.7262665724885,2,NE
202323,291.147472985663,292.2631112440841,2,NE
202324,293.323781777725,293.221399647123,2,NE
202325,295.889891447498,293.5698893306582,2,NE
202326,295.133770487797,294.15732010666443,2,NE
202327,294.831801555672,294.4117995744839,2,NE
202328,295.73538451736,294.4919869030087,2,NE
202329,291.932452171776,294.1884263953862,2,NE
202330,293.34196704907,294.0271976339695,2,NE
202331,293.20920904091,293.88359699739215,2,NE
202332,292.661516189846,293.0286387918089,2,NE
202333,291.484403403004,292.53145561385054,2,NE
202334,296.220986972103,291.55480782085687,2,NE
202335,290.774468561615,290.82232695939786,2,NE
202336,288.45506165788,289.63096844851736,2,NE
202337,287.479004413289,288.174307634581,2,NE
202338,291.21303695113,286.68546498930544,2,NE
202339,283.308625167789,285.1566501317044,2,NE
202340,283.405714022139,283.41697507561145,2,NE
202341,285.58053710437,281.6099984824252,2,NE
202342,277.726438171173,279.7777261828349,2,NE
202343,278.206042012872,277.69343868445793,2,NE
202344,277.165711844317,276.68102246242654,2,NE
202345,273.613269287712,275.1207801176888,2,NE
202346,273.533588322212,273.50175721453803,2,NE
202347,272.757444098737,272.48287192560053,2,NE
202348,273.982309527289,271.0283381100036,2,NE
202349,273.241611514812,270.5727662140422,2,NE
202350,275.834086676295,270.04984317203804,2,NE
202351,269.688523411662,269.82361648982027,2,NE
202352,272.134459709214,268.2910650095164,2,NE
202401,263.848140321409,267.9529799099491,2,NE
202402,272.432346134652,266.20644450673615,2,NE
202403,270.696594707257,267.2939897614715,2,NE
202404,273.628811402461,268.32004547985457,2,NE
202405,269.135510692025,269.055975273788,2,NE
202406,269.80616322348,269.1253352401362,2,NE
202407,275.160748647266,270.8306230624231,2,NE
202408,277.607825670753,272.4042560383051,2,NE
202409,277.982123726754,273.94837424999514,2,NE
202410,271.294443480173,274.1251830711345,2,NE
202411,275.732365297571,275.4814961230892,2,NE
202412,276.299027885207,276.6364438206178,2,NE
202413,282.603986398696,278.27399910667856,2,NE
202414,281.29902076528,280.2316857429811,2,NE
202415,280.193394707989,282.23520981246355,2,NE
202416,285.582776104167,283.0260927101684,2,NE
202417,285.020808910222,285.2781050836494,2,NE
202418,288.227615648812,286.50264869890015,2,NE
202419,291.958196001878,287.642822809358,2,NE
202420,289.190797361705,289.2277144462193,2,NE
202421,291.913357710668,290.3298554483369,2,NE
202422,290.0459205515,291.7719778937459,2,NE
202423,296.022237252463,292.05385105265503,2,NE
202424,292.973746085704,293.0364869256457,2,NE
202425,294.673496296667,293.8658071700975,2,NE
202426,296.984318058709,293.9195871164071,2,NE
202427,295.594377312129,294.484836948003,2,NE
202428,294.290329076456,294.4952473872931,2,NE
202429,296.639688189338,294.37370716514374,2,NE
202430,293.644743790849,294.42298588216994,2,NE
202431,293.329975420298,293.74708913684145,2,NE
202432,290.99089306992,293.0279293586935,2,NE
202433,293.727364510484,292.3859713413657,2,NE
202434,289.650402634079,291.80016713415193,2,NE
202435,291.366682181917,290.6372251835044,2,NE
202436,292.351033030765,289.4778250599172,2,NE
202437,289.077608847444,288.6694378895865,2,NE
202438,288.433471803944,286.53525896806804,2,NE
202439,283.989401241584,285.2922384837341,2,NE
202440,281.686598670961,283.1620686007582,2,NE
202441,284.866122003663,281.5720942809515,2,NE
202442,282.818073873509,280.45811445417354,2,NE
202443,282.406427130836,278.8129814986145,2,NE
202444,277.774839135975,277.36568791851124,2,NE
202445,278.211800378169,275.6841113598551,2,NE
202446,273.972124405391,274.27583778889965,2,NE
202447,270.273173634204,271.48599310613946,2,NE
202448,271.626280094375,270.9444531461278,2,NE
202449,271.079631750401,270.07367328579437,2,NE
202450,271.777793472733,269.74432904290074,2,NE
202106,274.978508201703,275.26866029013917,3,W
202107,277.162458992549,275.8822049490799,3,W
202108,276.235142127216,276.62499068287707,3,W
202109,276.509675004576,277.05879721728064,3,W
202110,278.114715050351,278.4472490650163,3,W
202111,283.227221392312,279.1567987509937,3,W
202112,278.403529686912,280.34661832671685,3,W
202113,280.205498724824,281.4584277088508,3,W
202114,281.584222077906,282.77948749628894,3,W
202115,285.861251239083,283.949651280283,3,W
202116,284.145693269591,284.9834447769203,3,W
202117,287.034606525622,285.9204918740552,3,W
202118,283.766064318768,287.1870308227271,3,W
202119,291.064026647053,288.4039819803384,3,W
202120,290.982089790256,289.2635623950608,3,W
202121,293.630715276856,290.49889590300154,3,W
202122,295.191344978106,291.74737156315496,3,W
202123,295.630140156114,292.8220522875441,3,W
202124,297.081642257506,293.6853242406426,3,W
202125,297.279648697092,294.9511684052001,3,W
202126,296.536561157774,295.6001586612072,3,W
202127,296.749589684839,295.5150886459738,3,W
202128,296.416305372933,295.71369080435505,3,W
202129,295.392647461353,295.3766372013745,3,W
202130,295.346375258274,295.09711188193756,3,W
202131,291.456179758796,294.39300881503647,3,W
202132,292.838420633876,293.41684639763173,3,W
202133,294.688482182037,292.1662161538809,3,W
202134,292.463797347465,290.9893010400507,3,W
202135,288.847013278,289.94849606194043,3,W
202136,289.052537937537,288.2348871096857,3,W
202137,288.36609256021,286.9945092349397,3,W
202138,280.12071768065,285.23986102212757,3,W
202139,282.564169955834,283.76628702092245,3,W
202140,281.744718808148,282.0563856196365,3,W
202141,281.783653752472,280.3388890337418,3,W
202142,280.209732320264,278.8496507339118,3,W
202143,280.473328432969,277.43799543957124,3,W
202144,277.227747996025,276.6624533813226,3,W
202145,281.443454232726,275.0001618817372,3,W
202146,276.86712869499,274.3456773200858,3,W
202147,272.980942284981,273.5574376085573,3,W
202148,273.23766084065,273.29630330535167,3,W
202149,269.131600721582,272.6780669715417,3,W
202150,270.31172130578,272.87870046100693,3,W
202151,274.988175518709,272.99121227439707,3,W
202152,274.393009031736,273.63952460596005,3,W
202201,273.072687917415,273.5539325293323,3,W
202202,271.367528160314,273.7111669172638,3,W
202203,276.90368511598,274.3577391447953,3,W
202204,275.891975758189,274.92569916793707,3,W
202205,269.802114598546,275.4246021796562,3,W
202206,277.786136674943,276.0851908071361,3,W
202207,271.534025275429,276.35834572811467,3,W
202208,278.198407146283,277.31901071566216,3,W
202209,279.801983513358,277.9414629127997,3,W
202210,281.330918991435,279.25325639755283,3,W
202211,280.687468273473,279.6088159825551,3,W
202212,275.443986875305,281.31363219935173,3,W
202213,279.860894730367,282.46423323284745,3,W
202214,281.233070035677,283.0014395467751,3,W
202215,283.041103082265,284.0033022051122,3,W
202216,281.181147204534,284.974180960231,3,W
202217,286.470486060947,286.05833443217176,3,W
202218,286.01140696156,287.05640660139153,3,W
202219,285.8213429607,288.33561683442895,3,W
202220,290.002954087133,289.5134981521542,3,W
202221,290.1758384297,290.7115844080742,3,W
202222,290.635906201345,291.8764646563777,3,W
202223,293.976268666823,292.7723318397687,3,W
202224,293.491436235901,293.98382080450455,3,W
202225,296.51334811149,294.7207268142316,3,W
202226,297.350816655742,295.4718745267198,3,W
202227,296.454873688745,295.575854718453,3,W
202228,296.789621442304,295.8098559449507,3,W
202229,295.76028414092,295.7694729509697,3,W
202230,296.229194672713,295.30697846136826,3,W
202231,295.436074143745,294.43978506436645,3,W
202232,296.307577606327,293.5250389707168,3,W
202233,297.273680294178,292.14070551794214,3,W
202234,290.787621891769,291.04300480117166,3,W
202235,288.786679676228,289.89816844912036,3,W
202236,291.686540142334,288.699441040774,3,W
202237,288.90654399052,287.2297860636182,3,W
202238,288.732296223413,285.40226785290105,3,W
202239,287.904456187407,283.76919426155223,3,W
202240,278.829497572944,282.071272744405,3,W
202241,279.473482450673,280.48941530371593,3,W
202242,274.557330627991,278.8573385538274,3,W
202243,272.2927451531,277.5374885000307,3,W
202244,275.074268202453,276.4180253873141,3,W
202245,272.899819091193,275.0764617953347,3,W
202246,272.390294848906,274.4249415138395,3,W
202247,270.874082157756,273.2563288370739,3,W
202248,267.60055015104,272.3745181116951,3,W
202249,275.328292391283,272.4850935420254,3,W
202250,272.621626822753,272.3553251115765,3,W
202251,275.660864120388,272.84869393976726,3,W
202252,271.88201155659,273.2156002801932,3,W
202301,271.428089720621,273.43983011015393,3,W
202302,269.680551039865,273.46306709855304,3,W
202303,274.367429645414,273.76729288585574,3,W
202304,272.387489062937,274.5202494603268,3,W
202305,270.593639263407,274.8399961721289,3,W
202306,271.944193648729,275.36351081941325,3,W
202307,272.145097845376,275.9721742032544,3,W
202308,275.006241456139,277.1050117011128,3,W
202309,274.4604592759,277.3848216556304,3,W
202310,273.771816107833,277.9628803495834,3,W
202311,275.28950986393,279.16346714557653,3,W
202312,281.250420551256,280.4253264950369,3,W
202313,278.407529911162,281.57017745067,3,W
202314,283.354728953138,282.66633548022827,3,W
202315,285.063129960375,283.6432824023998,3,W
202316,284.315856620591,284.7508250656515,3,W
202317,289.445650597295,285.5488294416319,3,W
202318,288.498328937243,287.03774058707137,3,W
202319,288.27953897435,288.1819982717692,3,W
202320,290.08763287364,289.34854892513033,3,W
202321,288.629572487172,290.36065027324247,3,W
202322,288.354068221536,291.75908244807755,3,W
202323,292.318331159644,292.6258363563536,3,W
202324,294.021031024733,293.33566964053017,3,W
202325,295.480811374304,294.661891962975,3,W
202326,297.318578781185,294.9097313635735,3,W
202327,297.072348995965,295.50942626716176,3,W
202328,295.109225927662,295.7183434567125,3,W
202329,293.665723795932,295.3577419968477,3,W
202330,296.757290610847,294.81420901338583,3,W
202331,293.371232222696,293.9208784879025,3,W
202332,294.231710480222,293.21421428673784,3,W
202333,291.482036655569,292.07441834791666,3,W
202334,291.435578187995,291.01616957882675,3,W
202335,288.72659622535,289.7931764653192,3,W
202336,288.358159178641,288.28762177177987,3,W
202337,285.96465298437,286.87910405014844,3,W
202338,285.736589899795,285.2661308595447,3,W
202339,288.837446252862,283.4590147503123,3,W
202340,280.174066282469,281.74613076290575,3,W
202341,279.616430735217,280.13711869020466,3,W
202342,280.005551046557,278.98119672320223,3,W
202343,281.029149994855,277.7086546058964,3,W
202344,275.912255913236,276.3679647777254,3,W
202345,273.727377700952,275.3186895339585,3,W
202346,277.18474597127,274.5848083162477,3,W
202347,275.457346234876,273.6639266225913,3,W
202348,277.780330621466,273.2003547545992,3,W
202349,274.79455913687,272.8253382983743,3,W
202350,273.433548618442,272.1140302824862,3,W
202351,267.321652982627,273.3197642608798,3,W
202352,271.071044297861,273.58027151540415,3,W
202401,276.575680439908,273.87428787472044,3,W
202402,278.293097697132,274.2380406260222,3,W
202403,273.562309550477,274.5071582482605,3,W
202404,273.615560434267,274.4739024224522,3,W
202405,277.546006350672,275.3840668603131,3,W
202406,275.204994398606,275.73823024191665,3,W
202407,274.157002780661,276.55186478225,3,W
202408,277.676241547876,277.1532945709678,3,W
202409,280.17263087432,277.97788270055946,3,W
202410,276.171572080337,279.1783693009558,3,W
202411,279.022822922392,279.9064226620689,3,W
202412,282.258754616765,281.0458750450025,3,W
202413,280.98109202864,282.29316498071057,3,W
202414,283.000227578129,282.8167996925137,3,W
202415,281.012524272638,284.44333603247895,3,W
202416,283.117263738331,284.82869377390847,3,W
202417,287.405614909341,286.1028803823936,3,W
202418,283.452979058605,287.3778910195633,3,W
202419,288.378948499148,288.0688635996405,3,W
202420,291.708904896818,289.79419312412386,3,W
202421,292.169880136956,290.6702160097316,3,W
202422,290.855660722,291.5488436256769,3,W
202423,293.942960779347,293.0418179395016,3,W
202424,294.28736609972,294.2119226924947,3,W
202425,298.995148363173,294.9253725466674,3,W
202426,297.288150633384,295.5370523902129,3,W
202427,296.595638681637,295.86266142374967,3,W
202428,297.083789935371,295.53681146908053,3,W
202429,295.682079853048,295.6311979699739,3,W
202430,294.063020343524,294.9106285929433,3,W
202431,292.971537576914,294.5937271470421,3,W
202432,293.439576054533,293.72845927974873,3,W
202433,295.587509752711,292.2223770836979,3,W
202434,291.457304240227,291.15992482174056,3,W
202435,288.056336683087,289.6930057541391,3,W
202436,292.618077796909,288.4727165723515,3,W
202437,290.229164108869,286.16019327804304,3,W
202438,290.35300970383,285.2986941446118,3,W
202439,285.237937795728,283.65289271759264,3,W
202440,284.407333123863,282.2255581079323,3,W
202441,278.638879041456,280.57993547498376,3,W
202442,277.398462908948,278.8439186960571,3,W
202443,277.553912817539,277.8463997038739,3,W
202444,276.248781539649,276.52772110960484,3,W
202445,273.976640338216,274.98269250011987,3,W
202446,277.46350308135,274.0745852286912,3,W
202447,274.070857953631,273.7746066320566,3,W
202448,277.133388857467,272.8598254700376,3,W
202449,275.926780539884,272.9564436811245,3,W
202106,283.007521209698,283.99656443864495,3,SW
202107,285.977998926021,284.57435678686693,3,SW
202108,284.900619338199,285.7143567905533,3,SW
202109,284.618786110534,286.4899154149109,3,SW
202110,286.773113748458,287.5900165293462,3,SW
202111,290.831856411668,288.5904841483311,3,SW
202112,290.209619090653,289.78367160387114,3,SW
202113,285.37120592675,290.6301534443368,3,SW
202114,290.948494210841,291.73134833540576,3,SW
202115,292.356870024666,293.0328236508167,3,SW
202116,292.425547534682,293.9221989563336,3,SW
202117,293.722544557193,295.2824609222981,3,SW
202118,294.956616688522,296.29475619338933,3,SW
202119,294.810732201191,297.2408645610036,3,SW
202120,298.165073383449,298.13381495836563,3,SW
202121,301.504574010518,298.9561587792277,3,SW
202122,300.910265671138,299.425872657373,3,SW
202123,297.894582754229,300.09976706390734,3,SW
202124,298.8791385487,300.81137863313865,3,SW
202125,299.529833161177,301.17163593281504,3,SW
202126,299.048090498019,301.12774794019856,3,SW
202127,299.702571602123,301.0474867793856,3,SW
202128,299.210431376384,301.4742237256447,3,SW
202129,300.417812209274,301.5011723649943,3,SW
202130,298.268810424206,300.79642413543615,3,SW
202131,300.207416355007,300.2783350415937,3,SW
202132,299.629115046505,299.6718606150718,3,SW
202133,299.80150030942,299.03910720007116,3,SW
202134,299.148720626397,297.58819078573003,3,SW
202135,297.381631646226,296.6782166291773,3,SW
202136,295.067454607204,295.60627939244756,3,SW
202137,294.08946080081,293.8801285594693,3,SW
202138,292.651166381254,292.693930653268,3,SW
202139,289.965039951781,291.0768410583153,3,SW
202140,291.665525103653,289.6559442430736,3,SW
202141,287.784853320917,288.12069877389445,3,SW
202142,288.657828097147,286.64893457875604,3,SW
202143,287.668596199458,285.17099146954143,3,SW
202144,285.310600948511,283.9304311489781,3,SW
202145,285.662293582506,283.0881234849591,3,SW
202146,286.000682201451,282.49303809486037,3,SW
202147,284.241296449205,281.4103155456895,3,SW
202148,282.152189792322,280.78055395882006,3,SW
202149,285.516354535692,279.91975823444574,3,SW
202150,278.390920106289,280.3235126746904,3,SW
202151,281.861620692645,279.7969441022071,3,SW
202152,279.107542323979,279.8854781019487,3,SW
202201,278.163493692862,280.64149084018686,3,SW
202202,278.0502663996,280.7997398660671,3,SW
202203,280.179207698158,281.29139178820606,3,SW
202204,281.755856691902,282.1149263346539,3,SW
202205,279.594387757909,283.0425542408048,3,SW
202206,283.876023539565,283.6407233646882,3,SW
202207,280.564946038488,284.86285929873867,3,SW
202208,284.524086986608,286.23109193122065,3,SW
202209,285.683219803087,286.68462390877517,3,SW
202210,289.333564646472,287.8980918233186,3,SW
202211,289.518741692833,288.6782993555811,3,SW
202212,290.630745633236,289.9168198577977,3,SW
202213,292.925241102075,290.96058139899304,3,SW
202214,291.432044185622,292.0164539965291,3,SW
202215,293.266017489169,293.1853644379669,3,SW
202216,296.898949422692,294.26181303537,3,SW
202217,298.789806198331,295.22137690381425,3,SW
202218,293.676880319494,296.54490743626985,3,SW
202219,297.343310869739,297.7177569608064,3,SW
202220,299.773756158082,298.3093381907191,3,SW
202221,302.23128195568,299.2549053409979,3,SW
202222,300.245248445945,299.63857429401645,3,SW
202223,299.442515184432,300.2189663270279,3,SW
202224,301.429354085111,300.54732945926065,3,SW
202225,302.967870250452,300.95639811379147,3,SW
202226,303.440443450512,301.3157809617481,3,SW
202227,301.329203712889,301.42203798725683,3,SW
202228,301.380108785985,301.53227315744476,3,SW
202229,300.71516729294,301.1245764677326,3,SW
202230,299.600847085032,300.90997889146956,3,SW
202231,297.721633327682,300.33687692607344,3,SW
202232,299.113396768013,299.57729108977423,3,SW
202233,299.098507458902,298.68667301467804,3,SW
202234,296.552353807163,297.5643105136236,3,SW
202235,298.476913107031,296.397179551185,3,SW
202236,296.709219472204,294.9456028539149,3,SW
202237,293.714328926948,293.8702668109027,3,SW
202238,292.67511853666,292.2911907966562,3,SW
202239,290.091795783859,290.6997362486501,3,SW
202240,288.470584325261,288.9167522422014,3,SW
202241,287.795060187128,287.82737818622417,3,SW
202242,287.532905517397,286.7193536472428,3,SW
202243,278.542395632947,285.24922925464926,3,SW
202244,279.81053060251,283.8057577947232,3,SW
202245,281.839074666494,282.5403355123242,3,SW
202246,285.047170327503,281.9818353057753,3,SW
202247,281.029226490942,280.9779428873637,3,SW
202248,276.174723149831,279.74637700681893,3,SW
202249,279.587491728679,280.1039908903707,3,SW
202250,282.616151958581,279.07341919172075,3,SW
202251,283.003281835267,279.1674742605817,3,SW
202252,281.396831544831,279.4966374604304,3,SW
202301,276.942203761592,280.0075296657578,3,SW
202302,276.568170060277,280.2553942908562,3,SW
202303,280.780198815838,280.57185132443897,3,SW
202304,279.559758500077,281.3216293090066,3,SW
202305,283.752338397826,282.79268934246085,3,SW
202306,284.171631580726,283.4955155447318,3,SW
202307,287.039926714439,284.34316788368494,3,SW
202308,283.363770134915,285.4753000381943,3,SW
202309,284.245866578757,285.8639813891852,3,SW
202310,285.3605765881,287.2545529774545,3,SW
202311,287.154725368243,287.8961131286246,3,SW
202312,291.246022674919,289.34659099645046,3,SW
202313,290.186022135433,290.4234260292149,3,SW
202314,288.329309302256,291.1695098511545,3,SW
202315,292.939311055721,292.4302957305418,3,SW
202316,294.63927907355,293.0909931775163,3,SW
202317,293.700167123514,294.2754715931469,3,SW
202318,294.802187336812,295.64352768724194,3,SW
202319,295.488397311012,296.4493870310147,3,SW
202320,296.333625902478,297.02115061415356,3,SW
202321,297.991643842217,297.94049444739125,3,SW
202322,300.974676469934,298.5768430836527,3,SW
202323,302.026867859611,299.36275223231615,3,SW
202324,301.101384767837,299.888095154951,3,SW
202325,302.675503944801,300.36946523151113,3,SW
202326,303.436566019388,300.5504612322661,3,SW
202327,303.372221428061,300.8352740111291,3,SW
202328,303.322547160518,300.81364036206105,3,SW
202329,302.509674999625,300.52143255269993,3,SW
202330,301.838210457237,300.19375289392786,3,SW
202331,301.904767301315,299.58835823589993,3,SW
202332,300.880153050965,299.03279895380814,3,SW
202333,301.503928811821,298.2361641341478,3,SW
202334,296.894332015237,296.9761430009623,3,SW
202335,297.970799337908,295.9596820285509,3,SW
202336,298.534833728138,294.61675148563813,3,SW
202337,294.532832119612,293.36498542913995,3,SW
202338,292.618355092521,291.86981431605426,3,SW
202339,293.273480408827,290.2917670172471,3,SW
202340,292.775465767281,288.8876839054409,3,SW
202341,284.08663311972,286.93246195180177,3,SW
202342,289.01819763157,285.9824754452493,3,SW
202343,287.1797051433,284.3239883505857,3,SW
202344,283.164649897282,283.4696594283045,3,SW
202345,281.024067462577,282.1328492748445,3,SW
202346,284.212257936128,281.54825670590964,3,SW
202347,281.477016837386,280.92660949716065,3,SW
202348,284.141437758153,279.88937831730254,3,SW
202349,279.646414860305,279.5861552382056,3,SW
202350,278.265626011796,278.837823024092,3,SW
202351,276.692471551267,279.1025873449863,3,SW
202352,274.826380655555,279.312904521646,3,SW
202401,280.459772478781,279.5360372787576,3,SW
202402,284.440328798457,279.9170354526143,3,SW
202403,281.790834644382,280.71574903882237,3,SW
202404,280.885321631482,281.1961491205409,3,SW
202405,286.588738627731,282.2768837968064,3,SW
202406,285.90528329965,283.012388396977,3,SW
202407,285.343393133677,283.96938959022265,3,SW
202408,286.308909339187,285.0621525496156,3,SW
202409,285.917358627764,286.6232874404682,3,SW
202410,285.697508884136,287.4338418100064,3,SW
202411,287.919022563721,288.4208678345443,3,SW
202412,289.859621980637,289.5168636553347,3,SW
202413,291.267579149063,290.4219993060645,3,SW
202414,291.928861594514,291.5857862212981,3,SW
202415,293.828664539222,292.97066959702624,3,SW
202416,293.076387782839,293.58184124611086,3,SW
202417,295.619010479192,294.4775344765443,3,SW
202418,296.950917814601,296.0410900654982,3,SW
202419,298.12592604796,297.00282563442045,3,SW
202420,300.505115329664,297.78441697344005,3,SW
202421,300.138128043021,298.5351992158841,3,SW
202422,299.644647770812,299.2379083541398,3,SW
202423,302.049823002404,299.5102395803552,3,SW
202424,301.568351770642,300.24156409626227,3,SW
202425,301.106279568345,300.64106664474093,3,SW
202426,300.878308018335,300.8749481343743,3,SW
202427,299.570504737639,300.9394665587466,3,SW
202428,302.175809092655,301.0311767188271,3,SW
202429,301.452171664801,301.1441802900109,3,SW
202430,302.161208617007,300.4744031659235,3,SW
202431,302.244399610014,300.3454485905455,3,SW
202432,299.336048999664,299.46981022532646,3,SW
202433,297.287238480422,298.4103849276462,3,SW
202434,298.191902267548,297.6405818722832,3,SW
202435,297.872472573586,296.1694900171001,3,SW
202436,297.294474385447,294.94033756492155,3,SW
202437,298.103825740138,293.39429791999527,3,SW
202438,297.531411646997,292.49269620530595,3,SW
202439,291.522565451368,290.3805030624389,3,SW
202440,294.20232627918,288.9962578952192,3,SW
202441,291.2950095744,287.7116877306121,3,SW
202442,285.65455841096,285.96278699068813,3,SW
202443,287.463857692553,285.11067491182223,3,SW
202444,285.625478446497,283.7491438666365,3,SW
202445,283.075727478712,282.35836440503647,3,SW
202446,282.488258949995,281.7616564891927,3,SW
202447,282.326697284676,281.0046734687739,3,SW
202448,284.248534715438,280.37345888518024,3,SW
202449,284.709905782704,280.20752247505914,3,SW
202106,274.983903882557,272.2753779354826,3,MW
202107,279.70158074799,272.3018394832488,3,MW
202108,276.256879543493,274.6536210578133,3,MW
202109,279.755941135808,277.16605452622815,3,MW
202110,278.011956803135,279.67550163635906,3,MW
202111,285.14381850294,280.35967335685194,3,MW
202112,280.312637432139,281.3700164794679,3,MW
202113,277.782628498586,283.3484552331644,3,MW
202114,283.661245757074,284.86055036807556,3,MW
202115,286.055764007103,286.29306893563205,3,MW
202116,282.88232735299,287.60383665700965,3,MW
202117,290.10917375909,289.2175306642756,3,MW
202118,291.702958792403,291.0721632350744,3,MW
202119,288.477187342203,291.3278081795261,3,MW
202120,297.38995602213,292.63571572110334,3,MW
202121,296.734385426813,294.01780628419147,3,MW
202122,294.707121389474,295.09376254595117,3,MW
202123,295.728312466766,295.9949010687482,3,MW
202124,296.522921115767,297.05983751198454,3,MW
202125,295.584904262292,296.794942837613,3,MW
202126,296.813685724758,296.9329162994947,3,MW
202127,299.411820233671,297.04296374800265,3,MW
202128,295.762772795343,297.06577294603443,3,MW
202129,297.971528802183,296.9887255932782,3,MW
202130,297.052398547884,296.6311388172951,3,MW
202131,296.940001042599,295.7176995454311,3,MW
202132,295.687207465613,294.90648401976,3,MW
202133,293.339054980414,293.7683540915936,3,MW
202134,294.013617648428,292.80823062768616,3,MW
202135,291.921449263696,291.119938151379,3,MW
202136,291.989906066984,289.2617549637839,3,MW
202137,291.724195130118,288.066636848721,3,MW
202138,289.554778616906,285.7694503793498,3,MW
202139,284.842765383981,284.2414181287073,3,MW
202140,281.66920349937,282.45893513257,3,MW
202141,278.879553662564,280.5128657244176,3,MW
202142,282.077107773311,278.2526045695251,3,MW
202143,276.459008788986,276.5194612545067,3,MW
202144,275.002668544986,275.239523328827,3,MW
202145,277.127152695715,273.7703612305354,3,MW
202146,272.87139000968,272.05490898872785,3,MW
202147,276.246264862599,270.87501287182243,3,MW
202148,270.217591863581,269.890295174517,3,MW
202149,271.288897610288,269.43625846123723,3,MW
202150,262.914462614701,268.85039415154415,3,MW
202151,268.621967501422,268.3489826247612,3,MW
202152,266.001844027002,268.1885121038503,3,MW
202201,265.074262341831,268.32614126313865,3,MW
202202,266.355163783113,268.811384035877,3,MW
202203,270.917862375012,269.6804259436341,3,MW
202204,267.33952925039,270.44693137326936,3,MW
202205,265.713982292749,271.7767290112036,3,MW
202206,273.481536058809,272.60965369628144,3,MW
202207,270.630951561778,273.68337456761157,3,MW
202208,276.761156554436,274.985762795408,3,MW
202209,279.026872313704,276.4779788200231,3,MW
202210,274.71013049696,278.10357047010285,3,MW
202211,278.292270621176,279.5802061976413,3,MW
202212,279.47478105946,281.72901179168286,3,MW
202213,278.721054556165,282.21008890289875,3,MW
202214,282.517858027932,284.28434855621765,3,MW
202215,283.063673548364,285.8401979798055,3,MW
202216,291.011071908262,287.55550980712405,3,MW
202217,290.282106109725,288.7264330269049,3,MW
202218,286.189962770989,290.2856927527597,3,MW
202219,291.650867859715,291.6735575583876,3,MW
202220,291.240711239862,292.8961410599418,3,MW
202221,295.969217274807,293.95312732334634,3,MW
202222,297.067843464524,294.47980854599433,3,MW
202223,294.944012240095,295.57926927958965,3,MW
202224,296.852682048341,296.4456409024518,3,MW
202225,296.998886397008,296.6101670177593,3,MW
202226,299.047127747863,296.55855447096417,3,MW
202227,296.000234751485,296.846448555352,3,MW
202228,297.716596324456,296.9270011314043,3,MW
202229,296.531208905418,296.86556907923875,3,MW
202230,295.542108609253,296.17427428457984,3,MW
202231,295.868015962854,295.4176014241032,3,MW
202232,296.834617731692,294.7580486756974,3,MW
202233,294.948450677422,293.3624680964788,3,MW
202234,292.464210622331,291.98414097534834,3,MW
202235,292.670133701724,290.81796598439445,3,MW
202236,288.063038288497,289.3756292710941,3,MW
202237,287.878969064408,287.1784969871859,3,MW
202238,284.957024000162,285.4656014370675,3,MW
202239,280.364549799586,283.39580305430326,3,MW
202240,284.442994540295,281.63594059880626,3,MW
202241,285.252452416067,279.99591555534244,3,MW
202242,279.779000179651,277.58679314601693,3,MW
202243,269.934699142046,276.00194510852594,3,MW
202244,273.481640577348,274.1388548515085,3,MW
202245,273.758844556811,272.4816930705985,3,MW
202246,271.147287719127,271.3687901928193,3,MW
202247,272.60367023517,270.2024373010778,3,MW
202248,261.649540683486,269.2288167490023,3,MW
202249,267.800101427278,268.7856299488154,3,MW
202250,271.645217473761,268.011599690728,3,MW
202251,271.596971956057,266.96917239174763,3,MW
202252,272.395315972813,267.30191383514756,3,MW
202301,268.9977322835,267.88367678951096,3,MW
202302,262.975905404038,268.97930363570043,3,MW
202303,273.611744978576,269.64784705827367,3,MW
202304,273.241518017279,269.546278245053,3,MW
202305,269.320341292115,270.9467733793019,3,MW
202306,274.601905338591,272.8798802415679,3,MW
202307,273.565941090786,273.6403271164594,3,MW
202308,271.374296189302,274.85414879359735,3,MW
202309,274.584484923814,276.4818356966856,3,MW
202310,275.217342219467,277.51496099255286,3,MW
202311,278.555369481686,278.9490204856473,3,MW
202312,287.477745584941,280.2633885459346,3,MW
202313,280.411147878858,282.34420248528505,3,MW
202314,280.565437658636,283.9967429158049,3,MW
202315,284.186521439509,285.22459231338115,3,MW
202316,290.623470622563,286.8117630368769,3,MW
202317,288.24560394087,288.1762201224318,3,MW
202318,291.34615794719,289.3232652200078,3,MW
202319,294.961252150314,291.3023545030261,3,MW
202320,294.360340341657,292.198088962133,3,MW
202321,291.712061219651,293.67736973063177,3,MW
202322,295.847475705234,294.3919097843221,3,MW
202323,295.764553539227,295.2510325382559,3,MW
202324,295.037808957262,295.74492838744976,3,MW
202325,295.625138405744,296.46525618357487,3,MW
202326,295.464459101056,296.2796732282395,3,MW
202327,299.358935302902,296.3241715476005,3,MW
202328,297.469511373933,296.35386839417384,3,MW
202329,295.49258306472,295.8937505043913,3,MW
202330,294.822790361431,295.7746980190288,3,MW
202331,298.399396596281,294.8117009800847,3,MW
202332,295.269801131639,293.9536776571668,3,MW
202333,295.644637076744,292.8741664813563,3,MW
202334,290.850103916353,291.7483021340157,3,MW
202335,292.583714052845,290.1945913721255,3,MW
202336,292.348702900601,288.82592530128665,3,MW
202337,290.55657853104,286.8375065634569,3,MW
202338,284.372003611177,285.4675272357078,3,MW
202339,285.08712224363,283.7007343636417,3,MW
202340,283.623032975188,281.540368839532,3,MW
202341,275.603793599091,278.74942043000954,3,MW
202342,280.65351294179,277.7570902379591,3,MW
202343,281.382817614821,274.9648516907857,3,MW
202344,275.086518856225,273.70099614203144,3,MW
202345,272.385979240762,272.7514053320498,3,MW
202346,276.276839839332,271.68907634006996,3,MW
202347,274.099916456209,269.53518173555386,3,MW
202348,275.148674457563,268.981913474238,3,MW
202349,274.193454773682,268.80941673140455,3,MW
202350,270.380982052161,268.0960735847666,3,MW
202351,264.408409680899,268.0667994480202,3,MW
202352,259.229529885149,266.6533610637752,3,MW
202401,273.122807206908,267.41281871034823,3,MW
202402,276.17978956934,266.55666324877,3,MW
202403,276.034635117307,267.8635071467861,3,MW
202404,271.395162527301,270.2750223865445,3,MW
202405,277.261811589675,270.35965473517507,3,MW
202406,276.95760752715,271.8322917137952,3,MW
202407,276.889611296595,273.2967999881577,3,MW
202408,280.67635173508,275.0018017065671,3,MW
202409,273.615560230885,276.69968041714213,3,MW
202410,276.36914251692,278.67477750149186,3,MW
202411,279.605071224621,279.56678202871734,3,MW
202412,284.929455951627,280.9674598746042,3,MW
202413,282.88002833496,281.8713437568944,3,MW
202414,284.828842746512,283.1172628585197,3,MW
202415,286.315507621397,285.69515852655724,3,MW
202416,288.590579361767,286.91782667694036,3,MW
202417,290.34513995132,288.21965683174227,3,MW
202418,290.490748334352,290.0798878867667,3,MW
202419,290.563148149302,291.2208876793425,3,MW
202420,293.012919104426,292.94860624456646,3,MW
202421,294.428188188087,293.4767662897489,3,MW
202422,295.51393140271,294.3271211051794,3,MW
202423,295.473066937574,294.931230538613,3,MW
202424,294.509969343251,295.6193097567295,3,MW
202425,297.504641130288,295.55408141057376,3,MW
202426,295.989379822555,296.1673968018958,3,MW
202427,297.13361027233,295.9807722083065,3,MW
202428,299.332887701666,296.3982094992899,3,MW
202429,293.759645619055,296.1222446961785,3,MW
202430,295.905900293759,295.78922647713296,3,MW
202431,295.606539945229,295.05992712895744,3,MW
202432,296.846508572727,293.98174684305735,3,MW
202433,292.472457777946,292.977990539883,3,MW
202434,295.308726962687,291.79332242586304,3,MW
202435,295.653305683521,290.3637860300241,3,MW
202436,292.752033600339,288.37589797714554,3,MW
202437,290.303153351359,287.1412819734872,3,MW
202438,288.95523611653,285.47810157611167,3,MW
202439,284.469421854044,283.4451695457577,3,MW
202440,286.202271536057,281.5485335382093,3,MW
202441,284.608914088223,278.5298435226433,3,MW
202442,282.056448710674,277.4160515811812,3,MW
202443,280.404929811729,276.3354832076225,3,MW
202444,277.496023872442,273.89013393808085,3,MW
202445,270.099486992679,272.8784439894296,3,MW
202446,270.831399406917,271.0709373438413,3,MW
202447,269.946680118872,269.9167236517223,3,MW
202448,270.889845582287,269.0220978475389,3,MW
202449,275.264743189278,268.8341971219585,3,MW
202106,285.4817210766,283.3301439277474,3,SE
202107,284.313503280819,284.03203926606267,3,SE
202108,288.77694747333,285.1820320857211,3,SE
202109,286.384136905967,286.6163016741701,3,SE
202110,289.101144470426,287.92097522314765,3,SE
202111,287.663326418227,289.65685862037986,3,SE
202112,291.042134922163,289.43056713407304,3,SE
202113,286.985627275238,291.17188004359303,3,SE
202114,291.239294520871,291.95443504810567,3,SE
202115,293.318944530085,292.7537968749078,3,SE
202116,290.321143562282,294.12836047351027,3,SE
202117,293.078205720362,294.86151322916373,3,SE
202118,296.942452059149,295.65995315129106,3,SE
202119,294.007895692238,296.7747116559076,3,SE
202120,297.668879584762,298.4459012981935,3,SE
202121,298.454777609614,299.1735481448416,3,SE
202122,297.634363676465,299.8590887579674,3,SE
202123,298.818817516257,300.3653662114451,3,SE
202124,298.1232478066,300.46292856942273,3,SE
202125,298.939345237609,299.489486741937,3,SE
202126,298.836716901805,300.002817200185,3,SE
202127,300.671452271307,300.29500759901066,3,SE
202128,298.945488548269,300.6373328370991,3,SE
202129,299.995228450085,300.5313741915641,3,SE
202130,299.519902591565,300.1465152591484,3,SE
202131,300.475683874595,299.81266791484376,3,SE
202132,299.16574900349,299.2021438924162,3,SE
202133,297.40420413061,298.6439070017629,3,SE
202134,297.115393313671,297.87360934323056,3,SE
202135,296.481938011282,296.42407798355083,3,SE
202136,294.770112942935,295.10614830527174,3,SE
202137,295.72360784688,294.0911181480192,3,SE
202138,295.550993931901,292.8147575301253,3,SE
202139,291.702819299647,290.8673031991921,3,SE
202140,290.970116882204,289.8176128070446,3,SE
202141,285.893063343634,288.34974955720946,3,SE
202142,286.141425072688,287.05614944253387,3,SE
202143,285.922650909445,285.47151342536176,3,SE
202144,282.71696414296,284.77715937173645,3,SE
202145,282.738898937971,283.8214312027766,3,SE
202146,285.430954430297,282.3754289196248,3,SE
202147,286.166142998415,281.59224109686755,3,SE
202148,282.884977550189,281.5893452854351,3,SE
202149,289.562663800112,280.72256846347284,3,SE
202150,281.332200280568,280.53895465054785,3,SE
202151,279.662229090195,279.5685065022964,3,SE
202152,277.389469534046,279.2991713565864,3,SE
202201,276.21220912116,279.3516880517635,3,SE
202202,279.462594400143,280.31502909988876,3,SE
202203,279.422206622717,280.9355460207497,3,SE
202204,282.168978938318,281.82332317965734,3,SE
202205,284.049489995372,282.7180780153312,3,SE
202206,284.187392397481,282.9300342539721,3,SE
202207,286.940136736644,284.9699470674392,3,SE
202208,284.459664246724,285.97582712678815,3,SE
202209,287.623204969691,286.8540302650793,3,SE
202210,286.135740734816,287.2887255759604,3,SE
202211,288.068300760161,289.12943946166786,3,SE
202212,289.247041943675,289.4968543546221,3,SE
202213,289.156375650858,289.8889564526648,3,SE
202214,291.962255929109,291.0842269912693,3,SE
202215,294.369133095865,292.8771428619104,3,SE
202216,293.341295824796,294.52675167967584,3,SE
202217,296.946014378474,294.74209143048427,3,SE
202218,295.337583608183,296.1700171311471,3,SE
202219,297.586289170477,297.27753161615925,3,SE
202220,297.415801427348,298.0256854265411,3,SE
202221,300.606252639178,298.75968208603757,3,SE
202222,300.183306336245,298.9899072855647,3,SE
202223,299.488226858596,299.4764013149479,3,SE
202224,301.035471236671,299.9220584170438,3,SE
202225,300.058874748954,300.46828585574383,3,SE
202226,300.917528645297,300.4946667106843,3,SE
202227,301.264781147975,300.45606379772084,3,SE
202228,300.23313938519,300.80302999621097,3,SE
202229,299.767417277524,300.66304450542583,3,SE
202230,298.436196736376,300.0821075434148,3,SE
202231,298.555447371609,299.9542236765288,3,SE
202232,299.493014295947,298.8698668021734,3,SE
202233,298.012060120307,298.4669427494804,3,SE
202234,296.399984624661,297.27898396062125,3,SE
202235,298.091063754394,296.17441147066523,3,SE
202236,292.988821195765,295.1426375575029,3,SE
202237,291.759439696198,293.4052808006317,3,SE
202238,291.94056434832,292.6671160919755,3,SE
202239,287.868807070964,291.05665578492153,3,SE
202240,290.077654720096,289.63441044098903,3,SE
202241,290.991232491371,288.29655773343393,3,SE
202242,292.019154875302,286.3803648502395,3,SE
202243,280.906034218035,285.2908216975048,3,SE
202244,282.592158286888,284.9005749513409,3,SE
202245,284.968262167003,283.7504258777761,3,SE
202246,287.491694818062,282.2602505991304,3,SE
202247,283.786576191051,282.0836790819588,3,SE
202248,277.259449555413,281.0147881855101,3,SE
202249,277.41508300136,279.60528081888816,3,SE
202250,286.604522774025,278.6198083204869,3,SE
202251,282.190236907496,279.17550111783413,3,SE
202252,283.19409118231,278.81114064870656,3,SE
202301,280.003816503795,279.3156402307787,3,SE
202302,280.515344846578,280.0395191057884,3,SE
202303,284.673759572369,280.1319787170483,3,SE
202304,284.00000050099,282.05218414640206,3,SE
202305,288.18998634381,281.8908290485871,3,SE
202306,289.659396332076,283.1694323458472,3,SE
202307,286.987351040434,284.27332608098567,3,SE
202308,282.233079603767,283.4391036682535,3,SE
202309,285.449944994692,285.00357271872093,3,SE
202310,289.270018845512,285.2465771043271,3,SE
202311,290.740440048078,288.26847561078785,3,SE
202312,289.799882177033,289.0497596607121,3,SE
202313,291.12992073446,290.87365672098497,3,SE
202314,289.018787631998,292.17753371576424,3,SE
202315,289.832167796585,292.7866777825603,3,SE
202316,295.377862159275,293.5551977367844,3,SE
202317,295.436435095271,294.49357929132253,3,SE
202318,293.487233905597,295.27085387618104,3,SE
202319,295.546191987705,296.6022678278897,3,SE
202320,296.416516009778,298.07960913397096,3,SE
202321,297.143382368463,298.4420315132526,3,SE
202322,297.529601369868,298.30280544486783,3,SE
202323,300.234123712665,298.94838152396227,3,SE
202324,300.412965958186,299.17938887787227,3,SE
202325,299.923850505454,299.65472570715787,3,SE
202326,300.577021108579,299.83001309999025,3,SE
202327,301.020876135539,299.687691491984,3,SE
202328,300.636771052853,299.486609536881,3,SE
202329,300.868272182131,299.6368432256093,3,SE
202330,300.275822318796,300.08151517101976,3,SE
202331,302.271130168334,299.3425013263664,3,SE
202332,298.808929230021,298.7744047851606,3,SE
202333,299.714613762846,298.1751199477118,3,SE
202334,297.423669304138,297.4870531636033,3,SE
202335,296.16260194654,296.127372027675,3,SE
202336,296.418002666028,295.29888004156084,3,SE
202337,295.560962529442,293.68537283871404,3,SE
202338,291.279715506181,291.849355450373,3,SE
202339,288.988423817266,289.9039879552738,3,SE
202340,293.127684334765,289.31862831888486,3,SE
202341,286.214393760032,287.29742649564844,3,SE
202342,290.515537475326,286.4640404615869,3,SE
202343,287.729283917905,285.2357542123837,3,SE
202344,284.899851752994,284.4257894676449,3,SE
202345,282.316359630188,283.3342499966377,3,SE
202346,284.469114328663,282.6080492345371,3,SE
202347,282.257875622858,281.2862124316629,3,SE
202348,281.285209290975,279.88699981942534,3,SE
202349,282.276449737206,280.5030309368749,3,SE
202350,278.614889445522,279.99228332124727,3,SE
202351,279.981340532672,280.54291842260903,3,SE
202352,272.569077739208,278.8518306032799,3,SE
202401,284.31827083892,279.72370383786097,3,SE
202402,281.721344488372,279.4589347277859,3,SE
202403,284.07455376308,280.13695826790143,3,SE
202404,282.004555495853,281.772064090587,3,SE
202405,283.482564171235,282.6785462447008,3,SE
202406,285.964147903738,282.54625303538154,3,SE
202407,288.3208887582,284.2121536986419,3,SE
202408,288.562298667994,285.723446520337,3,SE
202409,284.330792421995,287.39517803777045,3,SE
202410,287.349344485112,287.0455458097246,3,SE
202411,287.903223966338,287.70542843953257,3,SE
202412,290.632114321036,288.81190175682394,3,SE
202413,292.632322336041,290.0911343598166,3,SE
202414,290.535815539612,290.5651338835913,3,SE
202415,295.044711099009,292.5511367663666,3,SE
202416,295.244933292086,293.5418358672026,3,SE
202417,294.960827563009,294.96697241222915,3,SE
202418,297.400612730822,295.9922113280023,3,SE
202419,296.385742289645,296.87506702668895,3,SE
202420,298.157154502911,297.32608873481263,3,SE
202421,298.591537727784,298.1604833758481,3,SE
202422,300.174679053094,298.6738897766451,3,SE
202423,301.263311674638,299.20870437828347,3,SE
202424,300.990221947391,299.85879883883774,3,SE
202425,301.198353127209,300.2985589951885,3,SE
202426,300.257885401567,300.6293488500551,3,SE
202427,299.072173871004,300.5890166509502,3,SE
202428,300.922884881256,300.4701732042465,3,SE
202429,300.297413561495,299.97373860798047,3,SE
202430,300.409534376896,299.94127082683013,3,SE
202431,298.032308398516,299.6001844068812,3,SE
202432,300.926551238613,298.9282995711651,3,SE
202433,296.708873800217,298.3568473033691,3,SE
202434,296.219651392991,297.3534853014538,3,SE
202435,297.835764284395,296.3041713093554,3,SE
202436,296.647594722436,295.1682141741858,3,SE
202437,296.331575793918,293.7777782559149,3,SE
202438,293.146198609214,292.33137506066885,3,SE
202439,288.408729704762,291.164618001044,3,SE
202440,292.957811961667,289.7647216923405,3,SE
202441,292.810191621085,288.7684678987519,3,SE
202442,293.201446281223,287.6549451017272,3,SE
202443,288.431628927407,286.46521383053465,3,SE
202444,285.754061415599,284.99854639266727,3,SE
202445,283.20111366628,283.45819176768964,3,SE
202446,277.906666008097,282.079261014876,3,SE
202447,283.380971661445,281.8469478722449,3,SE
202448,282.789121331898,280.9069247569497,3,SE
202449,283.868366501519,280.8241907593545,3,SE
202106,270.432940761353,270.46777014808004,3,NE
202107,271.159398945325,272.65842327964464,3,NE
202108,272.629212317511,273.92580613450434,3,NE
202109,279.055097150751,275.38215109867394,3,NE
202110,279.43644528147,277.2189664555897,3,NE
202111,278.570493384993,278.14866156055837,3,NE
202112,283.444996592143,279.69847865444245,3,NE
202113,278.367440444078,280.60542397927134,3,NE
202114,282.2464191292,282.06301093054,3,NE
202115,283.173040571024,283.6921785318661,3,NE
202116,281.506759977617,285.8180777199369,3,NE
202117,289.015327023101,287.23772465854154,3,NE
202118,291.298293533031,288.59050819060514,3,NE
202119,285.484649431729,290.1523809920048,3,NE
202120,294.647669223768,291.16529515484365,3,NE
202121,290.316227614843,292.30678445753153,3,NE
202122,292.045201699988,293.2986819566722,3,NE
202123,295.908665807429,294.06868882263194,3,NE
202124,292.072529994079,294.7335850006502,3,NE
202125,293.985433314445,294.80174841739876,3,NE
202126,293.943323772729,295.1338825343176,3,NE
202127,293.653568818856,295.2247121307402,3,NE
202128,291.518541492235,295.11530719566974,3,NE
202129,296.221734209487,294.997789648875,3,NE
202130,295.026348819789,294.7830901203957,3,NE
202131,296.608310415598,294.286886606548,3,NE
202132,293.342830130824,293.1395999728579,3,NE
202133,290.91930175009,292.55469169479454,3,NE
202134,291.229988777272,291.4114793566185,3,NE
202135,291.438667325928,289.9112637429559,3,NE
202136,287.807323106781,288.686173855758,3,NE
202137,287.949590869986,287.4215350407413,3,NE
202138,289.273503541387,285.721271568198,3,NE
202139,286.114756855182,284.21611832112364,3,NE
202140,282.179023940165,282.29549479112535,3,NE
202141,280.030759001525,280.9329872955138,3,NE
202142,280.006148069102,279.5400051825345,3,NE
202143,277.904806373316,277.6330714526129,3,NE
202144,274.562878166407,275.8782518270057,3,NE
202145,272.697009215,274.77139517448967,3,NE
202146,272.406904782688,273.0321150093816,3,NE
202147,275.822637809786,271.53316561853694,3,NE
202148,271.725755456232,269.7654383410576,3,NE
202149,272.530231851491,270.3185000569948,3,NE
202150,270.285631703717,269.30399110315915,3,NE
202151,266.436010204157,268.3035868024763,3,NE
202152,263.561324924031,267.4746543744038,3,NE
202201,263.314703688283,267.9357211558983,3,NE
202202,265.821942498787,268.5649116758467,3,NE
202203,268.616493118617,268.0241941423035,3,NE
202204,269.119907092537,268.4223385919469,3,NE
202205,270.367520673408,270.15517238691575,3,NE
202206,267.381591835228,271.44969091746486,3,NE
202207,274.480839542553,272.17123592701813,3,NE
202208,275.677364824956,273.5068791685718,3,NE
202209,277.356848676743,275.04316345382244,3,NE
202210,273.383713288328,276.5642718520633,3,NE
202211,277.491865560832,278.7075568329917,3,NE
202212,281.056857067391,279.65485885244476,3,NE
202213,278.047559801492,280.6272192156803,3,NE
202214,280.375963328851,282.66117640509134,3,NE
202215,282.850604584394,284.0611216992214,3,NE
202216,285.844255608218,286.00159628411313,3,NE
202217,288.205509181237,286.6838950144644,3,NE
202218,289.252242446392,288.9568211913228,3,NE
202219,291.025239272953,289.73610246652777,3,NE
202220,289.552280704299,291.0665582790511,3,NE
202221,292.270068677999,292.1975128023725,3,NE
202222,289.476500174039,292.63513157066285,3,NE
202223,293.827992979969,293.5864162604355,3,NE
202224,293.656851498599,294.44604023277583,3,NE
202225,293.643619923471,294.2035946884875,3,NE
202226,296.5210955737,294.8870903895384,3,NE
202227,296.122578515737,294.8652187144105,3,NE
202228,295.683713752388,294.7070763255124,3,NE
202229,295.711640889671,294.5665694595725,3,NE
202230,293.164484825489,293.99856048116067,3,NE
202231,294.81512208981,293.61325808074434,3,NE
202232,293.682547298838,292.98266802698134,3,NE
202233,292.08846135425,291.9451093754099,3,NE
202234,291.333915369299,290.9455831494844,3,NE
202235,288.929571562513,289.53048973752374,3,NE
202236,285.41778968924,288.14938972000607,3,NE
202237,284.694290249616,286.6134390412233,3,NE
202238,283.730053422591,285.2790818958927,3,NE
202239,282.135670634068,283.55772141357835,3,NE
202240,284.968382874387,282.01638607838464,3,NE
202241,284.136655382136,280.01038485611605,3,NE
202242,284.461426874849,277.965797626112,3,NE
202243,275.563120975709,276.8411153842692,3,NE
202244,272.786476456908,275.9466135942753,3,NE
202245,275.05510505158,273.7238236491257,3,NE
202246,276.026313282222,272.6367858746757,3,NE
202247,270.251126634664,271.6235181086671,3,NE
202248,270.820773891895,270.2886192362006,3,NE
202249,269.696001187887,268.7415972845103,3,NE
202250,276.145075190422,268.2690595297063,3,NE
202251,270.570556892165,267.51279939146303,3,NE
202252,270.725675516625,267.70241393572235,3,NE
202301,270.623883716089,268.1566236827765,3,NE
202302,265.342005170457,267.97142544978334,3,NE
202303,272.212067955122,268.74732697106015,3,NE
202304,274.676943229093,269.46271527593063,3,NE
202305,270.97193724589,269.8331077665388,3,NE
202306,271.30505172213,271.4016580653331,3,NE
202307,271.978289538475,271.94462669114364,3,NE
202308,273.510263059382,273.1020770113283,3,NE
202309,274.859866747044,274.52960398157626,3,NE
202310,275.966591985521,275.6369878132244,3,NE
202311,277.9192516711,277.2917864612059,3,NE
202312,284.986942819537,279.5462600392611,3,NE
202313,282.492193656848,279.9275959368288,3,NE
202314,280.49688193784,282.22263486581346,3,NE
202315,281.212527859337,283.8846240381497,3,NE
202316,287.305082609705,284.9721445275718,3,NE
202317,284.239460798116,285.6985431694812,3,NE
202318,286.372473826573,287.36778411819785,3,NE
202319,291.774865685511,289.6857061930805,3,NE
202320,286.34147391877,290.0032818045044,3,NE
202321,290.086390437906,291.94391627087225,3,NE
202322,291.147472985663,292.61221685293515,3,NE
202323,293.323781777725,293.4475504162794,3,NE
202324,295.889891447498,293.7938377958872,3,NE
202325,295.133770487797,294.2968069096682,3,NE
202326,294.831801555672,294.67820770207584,3,NE
202327,295.73538451736,294.69260004478906,3,NE
202328,291.932452171776,294.4299671986026,3,NE
202329,293.34196704907,294.21290830370054,3,NE
202330,293.20920904091,293.98222476998893,3,NE
202331,292.661516189846,293.1471235994568,3,NE
202332,291.484403403004,292.89174567639833,3,NE
202333,296.220986972103,291.5929787326165,3,NE
202334,290.774468561615,290.1836551043009,3,NE
202335,288.45506165788,289.1159153794792,3,NE
202336,287.479004413289,288.03654438377447,3,NE
202337,291.21303695113,286.7720958613557,3,NE
202338,283.308625167789,284.77889105809845,3,NE
202339,283.405714022139,283.0391453877041,3,NE
202340,285.58053710437,281.34064524489986,3,NE
202341,277.726438171173,279.45494778743273,3,NE
202342,278.206042012872,277.8978122070594,3,NE
202343,277.165711844317,276.18654640909125,3,NE
202344,273.613269287712,275.1569594539636,3,NE
202345,273.533588322212,273.939664307819,3,NE
202346,272.757444098737,272.3927287743603,3,NE
202347,273.982309527289,271.2503839689752,3,NE
202348,273.241611514812,270.34044580285024,3,NE
202349,275.834086676295,269.0377124396211,3,NE
202350,269.688523411662,268.89011261958547,3,NE
202351,272.134459709214,268.2933402361231,3,NE
202352,263.848140321409,268.31391943868965,3,NE
202401,272.432346134652,267.9975066446236,3,NE
202402,270.696594707257,266.98621913881,3,NE
202403,273.628811402461,267.5239284876314,3,NE
202404,269.135510692025,269.52245136273626,3,NE
202405,269.80616322348,270.0854705722855,3,NE
202406,275.160748647266,270.4211521987041,3,NE
202407,277.607825670753,272.27712054928594,3,NE
202408,277.982123726754,273.8006485173953,3,NE
202409,271.294443480173,274.79107138204625,3,NE
202410,275.732365297571,276.0169797597301,3,NE
202411,276.299027885207,276.62984353016856,3,NE
202412,282.603986398696,278.638603057154,3,NE
202413,281.29902076528,279.98459008837597,3,NE
202414,280.193394707989,282.0677603825405,3,NE
202415,285.582776104167,283.4575731337453,3,NE
202416,285.020808910222,284.9044736657826,3,NE
202417,288.227615648812,286.6398078349001,3,NE
202418,291.958196001878,287.5359304639076,3,NE
202419,289.190797361705,289.5946549312013,3,NE
202420,291.913357710668,290.38014792307064,3,NE
202421,290.0459205515,291.34183043301414,3,NE
202422,296.022237252463,291.9599776140198,3,NE
202423,292.973746085704,292.88179835346335,3,NE
202424,294.673496296667,293.4274330337616,3,NE
202425,296.984318058709,294.0780376421898,3,NE
202426,295.594377312129,294.5287564378715,3,NE
202427,294.290329076456,294.41886776474473,3,NE
202428,296.639688189338,294.2090773083003,3,NE
202429,293.644743790849,294.0349982782642,3,NE
202430,293.329975420298,293.71106555755284,3,NE
202431,290.99089306992,293.22809673038427,3,NE
202432,293.727364510484,292.55131562273465,3,NE
202433,289.650402634079,291.4329170391441,3,NE
202434,291.366682181917,290.2996320690911,3,NE
202435,292.351033030765,289.5568164651268,3,NE
202436,289.077608847444,287.5938649040527,3,NE
202437,288.433471803944,285.74105157576486,3,NE
202438,283.989401241584,284.49083692020264,3,NE
202439,281.686598670961,283.25354741919494,3,NE
202440,284.866122003663,281.776188727649,3,NE
202441,282.818073873509,280.00121092965003,3,NE
202442,282.406427130836,278.2098593221107,3,NE
202443,277.774839135975,277.0480064381943,3,NE
202444,278.211800378169,275.52518323776445,3,NE
202445,273.972124405391,273.8819335719948,3,NE
202446,270.273173634204,272.0900946146115,3,NE
202447,271.626280094375,270.81638457826466,3,NE
202448,271.079631750401,270.1265879651376,3,NE
202449,271.777793472733,268.45966733787697,3,NE
202106,277.162458992549,276.0468445468702,4,W
202107,276.235142127216,276.3602289258738,4,W
202108,276.509675004576,277.7047540651488,4,W
202109,278.114715050351,278.21916950718366,4,W
202110,283.227221392312,279.32885733798975,4,W
202111,278.403529686912,279.95575015251546,4,W
202112,280.205498724824,281.8980937249185,4,W
202113,281.584222077906,282.6999767595239,4,W
202114,285.861251239083,284.055924339805,4,W
202115,284.145693269591,285.5956939312121,4,W
202116,287.034606525622,286.55086549443996,4,W
202117,283.766064318768,286.88583663837505,4,W
202118,291.064026647053,288.0062447802724,4,W
202119,290.982089790256,288.76678005858764,4,W
202120,293.630715276856,290.44059557728156,4,W
202121,295.191344978106,291.4665066646114,4,W
202122,295.630140156114,292.62440123741635,4,W
202123,297.081642257506,293.57398320212985,4,W
202124,297.279648697092,294.08437424095257,4,W
202125,296.536561157774,295.5796639406106,4,W
202126,296.749589684839,295.43160266630383,4,W
202127,296.416305372933,295.48486132286183,4,W
202128,295.392647461353,295.60602729621695,4,W
202129,295.346375258274,294.97715476214535,4,W
202130,291.456179758796,293.97736689704067,4,W
202131,292.838420633876,293.51828220612043,4,W
202132,294.688482182037,292.263540494119,4,W
202133,292.463797347465,291.10296891439845,4,W
202134,288.847013278,289.74659596201275,4,W
202135,289.052537937537,288.1918674582408,4,W
202136,288.36609256021,286.7339563882939,4,W
202137,280.12071768065,285.01175131306934,4,W
202138,282.564169955834,283.3863049575342,4,W
202139,281.744718808148,282.039172980453,4,W
202140,281.783653752472,280.0381678885359,4,W
202141,280.209732320264,278.3961499426663,4,W
202142,280.473328432969,277.5488049763328,4,W
202143,277.227747996025,275.8209267418126,4,W
202144,281.443454232726,275.2324231863514,4,W
202145,276.86712869499,273.5796591148779,4,W
202146,272.980942284981,273.35101939100673,4,W
202147,273.23766084065,273.27565439975155,4,W
202148,269.131600721582,273.19799708501705,4,W
202149,270.31172130578,273.0612512015184,4,W
202150,274.988175518709,273.6115218375689,4,W
202151,274.393009031736,273.3192871379494,4,W
202152,273.072687917415,272.85223531055203,4,W
202201,271.367528160314,273.55204857538837,4,W
202202,276.90368511598,274.2342749941437,4,W
202203,275.891975758189,274.88161196986687,4,W
202204,269.802114598546,275.5105821746237,4,W
202205,277.786136674943,275.6228381889373,4,W
202206,271.534025275429,276.13747702689824,4,W
202207,278.198407146283,277.65039982380443,4,W
202208,279.801983513358,278.28204821423714,4,W
202209,281.330918991435,279.03224891792905,4,W
202210,280.687468273473,279.4377312555478,4,W
202211,275.443986875305,280.9751886819606,4,W
202212,279.860894730367,281.6211956819198,4,W
202213,281.233070035677,283.0190125626128,4,W
202214,283.041103082265,284.0604780609945,4,W
202215,281.181147204534,284.8650044082539,4,W
202216,286.470486060947,285.8517432264375,4,W
202217,286.01140696156,287.0751435746103,4,W
202218,285.8213429607,288.23917577642214,4,W
202219,290.002954087133,288.9787993344934,4,W
202220,290.1758384297,290.6994263815328,4,W
202221,290.635906201345,291.66938353292636,4,W
202222,293.976268666823,292.9068960204265,4,W
202223,293.491436235901,293.53117713840555,4,W
202224,296.51334811149,294.2080922949995,4,W
202225,297.350816655742,295.03647676369604,4,W
202226,296.454873688745,295.9183765615532,4,W
202227,296.789621442304,295.39106447299105,4,W
202228,295.76028414092,294.97226871065845,4,W
202229,296.229194672713,294.64476226934994,4,W
202230,295.436074143745,294.29381782073415,4,W
202231,296.307577606327,293.19613483387076,4,W
202232,297.273680294178,291.99033158011576,4,W
202233,290.787621891769,291.0379308765385,4,W
202234,288.786679676228,289.8485786755065,4,W
202235,291.686540142334,288.1607408057125,4,W
202236,288.90654399052,286.5592216508268,4,W
202237,288.732296223413,285.1709726126443,4,W
202238,287.904456187407,283.44841574083017,4,W
202239,278.829497572944,281.72306233561096,4,W
202240,279.473482450673,280.1001143379774,4,W
202241,274.557330627991,279.2456626954057,4,W
202242,272.2927451531,278.20698432460165,4,W
202243,275.074268202453,276.0623185232963,4,W
202244,272.899819091193,275.4412391469002,4,W
202245,272.390294848906,273.97129258776135,4,W
202246,270.874082157756,273.099668294218,4,W
202247,267.60055015104,272.75114521520584,4,W
202248,275.328292391283,272.52501338191234,4,W
202249,272.621626822753,272.90059929250464,4,W
202250,275.660864120388,272.8731641973159,4,W
202251,271.88201155659,272.9343094657647,4,W
202252,271.428089720621,273.36211573199415,4,W
202301,269.680551039865,273.34679263648474,4,W
202302,274.367429645414,273.88106817324183,4,W
202303,272.387489062937,273.75726792698947,4,W
202304,270.593639263407,275.41915797727233,4,W
202305,271.944193648729,275.3409139574513,4,W
202306,272.145097845376,275.7806620608982,4,W
202307,275.006241456139,277.00266321118755,4,W
202308,274.4604592759,277.37372977466,4,W
202309,273.771816107833,278.3966845377589,4,W
202310,275.28950986393,279.33712666210425,4,W
202311,281.250420551256,280.34758703451627,4,W
202312,278.407529911162,280.8527087136423,4,W
202313,283.354728953138,282.2653888372974,4,W
202314,285.063129960375,283.0775590957229,4,W
202315,284.315856620591,283.7716071358815,4,W
202316,289.445650597295,285.0736589863925,4,W
202317,288.498328937243,287.1597711223364,4,W
202318,288.27953897435,288.2589820646174,4,W
202319,290.08763287364,288.907762492515,4,W
202320,288.629572487172,290.4104957054988,4,W
202321,288.354068221536,291.3284298050228,4,W
202322,292.318331159644,292.44899069822776,4,W
202323,294.021031024733,293.8283852165705,4,W
202324,295.480811374304,294.04175828636636,4,W
202325,297.318578781185,295.01720039919604,4,W
202326,297.072348995965,295.3524106909124,4,W
202327,295.109225927662,295.83734649869984,4,W
202328,293.665723795932,296.36832320309236,4,W
202329,296.757290610847,294.4861322257283,4,W
202330,293.371232222696,293.46285094521966,4,W
202331,294.231710480222,293.2818187729106,4,W
202332,291.482036655569,292.01085513745795,4,W
202333,291.435578187995,290.65814000649505,4,W
202334,288.72659622535,289.6932535649776,4,W
202335,288.358159178641,288.3028991675536,4,W
202336,285.96465298437,286.57894374508413,4,W
202337,285.736589899795,284.991451323604,4,W
202338,288.837446252862,283.2307100167034,4,W
202339,280.174066282469,281.1117138124997,4,W
202340,279.616430735217,280.63293605405033,4,W
202341,280.005551046557,279.28582430272354,4,W
202342,281.029149994855,277.0966021950883,4,W
202343,275.912255913236,276.0322550219593,4,W
202344,273.727377700952,275.1375317705911,4,W
202345,277.18474597127,274.1164822431713,4,W
202346,275.457346234876,273.39452603848196,4,W
202347,277.780330621466,273.3481141158032,4,W
202348,274.79455913687,272.8524271115966,4,W
202349,273.433548618442,272.85656513888557,4,W
202350,267.321652982627,272.85118578701685,4,W
202351,271.071044297861,273.0934687658021,4,W
202352,276.575680439908,273.56785524512304,4,W
202401,278.293097697132,273.9117553023824,4,W
202402,273.562309550477,273.2297820887697,4,W
202403,273.615560434267,274.5928474430703,4,W
202404,277.546006350672,275.23284555565476,4,W
202405,275.204994398606,276.20588620486683,4,W
202406,274.157002780661,276.820500182765,4,W
202407,277.676241547876,277.24051112846456,4,W
202408,280.17263087432,277.8246390427684,4,W
202409,276.171572080337,278.863341116936,4,W
202410,279.022822922392,279.9572059019907,4,W
202411,282.258754616765,280.7641891279275,4,W
202412,280.98109202864,281.90088348944465,4,W
202413,283.000227578129,283.2509433629894,4,W
202414,281.012524272638,283.8706392172852,4,W
202415,283.117263738331,284.86894930575255,4,W
202416,287.405614909341,286.1727954655889,4,W
202417,283.452979058605,286.95473144328946,4,W
202418,288.378948499148,288.6358434151294,4,W
202419,291.708904896818,289.23558606823474,4,W
202420,292.169880136956,290.30879432133963,4,W
202421,290.855660722,291.52667914235167,4,W
202422,293.942960779347,292.7722434747605,4,W
202423,294.28736609972,293.1782840904893,4,W
202424,298.995148363173,294.30075063325484,4,W
202425,297.288150633384,295.0084720456413,4,W
202426,296.595638681637,295.0458400499568,4,W
202427,297.083789935371,295.70676534050017,4,W
202428,295.682079853048,295.43050053344814,4,W
202429,294.063020343524,294.7604110776026,4,W
202430,292.971537576914,294.2889602936109,4,W
202431,293.439576054533,293.192440870663,4,W
202432,295.587509752711,292.2434520713156,4,W
202433,291.457304240227,291.16873233632083,4,W
202434,288.056336683087,289.5591638283196,4,W
202435,292.618077796909,288.16959832520223,4,W
202436,290.229164108869,286.65873569075586,4,W
202437,290.35300970383,284.95454831182656,4,W
202438,285.237937795728,283.2866382597493,4,W
202439,284.407333123863,282.24846666387054,4,W
202440,278.638879041456,280.02548517785294,4,W
202441,277.398462908948,279.1248222468741,4,W
202442,277.553912817539,277.83957981299096,4,W
202443,276.248781539649,276.2463366082391,4,W
202444,273.976640338216,275.2841272270829,4,W
202445,277.46350308135,274.25557546539994,4,W
202446,274.070857953631,273.95358740289225,4,W
202447,277.133388857467,273.0725151460281,4,W
202448,275.926780539884,272.8165375891036,4,W
202106,285.977998926021,284.7467628464716,4,SW
202107,284.900619338199,285.37657445975304,4,SW
202108,284.618786110534,286.5083641701401,4,SW
202109,286.773113748458,287.30872665250223,4,SW
202110,290.831856411668,288.56866509111876,4,SW
202111,290.209619090653,289.5124965263123,4,SW
202112,285.37120592675,290.83371369679173,4,SW
202113,290.948494210841,291.7609117610293,4,SW
202114,292.356870024666,292.8726351372889,4,SW
202115,292.425547534682,294.03666434966414,4,SW
202116,293.722544557193,295.13907536246325,4,SW
202117,294.956616688522,296.26399296780306,4,SW
202118,294.810732201191,297.1266400761286,4,SW
202119,298.165073383449,297.8666515472446,4,SW
202120,301.504574010518,298.62018513048105,4,SW
202121,300.910265671138,299.3601355389789,4,SW
202122,297.894582754229,300.04175587256066,4,SW
202123,298.8791385487,300.49938876570326,4,SW
202124,299.529833161177,300.852852432528,4,SW
202125,299.048090498019,301.38110059020795,4,SW
202126,299.702571602123,301.3784045925733,4,SW
202127,299.210431376384,301.42765014477345,4,SW
202128,300.417812209274,301.11443867587116,4,SW
202129,298.268810424206,300.79746537686447,4,SW
202130,300.207416355007,300.29579079584744,4,SW
202131,299.629115046505,299.6808073880521,4,SW
202132,299.80150030942,298.8708745346738,4,SW
202133,299.148720626397,297.8777360399247,4,SW
202134,297.381631646226,296.5433563182305,4,SW
202135,295.067454607204,295.26273175635805,4,SW
202136,294.08946080081,293.97850266958164,4,SW
202137,292.651166381254,292.39446169135135,4,SW
202138,289.965039951781,290.9013741865447,4,SW
202139,291.665525103653,289.3340636680435,4,SW
202140,287.784853320917,287.9702233515487,4,SW
202141,288.657828097147,286.2348480441777,4,SW
202142,287.668596199458,285.3163236724966,4,SW
202143,285.310600948511,284.0720221680794,4,SW
202144,285.662293582506,283.21027955429315,4,SW
202145,286.000682201451,281.92502848387346,4,SW
202146,284.241296449205,281.2928493420644,4,SW
202147,282.152189792322,280.62345968931646,4,SW
202148,285.516354535692,280.3307089612751,4,SW
202149,278.390920106289,279.7485627708178,4,SW
202150,281.861620692645,279.7263758796284,4,SW
202151,279.107542323979,280.10312107010634,4,SW
202152,278.163493692862,280.2209612585153,4,SW
202201,278.0502663996,280.72953287600285,4,SW
202202,280.179207698158,281.2824666960529,4,SW
202203,281.755856691902,282.1300674360103,4,SW
202204,279.594387757909,283.00881821962486,4,SW
202205,283.876023539565,283.66262650267043,4,SW
202206,280.564946038488,284.7115523647909,4,SW
202207,284.524086986608,285.98550559682485,4,SW
202208,285.683219803087,286.8692308900573,4,SW
202209,289.333564646472,287.71956458068274,4,SW
202210,289.518741692833,288.93459023886095,4,SW
202211,290.630745633236,290.01829201237405,4,SW
202212,292.925241102075,290.8685051220191,4,SW
202213,291.432044185622,292.0586112858427,4,SW
202214,293.266017489169,293.00329154889107,4,SW
202215,296.898949422692,294.13068789428394,4,SW
202216,298.789806198331,295.09531550600997,4,SW
202217,293.676880319494,296.0735693729458,4,SW
202218,297.343310869739,297.1782943627706,4,SW
202219,299.773756158082,298.15363502081505,4,SW
202220,302.23128195568,298.846245075422,4,SW
202221,300.245248445945,299.57616390151384,4,SW
202222,299.442515184432,300.1186864013392,4,SW
202223,301.429354085111,300.717330425696,4,SW
202224,302.967870250452,300.87249558238193,4,SW
202225,303.440443450512,301.08996834258056,4,SW
202226,301.329203712889,301.28339693146813,4,SW
202227,301.380108785985,301.36922283510876,4,SW
202228,300.71516729294,301.1478394486155,4,SW
202229,299.600847085032,300.7783206784916,4,SW
202230,297.721633327682,300.3097293692795,4,SW
202231,299.113396768013,299.54276879375897,4,SW
202232,299.098507458902,298.65682266846414,4,SW
202233,296.552353807163,297.64657525344796,4,SW
202234,298.476913107031,296.317688604876,4,SW
202235,296.709219472204,294.9325111837973,4,SW
202236,293.714328926948,293.47653190403264,4,SW
202237,292.67511853666,292.1472470850772,4,SW
202238,290.091795783859,290.40819881406384,4,SW
202239,288.470584325261,289.05712320361533,4,SW
202240,287.795060187128,287.4632164245717,4,SW
202241,287.532905517397,286.280344848013,4,SW
202242,278.542395632947,284.98179537705414,4,SW
202243,279.81053060251,283.5756700011541,4,SW
202244,281.839074666494,282.47344781412386,4,SW
202245,285.047170327503,281.4965282496049,4,SW
202246,281.029226490942,280.7511419103105,4,SW
202247,276.174723149831,279.99193815711124,4,SW
202248,279.587491728679,279.59555226974504,4,SW
202249,282.616151958581,279.36350482145986,4,SW
202250,283.003281835267,279.2828234685647,4,SW
202251,281.396831544831,279.2174071339962,4,SW
202252,276.942203761592,279.76218651522964,4,SW
202301,276.568170060277,280.110115071869,4,SW
202302,280.780198815838,280.8099189120075,4,SW
202303,279.559758500077,281.34886941949907,4,SW
202304,283.752338397826,282.422898464627,4,SW
202305,284.171631580726,283.247533842812,4,SW
202306,287.039926714439,284.1356567866299,4,SW
202307,283.363770134915,285.19951763194206,4,SW
202308,284.245866578757,286.14423930884504,4,SW
202309,285.3605765881,287.22900283134624,4,SW
202310,287.154725368243,287.970874696233,4,SW
202311,291.246022674919,289.1653788110897,4,SW
202312,290.186022135433,290.1479977111506,4,SW
202313,288.329309302256,291.35353479350306,4,SW
202314,292.939311055721,292.3855738427831,4,SW
202315,294.63927907355,293.40973133832875,4,SW
202316,293.700167123514,294.54268960628053,4,SW
202317,294.802187336812,295.54303500899937,4,SW
202318,295.488397311012,296.624262920487,4,SW
202319,296.333625902478,297.44589638655685,4,SW
202320,297.991643842217,298.1909707666657,4,SW
202321,300.974676469934,298.9814445736294,4,SW
202322,302.026867859611,299.5921709417648,4,SW
202323,301.101384767837,300.03348991828784,4,SW
202324,302.675503944801,300.5343833755644,4,SW
202325,303.436566019388,300.8476405231508,4,SW
202326,303.372221428061,300.8292612922625,4,SW
202327,303.322547160518,300.991281925432,4,SW
202328,302.509674999625,300.87695983297107,4,SW
202329,301.838210457237,300.5766154058642,4,SW
202330,301.904767301315,299.8576189738939,4,SW
202331,300.880153050965,299.1898754283511,4,SW
202332,301.503928811821,298.393980574134,4,SW
202333,296.894332015237,297.49172076568595,4,SW
202334,297.970799337908,296.1191540494768,4,SW
202335,298.534833728138,294.9117162455546,4,SW
202336,294.532832119612,293.366151963597,4,SW
202337,292.618355092521,292.11470924960435,4,SW
202338,293.273480408827,290.4615335100108,4,SW
202339,292.775465767281,288.80627129781453,4,SW
202340,284.08663311972,287.3975211019049,4,SW
202341,289.01819763157,285.82938393974683,4,SW
202342,287.1797051433,284.746349511716,4,SW
202343,283.164649897282,283.57581936876664,4,SW
202344,281.024067462577,282.6894566638679,4,SW
202345,284.212257936128,281.6357880839044,4,SW
202346,281.477016837386,280.81200185907585,4,SW
202347,284.141437758153,280.46316995727165,4,SW
202348,279.646414860305,279.95779126351124,4,SW
202349,278.265626011796,279.3916450111561,4,SW
202350,276.692471551267,279.1710915921574,4,SW
202351,274.826380655555,279.3838293820679,4,SW
202352,280.459772478781,279.58812550343566,4,SW
202401,284.440328798457,280.1333101449934,4,SW
202402,281.790834644382,280.8101931752288,4,SW
202403,280.885321631482,281.65725485858763,4,SW
202404,286.588738627731,282.25844809113784,4,SW
202405,285.90528329965,283.2645722363793,4,SW
202406,285.343393133677,284.3078416711827,4,SW
202407,286.308909339187,285.39128250483594,4,SW
202408,285.917358627764,286.52734813094486,4,SW
202409,285.697508884136,287.6297801776031,4,SW
202410,287.919022563721,288.59810524471925,4,SW
202411,289.859621980637,289.5743171289331,4,SW
202412,291.267579149063,290.7123688502768,4,SW
202413,291.928861594514,291.87978358762984,4,SW
202414,293.828664539222,292.79599800017945,4,SW
202415,293.076387782839,293.7023578257352,4,SW
202416,295.619010479192,294.96216049642493,4,SW
202417,296.950917814601,296.0009270891627,4,SW
202418,298.12592604796,296.98069088249156,4,SW
202419,300.505115329664,297.82995770986594,4,SW
202420,300.138128043021,298.54837607966385,4,SW
202421,299.644647770812,299.3632677311964,4,SW
202422,302.049823002404,299.8735732745544,4,SW
202423,301.568351770642,300.4771882083453,4,SW
202424,301.106279568345,300.7968973236116,4,SW
202425,300.878308018335,300.9997802028111,4,SW
202426,299.570504737639,301.17674600894907,4,SW
202427,302.175809092655,301.2695901497067,4,SW
202428,301.452171664801,301.1051612190675,4,SW
202429,302.161208617007,300.7756427788865,4,SW
202430,302.244399610014,300.0687402807125,4,SW
202431,299.336048999664,299.4935574536684,4,SW
202432,297.287238480422,298.68616407401953,4,SW
202433,298.191902267548,297.4993740225344,4,SW
202434,297.872472573586,296.5090848512323,4,SW
202435,297.294474385447,295.0276009864565,4,SW
202436,298.103825740138,293.85231679160194,4,SW
202437,297.531411646997,292.1661910756105,4,SW
202438,291.522565451368,290.7720343327806,4,SW
202439,294.20232627918,289.18227083221996,4,SW
202440,291.2950095744,287.54471967958136,4,SW
202441,285.65455841096,286.35124973549057,4,SW
202442,287.463857692553,284.9241683735843,4,SW
202443,285.625478446497,283.7687646964411,4,SW
202444,283.075727478712,282.87440002335546,4,SW
202445,282.488258949995,281.5673264624116,4,SW
202446,282.326697284676,280.8918619045271,4,SW
202447,284.248534715438,280.2298903492081,4,SW
202448,284.709905782704,279.8439063563082,4,SW
202106,279.70158074799,274.0662238291002,4,MW
202107,276.256879543493,274.9551639151059,4,MW
202108,279.755941135808,276.60919719783874,4,MW
202109,278.011956803135,278.5807688102544,4,MW
202110,285.14381850294,280.6397349331618,4,MW
202111,280.312637432139,281.9460352998857,4,MW
202112,277.782628498586,282.91318185703614,4,MW
202113,283.661245757074,284.18532321891183,4,MW
202114,286.055764007103,286.57192684559413,4,MW
202115,282.88232735299,287.4650010686847,4,MW
202116,290.10917375909,289.56459006944584,4,MW
202117,291.702958792403,290.643837622948,4,MW
202118,288.477187342203,291.9208517684459,4,MW
202119,297.38995602213,293.17606339094874,4,MW
202120,296.734385426813,294.2942185346761,4,MW
202121,294.707121389474,294.6739319135647,4,MW
202122,295.728312466766,295.5495388096619,4,MW
202123,296.522921115767,296.3002751593834,4,MW
202124,295.584904262292,297.18274842431487,4,MW
202125,296.813685724758,297.41650457353717,4,MW
202126,299.411820233671,297.23339970826726,4,MW
202127,295.762772795343,297.2924395174289,4,MW
202128,297.971528802183,297.38375077711413,4,MW
202129,297.052398547884,296.6502857869249,4,MW
202130,296.940001042599,295.91710779496196,4,MW
202131,295.687207465613,295.3564975468815,4,MW
202132,293.339054980414,293.8178843824009,4,MW
202133,294.013617648428,292.36435722452427,4,MW
202134,291.921449263696,291.2776095406099,4,MW
202135,291.989906066984,289.46087572191834,4,MW
202136,291.724195130118,287.71127380920626,4,MW
202137,289.554778616906,285.766257463209,4,MW
202138,284.842765383981,284.164401708259,4,MW
202139,281.66920349937,281.82978177981647,4,MW
202140,278.879553662564,280.4441911672033,4,MW
202141,282.077107773311,278.0426648242103,4,MW
202142,276.459008788986,277.0150731008766,4,MW
202143,275.002668544986,275.36516551882863,4,MW
202144,277.127152695715,273.60702742903163,4,MW
202145,272.87139000968,271.7359274278296,4,MW
202146,276.246264862599,270.7588419017166,4,MW
202147,270.217591863581,269.60115424357576,4,MW
202148,271.288897610288,269.20466414049855,4,MW
202149,262.914462614701,268.16376589607364,4,MW
202150,268.621967501422,268.5648930894333,4,MW
202151,266.001844027002,267.3233363643563,4,MW
202152,265.074262341831,268.1318577130778,4,MW
202201,266.355163783113,268.86401296374567,4,MW
202202,270.917862375012,269.6726928974758,4,MW
202203,267.33952925039,270.7143336644885,4,MW
202204,265.713982292749,271.26572032252324,4,MW
202205,273.481536058809,272.67490057054056,4,MW
202206,270.630951561778,274.2539355008139,4,MW
202207,276.761156554436,275.57489867407594,4,MW
202208,279.026872313704,276.8387339153791,4,MW
202209,274.71013049696,278.6165588203025,4,MW
202210,278.292270621176,280.3677749973482,4,MW
202211,279.47478105946,281.201258754458,4,MW
202212,278.721054556165,283.1152073953717,4,MW
202213,282.517858027932,284.5424013284389,4,MW
202214,283.063673548364,285.55750805572427,4,MW
202215,291.011071908262,287.42950618773193,4,MW
202216,290.282106109725,288.9038224450274,4,MW
202217,286.189962770989,290.0727717220825,4,MW
202218,291.650867859715,292.2523985192825,4,MW
202219,291.240711239862,292.98905012664284,4,MW
202220,295.969217274807,294.0641867404578,4,MW
202221,297.067843464524,294.81840991078957,4,MW
202222,294.944012240095,295.28917337100137,4,MW
202223,296.852682048341,295.9547693939369,4,MW
202224,296.998886397008,297.0679502494296,4,MW
202225,299.047127747863,297.1063120638536,4,MW
202226,296.000234751485,296.7035964548278,4,MW
202227,297.716596324456,296.7563904288865,4,MW
202228,296.531208905418,295.8223758863504,4,MW
202229,295.542108609253,296.06122542725905,4,MW
202230,295.868015962854,295.33976030668185,4,MW
202231,296.834617731692,295.1150078513095,4,MW
202232,294.948450677422,293.8279698609804,4,MW
202233,292.464210622331,292.4161778718011,4,MW
202234,292.670133701724,290.63976224559474,4,MW
202235,288.063038288497,288.5149556330801,4,MW
202236,287.878969064408,287.62546201919645,4,MW
202237,284.957024000162,285.1502105630355,4,MW
202238,280.364549799586,283.2379216558691,4,MW
202239,284.442994540295,281.3753932465848,4,MW
202240,285.252452416067,279.2091099141011,4,MW
202241,279.779000179651,277.87175479070646,4,MW
202242,269.934699142046,275.9379739524993,4,MW
202243,273.481640577348,273.4375850189659,4,MW
202244,273.758844556811,272.74798624953894,4,MW
202245,271.147287719127,271.6051324477817,4,MW
202246,272.60367023517,270.01731026842714,4,MW
202247,261.649540683486,269.4347261227842,4,MW
202248,267.800101427278,269.2108734661624,4,MW
202249,271.645217473761,267.3767471018664,4,MW
202250,271.596971956057,266.9482503745012,4,MW
202251,272.395315972813,266.90954734833525,4,MW
202252,268.9977322835,268.31860947464065,4,MW
202301,262.975905404038,268.86861248169146,4,MW
202302,273.611744978576,268.7985155149645,4,MW
202303,273.241518017279,270.025340570318,4,MW
202304,269.320341292115,271.0449729503268,4,MW
202305,274.601905338591,272.41631136992544,4,MW
202306,273.565941090786,273.1793603780153,4,MW
202307,271.374296189302,274.4491139462013,4,MW
202308,274.584484923814,276.16289891115133,4,MW
202309,275.217342219467,277.8080046172227,4,MW
202310,278.555369481686,278.64580620018495,4,MW
202311,287.477745584941,280.84934240070737,4,MW
202312,280.411147878858,282.4336759216899,4,MW
202313,280.565437658636,283.85264019387984,4,MW
202314,284.186521439509,286.1364024139769,4,MW
202315,290.623470622563,287.5998427663369,4,MW
202316,288.24560394087,289.20058764703305,4,MW
202317,291.34615794719,290.2649484091972,4,MW
202318,294.961252150314,291.159854235119,4,MW
202319,294.360340341657,293.0489412894837,4,MW
202320,291.712061219651,293.44866045533996,4,MW
202321,295.847475705234,294.8746499188843,4,MW
202322,295.764553539227,294.98414194667515,4,MW
202323,295.037808957262,295.4819063156308,4,MW
202324,295.625138405744,296.2412292885831,4,MW
202325,295.464459101056,296.6660703405542,4,MW
202326,299.358935302902,296.6469342209791,4,MW
202327,297.469511373933,296.3545698183044,4,MW
202328,295.49258306472,295.77162228125496,4,MW
202329,294.822790361431,295.8771664006168,4,MW
202330,298.399396596281,295.1338113327659,4,MW
202331,295.269801131639,294.16794778613064,4,MW
202332,295.644637076744,293.0389672475869,4,MW
202333,290.850103916353,292.0612951747791,4,MW
202334,292.583714052845,290.46929152742075,4,MW
202335,292.348702900601,288.72660192912275,4,MW
202336,290.55657853104,286.9711396263389,4,MW
202337,284.372003611177,285.1028832298837,4,MW
202338,285.08712224363,283.34801222374654,4,MW
202339,283.623032975188,281.5256179707253,4,MW
202340,275.603793599091,279.1617243184591,4,MW
202341,280.65351294179,278.12064859169584,4,MW
202342,281.382817614821,276.0303398847811,4,MW
202343,275.086518856225,274.0834195253519,4,MW
202344,272.385979240762,271.9929078293743,4,MW
202345,276.276839839332,271.3189200250835,4,MW
202346,274.099916456209,270.2187206186594,4,MW
202347,275.148674457563,268.8701516465205,4,MW
202348,274.193454773682,268.6073928514237,4,MW
202349,270.380982052161,267.45132586516627,4,MW
202350,264.408409680899,266.79581236364953,4,MW
202351,259.229529885149,267.252164906257,4,MW
202352,273.122807206908,267.71912907253966,4,MW
202401,276.17978956934,268.2042652122266,4,MW
202402,276.034635117307,267.967406927253,4,MW
202403,271.395162527301,269.86957626200984,4,MW
202404,277.261811589675,270.9128073587567,4,MW
202405,276.95760752715,272.0492089299767,4,MW
202406,276.889611296595,273.61014813001185,4,MW
202407,280.67635173508,274.5840746121224,4,MW
202408,273.615560230885,276.50414285422886,4,MW
202409,276.36914251692,277.810151175803,4,MW
202410,279.605071224621,280.00126012482554,4,MW
202411,284.929455951627,280.6190308021893,4,MW
202412,282.88002833496,282.5023515431325,4,MW
202413,284.828842746512,283.2043744341883,4,MW
202414,286.315507621397,284.7720907582476,4,MW
202415,288.590579361767,286.6734445073679,4,MW
202416,290.34513995132,287.68641054179346,4,MW
202417,290.490748334352,290.3111096655208,4,MW
202418,290.563148149302,291.4180062701637,4,MW
202419,293.012919104426,292.83222742935345,4,MW
202420,294.428188188087,292.75088884079577,4,MW
202421,295.51393140271,293.8665805368703,4,MW
202422,295.473066937574,294.472842952996,4,MW
202423,294.509969343251,295.3473544970505,4,MW
202424,297.504641130288,295.8305941401255,4,MW
202425,295.989379822555,296.22849211953167,4,MW
202426,297.13361027233,296.33078763828865,4,MW
202427,299.332887701666,295.96918124887543,4,MW
202428,293.759645619055,296.20121588233343,4,MW
202429,295.905900293759,295.7855552442879,4,MW
202430,295.606539945229,294.9337646401262,4,MW
202431,296.846508572727,294.3141205344446,4,MW
202432,292.472457777946,293.00640007562873,4,MW
202433,295.308726962687,291.75631798460864,4,MW
202434,295.653305683521,290.0280247552871,4,MW
202435,292.752033600339,288.69757398175045,4,MW
202436,290.303153351359,286.6314711166044,4,MW
202437,288.95523611653,284.5698242971227,4,MW
202438,284.469421854044,283.1562490027219,4,MW
202439,286.202271536057,281.2028271637783,4,MW
202440,284.608914088223,279.15730062737396,4,MW
202441,282.056448710674,277.6859176772933,4,MW
202442,280.404929811729,275.5019488069016,4,MW
202443,277.496023872442,273.92750247309755,4,MW
202444,270.099486992679,272.4793394736075,4,MW
202445,270.831399406917,271.68638353107565,4,MW
202446,269.946680118872,270.37087109141896,4,MW
202447,270.889845582287,267.9649951509984,4,MW
202448,275.264743189278,266.99676750630107,4,MW
202106,284.313503280819,284.3917680400599,4,SE
202107,288.77694747333,285.7491822633973,4,SE
202108,286.384136905967,286.7355858056347,4,SE
202109,289.101144470426,287.89675521794805,4,SE
202110,287.663326418227,288.8747790397691,4,SE
202111,291.042134922163,289.6163675195869,4,SE
202112,286.985627275238,290.754002979052,4,SE
202113,291.239294520871,291.82682055290996,4,SE
202114,293.318944530085,292.905317198177,4,SE
202115,290.321143562282,293.78977574297113,4,SE
202116,293.078205720362,294.8734586685268,4,SE
202117,296.942452059149,296.184968760544,4,SE
202118,294.007895692238,296.9855910183203,4,SE
202119,297.668879584762,297.9548524914961,4,SE
202120,298.454777609614,298.4917787750759,4,SE
202121,297.634363676465,299.4722118578803,4,SE
202122,298.818817516257,299.6905888035255,4,SE
202123,298.1232478066,299.91198497152806,4,SE
202124,298.939345237609,300.391116165395,4,SE
202125,298.836716901805,300.5002883066356,4,SE
202126,300.671452271307,300.3249828684187,4,SE
202127,298.945488548269,300.5940153581364,4,SE
202128,299.995228450085,300.8347265666939,4,SE
202129,299.519902591565,300.30953252444596,4,SE
202130,300.475683874595,299.83111000390375,4,SE
202131,299.16574900349,299.48555311489895,4,SE
202132,297.40420413061,298.86054038130254,4,SE
202133,297.115393313671,297.78226468019875,4,SE
202134,296.481938011282,296.816961933688,4,SE
202135,294.770112942935,295.41037871441745,4,SE
202136,295.72360784688,294.0271068877343,4,SE
202137,295.550993931901,292.8046870432122,4,SE
202138,291.702819299647,291.3059648764186,4,SE
202139,290.970116882204,289.91603652268213,4,SE
202140,285.893063343634,288.6590995904659,4,SE
202141,286.141425072688,287.3867973524,4,SE
202142,285.922650909445,286.07039487675974,4,SE
202143,282.71696414296,284.8842798291098,4,SE
202144,282.738898937971,283.65630883816635,4,SE
202145,285.430954430297,282.9599378953151,4,SE
202146,286.166142998415,281.67196408822315,4,SE
202147,282.884977550189,281.1780415484519,4,SE
202148,289.562663800112,280.43275040824824,4,SE
202149,281.332200280568,280.15780212514426,4,SE
202150,279.662229090195,279.76023558774034,4,SE
202151,277.389469534046,279.5130540390417,4,SE
202152,276.21220912116,279.58036639950643,4,SE
202201,279.462594400143,280.2735429979162,4,SE
202202,279.422206622717,281.1405174087638,4,SE
202203,282.168978938318,281.7681175401234,4,SE
202204,284.049489995372,282.5539512233729,4,SE
202205,284.187392397481,283.48614911276485,4,SE
202206,286.940136736644,284.2207984501239,4,SE
202207,284.459664246724,285.3565021430385,4,SE
202208,287.623204969691,286.63156057521667,4,SE
202209,286.135740734816,287.68059653951093,4,SE
202210,288.068300760161,288.4836358606189,4,SE
202211,289.247041943675,289.68244758992614,4,SE
202212,289.156375650858,290.69812593682974,4,SE
202213,291.962255929109,291.85966584526295,4,SE
202214,294.369133095865,292.8472204588454,4,SE
202215,293.341295824796,293.50923011000486,4,SE
202216,296.946014378474,294.8800422331491,4,SE
202217,295.337583608183,296.08287972526944,4,SE
202218,297.586289170477,297.00516145171196,4,SE
202219,297.415801427348,297.6863070520572,4,SE
202220,300.606252639178,298.35097864701,4,SE
202221,300.183306336245,298.9980130342345,4,SE
202222,299.488226858596,299.32466542227223,4,SE
202223,301.035471236671,299.6589630376673,4,SE
202224,300.058874748954,300.20456902218086,4,SE
202225,300.917528645297,300.3055420253268,4,SE
202226,301.264781147975,300.2518350726909,4,SE
202227,300.23313938519,300.59881542409113,4,SE
202228,299.767417277524,300.3510562192187,4,SE
202229,298.436196736376,300.04419471375087,4,SE
202230,298.555447371609,299.82801055932725,4,SE
202231,299.493014295947,299.3893193886159,4,SE
202232,298.012060120307,298.55391622792155,4,SE
202233,296.399984624661,297.8028406010514,4,SE
202234,298.091063754394,296.3586480182719,4,SE
202235,292.988821195765,295.1299196544328,4,SE
202236,291.759439696198,293.75633862935547,4,SE
202237,291.94056434832,292.5913515802114,4,SE
202238,287.868807070964,291.0614892548328,4,SE
202239,290.077654720096,289.79847525201535,4,SE
202240,290.991232491371,288.0263787264575,4,SE
202241,292.019154875302,286.7563565981101,4,SE
202242,280.906034218035,285.45372475627045,4,SE
202243,282.592158286888,284.32679999954814,4,SE
202244,284.968262167003,283.3146450868932,4,SE
202245,287.491694818062,282.4829987826335,4,SE
202246,283.786576191051,281.5385446865294,4,SE
202247,277.259449555413,280.7954572658284,4,SE
202248,277.41508300136,280.0876463812397,4,SE
202249,286.604522774025,279.4009123922065,4,SE
202250,282.190236907496,278.9959956103382,4,SE
202251,283.19409118231,278.9142945689508,4,SE
202252,280.003816503795,279.4643206787655,4,SE
202301,280.515344846578,279.76655979041175,4,SE
202302,284.673759572369,280.3760794260522,4,SE
202303,284.00000050099,281.0211545819604,4,SE
202304,288.18998634381,282.1233092631926,4,SE
202305,289.659396332076,283.19117290908173,4,SE
202306,286.987351040434,284.2770370432125,4,SE
202307,282.233079603767,285.26451833166465,4,SE
202308,285.449944994692,285.8614763507002,4,SE
202309,289.270018845512,286.59624656326974,4,SE
202310,290.740440048078,287.6258964477858,4,SE
202311,289.799882177033,288.9648925850117,4,SE
202312,291.12992073446,290.4776052592179,4,SE
202313,289.018787631998,291.3323132423859,4,SE
202314,289.832167796585,292.3273678286007,4,SE
202315,295.377862159275,293.79159912457715,4,SE
202316,295.436435095271,294.8085199801089,4,SE
202317,293.487233905597,295.38932717656513,4,SE
202318,295.546191987705,296.5978148878601,4,SE
202319,296.416516009778,297.541674929212,4,SE
202320,297.143382368463,298.26485908264556,4,SE
202321,297.529601369868,298.8953672290781,4,SE
202322,300.234123712665,299.118205592415,4,SE
202323,300.412965958186,299.5025503628806,4,SE
202324,299.923850505454,299.68016908872414,4,SE
202325,300.577021108579,299.9208374555801,4,SE
202326,301.020876135539,300.0492956105874,4,SE
202327,300.636771052853,300.1016840315636,4,SE
202328,300.868272182131,299.6901297506928,4,SE
202329,300.275822318796,299.7833113496333,4,SE
202330,302.271130168334,299.3508527471704,4,SE
202331,298.808929230021,298.98447254838993,4,SE
202332,299.714613762846,298.07057978591246,4,SE
202333,297.423669304138,297.11313425062684,4,SE
202334,296.16260194654,296.0694651765488,4,SE
202335,296.418002666028,294.77460621718234,4,SE
202336,295.560962529442,293.5382798445553,4,SE
202337,291.279715506181,292.23328500429983,4,SE
202338,288.988423817266,290.84752141055225,4,SE
202339,293.127684334765,289.3286157327377,4,SE
202340,286.214393760032,287.7963151280031,4,SE
202341,290.515537475326,286.3692159661375,4,SE
202342,287.729283917905,285.2989906092078,4,SE
202343,284.899851752994,284.2443705189542,4,SE
202344,282.316359630188,283.218306262046,4,SE
202345,284.469114328663,282.1429514125023,4,SE
202346,282.257875622858,281.1226049643952,4,SE
202347,281.285209290975,280.715757060071,4,SE
202348,282.276449737206,279.9671162013619,4,SE
202349,278.614889445522,279.5577835795264,4,SE
202350,279.981340532672,279.14930461253584,4,SE
202351,272.569077739208,279.1148432865895,4,SE
202352,284.31827083892,279.2747027602978,4,SE
202401,281.721344488372,279.939819906112,4,SE
202402,284.07455376308,280.4207895037742,4,SE
202403,282.004555495853,280.79165277058354,4,SE
202404,283.482564171235,281.7173732615195,4,SE
202405,285.964147903738,282.7568595619131,4,SE
202406,288.3208887582,283.86636259964683,4,SE
202407,288.562298667994,284.62277791019403,4,SE
202408,284.330792421995,285.98374528264014,4,SE
202409,287.349344485112,287.45933114903596,4,SE
202410,287.903223966338,288.32238582224886,4,SE
202411,290.632114321036,289.03827843920436,4,SE
202412,292.632322336041,290.23338775759964,4,SE
202413,290.535815539612,291.09078465035674,4,SE
202414,295.044711099009,292.21713128909704,4,SE
202415,295.244933292086,293.4638410871757,4,SE
202416,294.960827563009,294.63165975837353,4,SE
202417,297.400612730822,295.90123646309246,4,SE
202418,296.385742289645,296.63803758816834,4,SE
202419,298.157154502911,297.71456318050633,4,SE
202420,298.591537727784,298.12640501039783,4,SE
202421,300.174679053094,298.56567711485883,4,SE
202422,301.263311674638,298.9902774359005,4,SE
202423,300.990221947391,299.51481071604087,4,SE
202424,301.198353127209,299.9666002207403,4,SE
202425,300.257885401567,300.0470634033565,4,SE
202426,299.072173871004,300.1974316734997,4,SE
202427,300.922884881256,300.0210756400145,4,SE
202428,300.297413561495,299.99439089412226,4,SE
202429,300.409534376896,299.89716987605726,4,SE
202430,298.032308398516,299.429028123974,4,SE
202431,300.926551238613,298.72181049247007,4,SE
202432,296.708873800217,298.2766665657633,4,SE
202433,296.219651392991,297.40343748422697,4,SE
202434,297.835764284395,296.3971198029579,4,SE
202435,296.647594722436,295.107909615252,4,SE
202436,296.331575793918,293.8928522560729,4,SE
202437,293.146198609214,292.2484125316436,4,SE
202438,288.408729704762,291.0938984195694,4,SE
202439,292.957811961667,289.47356081661854,4,SE
202440,292.810191621085,288.26957525154216,4,SE
202441,293.201446281223,287.1867246446242,4,SE
202442,288.431628927407,285.6769525556562,4,SE
202443,285.754061415599,284.81202372288834,4,SE
202444,283.20111366628,283.3423682100121,4,SE
202445,277.906666008097,282.39117826211304,4,SE
202446,283.380971661445,281.78943344295635,4,SE
202447,282.789121331898,280.46161324800784,4,SE
202448,283.868366501519,280.20623725523836,4,SE
202106,271.159398945325,272.116201851161,4,NE
202107,272.629212317511,273.8580536803425,4,NE
202108,279.055097150751,274.957256972394,4,NE
202109,279.43644528147,276.54283936859946,4,NE
202110,278.570493384993,277.56611868496014,4,NE
202111,283.444996592143,279.6159756959174,4,NE
202112,278.367440444078,280.9510181355757,4,NE
202113,282.2464191292,283.04129263960414,4,NE
202114,283.173040571024,283.7086245294695,4,NE
202115,281.506759977617,285.39071328991247,4,NE
202116,289.015327023101,286.59143208255983,4,NE
202117,291.298293533031,288.981084533715,4,NE
202118,285.484649431729,289.97802315592156,4,NE
202119,294.647669223768,290.9378438167085,4,NE
202120,290.316227614843,292.45951882230133,4,NE
202121,292.045201699988,293.1853830021157,4,NE
202122,295.908665807429,294.1269088053168,4,NE
202123,292.072529994079,294.3573168674714,4,NE
202124,293.985433314445,294.60020382591233,4,NE
202125,293.943323772729,295.22661913695975,4,NE
202126,293.653568818856,294.8117639982201,4,NE
202127,291.518541492235,295.070448119577,4,NE
202128,296.221734209487,294.9407462067915,4,NE
202129,295.026348819789,294.08007887973906,4,NE
202130,296.608310415598,293.7678530769539,4,NE
202131,293.342830130824,292.98738107042874,4,NE
202132,290.91930175009,291.9800121191015,4,NE
202133,291.229988777272,291.10547591194285,4,NE
202134,291.438667325928,289.90937517804826,4,NE
202135,287.807323106781,288.32817825314993,4,NE
202136,287.949590869986,287.3150880716048,4,NE
202137,289.273503541387,285.88544469429024,4,NE
202138,286.114756855182,283.82978180108097,4,NE
202139,282.179023940165,282.2745130043452,4,NE
202140,280.030759001525,280.12536199126504,4,NE
202141,280.006148069102,278.8961676644454,4,NE
202142,277.904806373316,277.48179756746765,4,NE
202143,274.562878166407,275.33828662192843,4,NE
202144,272.697009215,273.7319188418944,4,NE
202145,272.406904782688,273.48141322588157,4,NE
202146,275.822637809786,272.20124437763707,4,NE
202147,271.725755456232,270.52054420609284,4,NE
202148,272.530231851491,269.7216011920728,4,NE
202149,270.285631703717,269.4058741959238,4,NE
202150,266.436010204157,269.1134428616466,4,NE
202151,263.561324924031,267.92241719870947,4,NE
202152,263.314703688283,268.32499760897076,4,NE
202201,265.821942498787,268.325635217284,4,NE
202202,268.616493118617,268.8288564482384,4,NE
202203,269.119907092537,268.64312617062956,4,NE
202204,270.367520673408,269.8303707393134,4,NE
202205,267.381591835228,270.5593769157942,4,NE
202206,274.480839542553,272.0085020000087,4,NE
202207,275.677364824956,273.04190043827424,4,NE
202208,277.356848676743,274.4390577117615,4,NE
202209,273.383713288328,276.07581076794304,4,NE
202210,277.491865560832,276.8301105805089,4,NE
202211,281.056857067391,279.74323497663767,4,NE
202212,278.047559801492,281.1057768950816,4,NE
202213,280.375963328851,282.28130114056654,4,NE
202214,282.850604584394,284.4136314115073,4,NE
202215,285.844255608218,285.6303033214678,4,NE
202216,288.205509181237,286.74236933376835,4,NE
202217,289.252242446392,288.4245340279243,4,NE
202218,291.025239272953,289.7976862587596,4,NE
202219,289.552280704299,290.51425611416505,4,NE
202220,292.270068677999,291.6813067940514,4,NE
202221,289.476500174039,292.54652672166395,4,NE
202222,293.827992979969,293.08516303770654,4,NE
202223,293.656851498599,293.81079934254893,4,NE
202224,293.643619923471,294.20612719676535,4,NE
202225,296.5210955737,294.85565078313795,4,NE
202226,296.122578515737,294.6429747651853,4,NE
202227,295.683713752388,294.15005690445935,4,NE
202228,295.711640889671,294.07997513745283,4,NE
202229,293.164484825489,293.85286863060975,4,NE
202230,294.81512208981,292.92781392216585,4,NE
202231,293.682547298838,292.44034969954475,4,NE
202232,292.08846135425,291.55525535333373,4,NE
202233,291.333915369299,290.95144481901394,4,NE
202234,288.929571562513,289.7703420197609,4,NE
202235,285.41778968924,288.16421510578425,4,NE
202236,284.694290249616,286.2426050147187,4,NE
202237,283.730053422591,284.969709660487,4,NE
202238,282.135670634068,283.3781293790588,4,NE
202239,284.968382874387,281.5278113498955,4,NE
202240,284.136655382136,280.1565208844193,4,NE
202241,284.461426874849,278.410512423919,4,NE
202242,275.563120975709,276.17103460898016,4,NE
202243,272.786476456908,274.8602514726193,4,NE
202244,275.05510505158,273.38204456080604,4,NE
202245,276.026313282222,272.38840497489383,4,NE
202246,270.251126634664,271.133169407159,4,NE
202247,270.820773891895,269.9774406912485,4,NE
202248,269.696001187887,269.0131975868646,4,NE
202249,276.145075190422,268.1669821006935,4,NE
202250,270.570556892165,267.79424643218846,4,NE
202251,270.725675516625,267.519902227653,4,NE
202252,270.623883716089,267.57563426801823,4,NE
202301,265.342005170457,267.76685005372354,4,NE
202302,272.212067955122,268.163014121189,4,NE
202303,274.676943229093,269.2661926461996,4,NE
202304,270.97193724589,269.9768957814075,4,NE
202305,271.30505172213,271.6475041060727,4,NE
202306,271.978289538475,270.99584601155584,4,NE
202307,273.510263059382,273.9963682269418,4,NE
202308,274.859866747044,274.1934420810259,4,NE
202309,275.966591985521,274.89969485429185,4,NE
202310,277.9192516711,276.9385792235116,4,NE
202311,284.986942819537,278.51221254648516,4,NE
202312,282.492193656848,280.21544782708634,4,NE
202313,280.49688193784,281.4234739414025,4,NE
202314,281.212527859337,284.04981057895117,4,NE
202315,287.305082609705,285.37822706296856,4,NE
202316,284.239460798116,286.11253137900593,4,NE
202317,286.372473826573,288.0251984291981,4,NE
202318,291.774865685511,289.496966596327,4,NE
202319,286.34147391877,290.364559350912,4,NE
202320,290.086390437906,291.38801624940754,4,NE
202321,291.147472985663,292.49707675074364,4,NE
202322,293.323781777725,293.56827848202283,4,NE
202323,295.889891447498,294.0888944454409,4,NE
202324,295.133770487797,293.91939078520005,4,NE
202325,294.831801555672,294.74877168970994,4,NE
202326,295.73538451736,294.24547149182376,4,NE
202327,291.932452171776,294.3272534674459,4,NE
202328,293.34196704907,294.3826773862779,4,NE
202329,293.20920904091,293.98604528878377,4,NE
202330,292.661516189846,293.55373682846664,4,NE
202331,291.484403403004,292.2645190578552,4,NE
202332,296.220986972103,291.87467747566865,4,NE
202333,290.774468561615,290.47596254745696,4,NE
202334,288.45506165788,289.0399944946744,4,NE
202335,287.479004413289,287.9111562928776,4,NE
202336,291.21303695113,286.4401372651406,4,NE
202337,283.308625167789,285.38969773217735,4,NE
202338,283.405714022139,283.3643851512267,4,NE
202339,285.58053710437,281.4221332699006,4,NE
202340,277.726438171173,279.63969780619817,4,NE
202341,278.206042012872,277.3886362106298,4,NE
202342,277.165711844317,276.90573327479547,4,NE
202343,273.613269287712,274.70873596895717,4,NE
202344,273.533588322212,273.36551786955954,4,NE
202345,272.757444098737,271.83001815658554,4,NE
202346,273.982309527289,270.9587802520747,4,NE
202347,273.241611514812,269.7715064840084,4,NE
202348,275.834086676295,269.0998129968027,4,NE
202349,269.688523411662,268.32316289521975,4,NE
202350,272.134459709214,267.9982084888075,4,NE
202351,263.848140321409,268.41470284373753,4,NE
202352,272.432346134652,267.6812841597855,4,NE
202401,270.696594707257,268.1095046857023,4,NE
202402,273.628811402461,267.40229314994025,4,NE
202403,269.135510692025,268.4123652115532,4,NE
202404,269.80616322348,269.5080339781346,4,NE
202405,275.160748647266,270.80340330220236,4,NE
202406,277.607825670753,272.7013441511419,4,NE
202407,277.982123726754,273.2527655862347,4,NE
202408,271.294443480173,273.5474668434546,4,NE
202409,275.732365297571,275.3106877705851,4,NE
202410,276.299027885207,277.22487354596603,4,NE
202411,282.603986398696,278.7673782043993,4,NE
202412,281.29902076528,280.3197132526082,4,NE
202413,280.193394707989,281.95890244116674,4,NE
202414,285.582776104167,283.8317469150945,4,NE
202415,285.020808910222,284.7334367400227,4,NE
202416,288.227615648812,285.51721758255013,4,NE
202417,291.958196001878,287.51685904155875,4,NE
202418,289.190797361705,288.9562766270423,4,NE
202419,291.913357710668,290.28292680351547,4,NE
202420,290.0459205515,291.0996459270774,4,NE
202421,296.022237252463,292.1666895965346,4,NE
202422,292.973746085704,292.8967116108655,4,NE
202423,294.673496296667,293.6388903538535,4,NE
202424,296.984318058709,293.63188305922006,4,NE
202425,295.594377312129,293.9000400824658,4,NE
202426,294.290329076456,294.33114552100943,4,NE
202427,296.639688189338,294.19218913624076,4,NE
202428,293.644743790849,293.7696601466535,4,NE
202429,293.329975420298,293.09409034107347,4,NE
202430,290.99089306992,292.49180239121887,4,NE
202431,293.727364510484,292.0947701688199,4,NE
202432,289.650402634079,291.27064466265614,4,NE
202433,291.366682181917,289.9833216077073,4,NE
202434,292.351033030765,289.29928409269786,4,NE
202435,289.077608847444,288.1195535846578,4,NE
202436,288.433471803944,286.16082462100746,4,NE
202437,283.989401241584,284.80440640182854,4,NE
202438,281.686598670961,283.3931545813372,4,NE
202439,284.866122003663,281.15549648308644,4,NE
202440,282.818073873509,279.79432629305785,4,NE
202441,282.406427130836,277.9226463602139,4,NE
202442,277.774839135975,276.32247622842516,4,NE
202443,278.211800378169,274.8120006001856,4,NE
202444,273.972124405391,273.8075318802588,4,NE
202445,270.273173634204,272.6233483852537,4,NE
202446,271.626280094375,271.0567195377016,4,NE
202447,271.079631750401,269.3469684125157,4,NE
202448,271.777793472733,268.900221140685,4,NE
