Reference_date,Observed,Predicted,Horizon,region
202106,268.648147523942,272.79108680645766,1,W
202107,273.754785724599,274.56195003730613,1,W
202108,274.978508201703,275.3476241944644,1,W
202109,277.162458992549,275.9694886722575,1,W
202110,276.235142127216,276.66795661939,1,W
202111,276.509675004576,277.0574926091511,1,W
202112,278.114715050351,277.5111943443977,1,W
202113,283.227221392312,279.58458072368626,1,W
202114,278.403529686912,280.56986654330365,1,W
202115,280.205498724824,280.73412485974956,1,W
202116,281.584222077906,282.67898206706593,1,W
202117,285.861251239083,283.50594224981785,1,W
202118,284.145693269591,284.41452012523456,1,W
202119,287.034606525622,286.26901626372694,1,W
202120,283.766064318768,286.60475904017636,1,W
202121,291.064026647053,287.4185021282019,1,W
202122,290.982089790256,290.25324179514985,1,W
202123,293.630715276856,290.35937768244673,1,W
202124,295.191344978106,291.86708509868686,1,W
202125,295.630140156114,292.4852477082097,1,W
202126,297.081642257506,294.42209200673796,1,W
202127,297.279648697092,294.6087314185867,1,W
202128,296.536561157774,295.244052583994,1,W
202129,296.749589684839,295.5112796697145,1,W
202130,296.416305372933,295.5067825567224,1,W
202131,295.392647461353,296.12504452336276,1,W
202132,295.346375258274,294.75772304994223,1,W
202133,291.456179758796,294.5828282252516,1,W
202134,292.838420633876,293.09748737382307,1,W
202135,294.688482182037,291.6188875326675,1,W
202136,292.463797347465,290.92450663468645,1,W
202137,288.847013278,289.54525845429265,1,W
202138,289.052537937537,289.0476301086234,1,W
202139,288.36609256021,286.94709017518744,1,W
202140,280.12071768065,285.32569969506295,1,W
202141,282.564169955834,282.3964165709216,1,W
202142,281.744718808148,281.45195288909883,1,W
202143,281.783653752472,280.36118101576477,1,W
202144,280.209732320264,279.69757438361813,1,W
202145,280.473328432969,277.5532741147783,1,W
202146,277.227747996025,276.5570262906407,1,W
202147,281.443454232726,275.6160889148499,1,W
202148,276.86712869499,274.6090819398346,1,W
202149,272.980942284981,273.2832583350123,1,W
202150,273.23766084065,272.259261552542,1,W
202151,269.131600721582,272.83967873118036,1,W
202152,270.31172130578,270.9348592888963,1,W
202201,274.988175518709,272.8293822786298,1,W
202202,274.393009031736,274.4197933749317,1,W
202203,273.072687917415,273.1276806149102,1,W
202204,271.367528160314,274.0528676935443,1,W
202205,276.90368511598,274.17867316936326,1,W
202206,275.891975758189,275.59030881975406,1,W
202207,269.802114598546,275.069824359398,1,W
202208,277.786136674943,274.0450220279395,1,W
202209,271.534025275429,276.81405332421895,1,W
202210,278.198407146283,275.7407212311437,1,W
202211,279.801983513358,278.9265572401548,1,W
202212,281.330918991435,278.8227434729364,1,W
202213,280.687468273473,279.61303011182997,1,W
202214,275.443986875305,281.42310292919075,1,W
202215,279.860894730367,280.0255690358382,1,W
202216,281.233070035677,283.2088505596277,1,W
202217,283.041103082265,283.1111069610027,1,W
202218,281.181147204534,284.5089716647011,1,W
202219,286.470486060947,285.50321641636043,1,W
202220,286.01140696156,287.3862847416773,1,W
202221,285.8213429607,288.63582446411976,1,W
202222,290.002954087133,289.2992618283873,1,W
202223,290.1758384297,291.72498404500067,1,W
202224,290.635906201345,292.1012775427505,1,W
202225,293.976268666823,292.42900316544944,1,W
202226,293.491436235901,293.9854486934952,1,W
202227,296.51334811149,294.51997559759275,1,W
202228,297.350816655742,295.57870070679576,1,W
202229,296.454873688745,295.67199707974015,1,W
202230,296.789621442304,295.30379759001397,1,W
202231,295.76028414092,295.77011972240103,1,W
202232,296.229194672713,295.3438572037348,1,W
202233,295.436074143745,294.1488228423252,1,W
202234,296.307577606327,293.2408378022795,1,W
202235,297.273680294178,292.3510820332875,1,W
202236,290.787621891769,291.4700186204874,1,W
202237,288.786679676228,289.3157527744049,1,W
202238,291.686540142334,288.08751055117216,1,W
202239,288.90654399052,287.18583429169564,1,W
202240,288.732296223413,285.80575354386923,1,W
202241,287.904456187407,283.7368270836234,1,W
202242,278.829497572944,282.031671670889,1,W
202243,279.473482450673,279.41574420872377,1,W
202244,274.557330627991,278.81652710547206,1,W
202245,272.2927451531,275.3628558643659,1,W
202246,275.074268202453,275.22536475789815,1,W
202247,272.899819091193,275.5077262436936,1,W
202248,272.390294848906,273.1675377156966,1,W
202249,270.874082157756,272.3554015331424,1,W
202250,267.60055015104,271.53443098663973,1,W
202251,275.328292391283,272.1349661968391,1,W
202252,272.621626822753,273.8518224693536,1,W
202301,275.660864120388,273.0530520449644,1,W
202302,271.88201155659,273.7214582968503,1,W
202303,271.428089720621,272.94942645570563,1,W
202304,269.680551039865,272.5069021849092,1,W
202305,274.367429645414,273.4546832781705,1,W
202306,272.387489062937,274.49416780846144,1,W
202307,270.593639263407,273.9840481393801,1,W
202308,271.944193648729,274.0397797469972,1,W
202309,272.145097845376,274.5507179405589,1,W
202310,275.006241456139,275.7841357260313,1,W
202311,274.4604592759,278.26014148296406,1,W
202312,273.771816107833,276.7264145597153,1,W
202313,275.28950986393,278.6631782693891,1,W
202314,281.250420551256,279.89880908706,1,W
202315,278.407529911162,281.9228546206181,1,W
202316,283.354728953138,282.0718875300911,1,W
202317,285.063129960375,283.7245170562238,1,W
202318,284.315856620591,284.1751636257066,1,W
202319,289.445650597295,285.79117277061107,1,W
202320,288.498328937243,288.12319827798444,1,W
202321,288.27953897435,288.1854495195484,1,W
202322,290.08763287364,288.8045574925354,1,W
202323,288.629572487172,290.20111409980814,1,W
202324,288.354068221536,291.0435693515826,1,W
202325,292.318331159644,291.93680951831016,1,W
202326,294.021031024733,293.44760730099694,1,W
202327,295.480811374304,293.6552997094579,1,W
202328,297.318578781185,294.41544223940963,1,W
202329,297.072348995965,295.11111229406237,1,W
202330,295.109225927662,295.19802002931397,1,W
202331,293.665723795932,295.2397990872292,1,W
202332,296.757290610847,294.5007573455509,1,W
202333,293.371232222696,294.01099393898096,1,W
202334,294.231710480222,293.5022420148741,1,W
202335,291.482036655569,292.10317493148807,1,W
202336,291.435578187995,290.8384966478906,1,W
202337,288.72659622535,289.5408139991653,1,W
202338,288.358159178641,287.2171073008966,1,W
202339,285.96465298437,286.4938187580249,1,W
202340,285.736589899795,284.3443347908723,1,W
202341,288.837446252862,283.65189817796573,1,W
202342,280.174066282469,282.374678802777,1,W
202343,279.616430735217,279.2857755642327,1,W
202344,280.005551046557,279.5593589278708,1,W
202345,281.029149994855,277.2805113154669,1,W
202346,275.912255913236,276.2989679632331,1,W
202347,273.727377700952,275.0656688647142,1,W
202348,277.18474597127,273.88550121419865,1,W
202349,275.457346234876,273.9311892599667,1,W
202350,277.780330621466,274.1587363109398,1,W
202351,274.79455913687,273.0803278941127,1,W
202352,273.433548618442,273.7557765606558,1,W
202401,267.321652982627,272.4915093738478,1,W
202402,271.071044297861,271.04575215970584,1,W
202403,276.575680439908,274.7609391456663,1,W
202404,278.293097697132,275.3851292269116,1,W
202405,273.562309550477,274.53443804497505,1,W
202406,273.615560434267,274.0033330284644,1,W
202407,277.546006350672,275.2950153622085,1,W
202408,275.204994398606,276.01094250862207,1,W
202409,274.157002780661,274.8943749934078,1,W
202410,277.676241547876,276.02145191487585,1,W
202411,280.17263087432,277.38411365773857,1,W
202412,276.171572080337,278.2463953385955,1,W
202413,279.022822922392,279.23027354227463,1,W
202414,282.258754616765,279.57099734294445,1,W
202415,280.98109202864,281.26237271817024,1,W
202416,283.000227578129,282.36049832887056,1,W
202417,281.012524272638,284.20147583673537,1,W
202418,283.117263738331,284.0529248390326,1,W
202419,287.405614909341,285.77491964861025,1,W
202420,283.452979058605,286.8121571105283,1,W
202421,288.378948499148,286.67885923866595,1,W
202422,291.708904896818,289.5753597749326,1,W
202423,292.169880136956,290.8928896035865,1,W
202424,290.855660722,291.7527317405369,1,W
202425,293.942960779347,293.0402778800743,1,W
202426,294.28736609972,293.85053587998027,1,W
202427,298.995148363173,294.3993382815766,1,W
202428,297.288150633384,295.36082186523555,1,W
202429,296.595638681637,295.7584401299674,1,W
202430,297.083789935371,295.91047561423176,1,W
202431,295.682079853048,295.46993313802864,1,W
202432,294.063020343524,294.8979943959611,1,W
202433,292.971537576914,294.3231582804529,1,W
202434,293.439576054533,293.4594540084802,1,W
202435,295.587509752711,292.34681471230994,1,W
202436,291.457304240227,291.2480913759121,1,W
202437,288.056336683087,288.9303530073634,1,W
202438,292.618077796909,287.1221358675517,1,W
202439,290.229164108869,287.07603017315245,1,W
202440,290.35300970383,285.4237499459106,1,W
202441,285.237937795728,284.3911482429757,1,W
202442,284.407333123863,282.6312619810856,1,W
202443,278.638879041456,280.9081972862057,1,W
202444,277.398462908948,278.39595639122444,1,W
202445,277.553912817539,277.21224677990347,1,W
202446,276.248781539649,275.4629710733546,1,W
202447,273.976640338216,275.0191705085467,1,W
202448,277.46350308135,273.60436091090975,1,W
202449,274.070857953631,274.23050295322906,1,W
202450,277.133388857467,272.50484465349194,1,W
202451,275.926780539884,274.145240236167,1,W
202106,270.4621501243,281.0573509828184,1,SW
202107,281.039430294994,281.30324288059956,1,SW
202108,283.007521209698,283.9627347373662,1,SW
202109,285.977998926021,285.05357461388877,1,SW
202110,284.900619338199,286.41052401149267,1,SW
202111,284.618786110534,286.2226632816314,1,SW
202112,286.773113748458,287.7507276751451,1,SW
202113,290.831856411668,289.4124542710788,1,SW
202114,290.209619090653,290.53043934252184,1,SW
202115,285.37120592675,290.2483119186003,1,SW
202116,290.948494210841,290.86559822991035,1,SW
202117,292.356870024666,292.89185998841305,1,SW
202118,292.425547534682,294.01706767577855,1,SW
202119,293.722544557193,294.62619747554197,1,SW
202120,294.956616688522,295.7935300586637,1,SW
202121,294.810732201191,297.413606547053,1,SW
202122,298.165073383449,297.90181021200516,1,SW
202123,301.504574010518,299.26641425779144,1,SW
202124,300.910265671138,300.15256702084054,1,SW
202125,297.894582754229,300.3470669146303,1,SW
202126,298.8791385487,300.0102294990222,1,SW
202127,299.529833161177,300.81814243794304,1,SW
202128,299.048090498019,300.9421229583797,1,SW
202129,299.702571602123,300.832909585975,1,SW
202130,299.210431376384,301.17113075193623,1,SW
202131,300.417812209274,301.03464700207536,1,SW
202132,298.268810424206,300.94217649195514,1,SW
202133,300.207416355007,300.09231510908563,1,SW
202134,299.629115046505,299.76711832058425,1,SW
202135,299.80150030942,298.6884948247354,1,SW
202136,299.148720626397,297.8929768049545,1,SW
202137,297.381631646226,297.2002337109536,1,SW
202138,295.067454607204,295.8219090905319,1,SW
202139,294.08946080081,293.88089536737647,1,SW
202140,292.651166381254,292.41789520609643,1,SW
202141,289.965039951781,290.8687551959946,1,SW
202142,291.665525103653,289.154699418899,1,SW
202143,287.784853320917,287.84014697736825,1,SW
202144,288.657828097147,286.71035917625613,1,SW
202145,287.668596199458,285.7855963295176,1,SW
202146,285.310600948511,284.57563824957776,1,SW
202147,285.662293582506,283.3295832519586,1,SW
202148,286.000682201451,283.26483887025205,1,SW
202149,284.241296449205,281.82147911703106,1,SW
202150,282.152189792322,280.9987273567725,1,SW
202151,285.516354535692,280.7244377082351,1,SW
202152,278.390920106289,279.2727100248609,1,SW
202201,281.861620692645,279.9070476940568,1,SW
202202,279.107542323979,280.32934208301145,1,SW
202203,278.163493692862,280.0673595063995,1,SW
202204,278.0502663996,280.1835358356179,1,SW
202205,280.179207698158,280.8822040839392,1,SW
202206,281.755856691902,281.93898197288047,1,SW
202207,279.594387757909,282.8800048869199,1,SW
202208,283.876023539565,283.216589577038,1,SW
202209,280.564946038488,285.0872114226689,1,SW
202210,284.524086986608,284.4707419913418,1,SW
202211,285.683219803087,287.0831565174231,1,SW
202212,289.333564646472,287.5871766765268,1,SW
202213,289.518741692833,288.7411941165006,1,SW
202214,290.630745633236,290.12509879339524,1,SW
202215,292.925241102075,290.7713200769606,1,SW
202216,291.432044185622,292.5073084828328,1,SW
202217,293.266017489169,293.2025128899966,1,SW
202218,296.898949422692,293.9812264587457,1,SW
202219,298.789806198331,295.47211026874356,1,SW
202220,293.676880319494,296.7937381321778,1,SW
202221,297.343310869739,296.9427218950631,1,SW
202222,299.773756158082,298.21917812399084,1,SW
202223,302.23128195568,298.9891281914349,1,SW
202224,300.245248445945,299.66759990245555,1,SW
202225,299.442515184432,300.04574958267375,1,SW
202226,301.429354085111,300.56504757087873,1,SW
202227,302.967870250452,301.1179245223449,1,SW
202228,303.440443450512,301.55751306061035,1,SW
202229,301.329203712889,301.5854207165944,1,SW
202230,301.380108785985,300.95270990952355,1,SW
202231,300.71516729294,301.10835869266265,1,SW
202232,299.600847085032,300.6056450866706,1,SW
202233,297.721633327682,300.1687348424834,1,SW
202234,299.113396768013,299.11521937252814,1,SW
202235,299.098507458902,298.57577706796803,1,SW
202236,296.552353807163,297.6533492726801,1,SW
202237,298.476913107031,295.97251208169166,1,SW
202238,296.709219472204,295.17689682927306,1,SW
202239,293.714328926948,293.9035329022475,1,SW
202240,292.67511853666,292.2717170005392,1,SW
202241,290.091795783859,291.2207645976898,1,SW
202242,288.470584325261,288.82883566295754,1,SW
202243,287.795060187128,287.5011146888367,1,SW
202244,287.532905517397,286.5951904546333,1,SW
202245,278.542395632947,284.65997943885577,1,SW
202246,279.81053060251,282.16887309826257,1,SW
202247,281.839074666494,282.50188296465274,1,SW
202248,285.047170327503,281.75355781152854,1,SW
202249,281.029226490942,280.9605436673496,1,SW
202250,276.174723149831,279.51674479304967,1,SW
202251,279.587491728679,278.77867226209025,1,SW
202252,282.616151958581,280.1989506891827,1,SW
202301,283.003281835267,279.4425539131289,1,SW
202302,281.396831544831,279.7087526316184,1,SW
202303,276.942203761592,279.57534585810674,1,SW
202304,276.568170060277,279.5691968245509,1,SW
202305,280.780198815838,280.5171068429383,1,SW
202306,279.559758500077,281.57467930288465,1,SW
202307,283.752338397826,281.821498396132,1,SW
202308,284.171631580726,282.9296940698557,1,SW
202309,287.039926714439,284.1056813500803,1,SW
202310,283.363770134915,284.78743529709044,1,SW
202311,284.245866578757,286.74614614387883,1,SW
202312,285.3605765881,286.62283183263406,1,SW
202313,287.154725368243,287.8702020674936,1,SW
202314,291.246022674919,289.2728521771173,1,SW
202315,290.186022135433,290.51619791875385,1,SW
202316,288.329309302256,291.54711195753845,1,SW
202317,292.939311055721,291.8700652992701,1,SW
202318,294.63927907355,293.06199574573276,1,SW
202319,293.700167123514,294.7365664319969,1,SW
202320,294.802187336812,295.3850219215586,1,SW
202321,295.488397311012,296.42553572249113,1,SW
202322,296.333625902478,296.9679481452229,1,SW
202323,297.991643842217,297.15948091210436,1,SW
202324,300.974676469934,298.5203630883499,1,SW
202325,302.026867859611,299.38812776669243,1,SW
202326,301.101384767837,300.1990233845898,1,SW
202327,302.675503944801,300.44378553846155,1,SW
202328,303.436566019388,300.60573312891705,1,SW
202329,303.372221428061,301.2463791171502,1,SW
202330,303.322547160518,301.29720289566797,1,SW
202331,302.509674999625,301.0274013791409,1,SW
202332,301.838210457237,300.5273382895298,1,SW
202333,301.904767301315,300.13473994653555,1,SW
202334,300.880153050965,299.634057379219,1,SW
202335,301.503928811821,298.70269378752613,1,SW
202336,296.894332015237,297.45884438495995,1,SW
202337,297.970799337908,296.224842088956,1,SW
202338,298.534833728138,295.0440535061117,1,SW
202339,294.532832119612,293.8113342017827,1,SW
202340,292.618355092521,291.9794505866084,1,SW
202341,293.273480408827,289.9342071688143,1,SW
202342,292.775465767281,289.4987348163005,1,SW
202343,284.08663311972,286.9475403172069,1,SW
202344,289.01819763157,285.9131645321963,1,SW
202345,287.1797051433,285.22242789736856,1,SW
202346,283.164649897282,284.07872811268953,1,SW
202347,281.024067462577,282.0338216074876,1,SW
202348,284.212257936128,281.1059318815762,1,SW
202349,281.477016837386,281.5170878404712,1,SW
202350,284.141437758153,280.43219071293504,1,SW
202351,279.646414860305,280.86798983736344,1,SW
202352,278.265626011796,279.44692026746054,1,SW
202401,276.692471551267,278.5650731107483,1,SW
202402,274.826380655555,277.9275310493848,1,SW
202403,280.459772478781,280.4307320538222,1,SW
202404,284.440328798457,281.52231171893106,1,SW
202405,281.790834644382,281.56851649577857,1,SW
202406,280.885321631482,281.1107748513466,1,SW
202407,286.588738627731,281.6756941966451,1,SW
202408,285.90528329965,284.31753508635205,1,SW
202409,285.343393133677,285.5900314969884,1,SW
202410,286.308909339187,285.30330941044826,1,SW
202411,285.917358627764,286.0235768600239,1,SW
202412,285.697508884136,287.20923471431894,1,SW
202413,287.919022563721,287.76385253078143,1,SW
202414,289.859621980637,289.18556870091027,1,SW
202415,291.267579149063,290.9152878550966,1,SW
202416,291.928861594514,291.4786641359466,1,SW
202417,293.828664539222,292.8461181880942,1,SW
202418,293.076387782839,293.7628382001778,1,SW
202419,295.619010479192,294.53259819976034,1,SW
202420,296.950917814601,295.7354059012468,1,SW
202421,298.12592604796,297.0923440393736,1,SW
202422,300.505115329664,298.0532161898606,1,SW
202423,300.138128043021,298.97503292693494,1,SW
202424,299.644647770812,299.68908866041954,1,SW
202425,302.049823002404,300.13932718112557,1,SW
202426,301.568351770642,300.64761272756454,1,SW
202427,301.106279568345,301.2126776174063,1,SW
202428,300.878308018335,301.26276606319084,1,SW
202429,299.570504737639,301.0519351556848,1,SW
202430,302.175809092655,301.19387522427996,1,SW
202431,301.452171664801,301.17759384087566,1,SW
202432,302.161208617007,300.849099611015,1,SW
202433,302.244399610014,300.51334360007803,1,SW
202434,299.336048999664,299.8022647396672,1,SW
202435,297.287238480422,298.8180659186945,1,SW
202436,298.191902267548,297.813514459246,1,SW
202437,297.872472573586,296.53174907919083,1,SW
202438,297.294474385447,295.13697613872046,1,SW
202439,298.103825740138,294.00651433795485,1,SW
202440,297.531411646997,292.5685717894858,1,SW
202441,291.522565451368,291.23474602720864,1,SW
202442,294.20232627918,289.724999658143,1,SW
202443,291.2950095744,288.525215019058,1,SW
202444,285.65455841096,286.42840033002017,1,SW
202445,287.463857692553,284.77954688457345,1,SW
202446,285.625478446497,284.25733701325413,1,SW
202447,283.075727478712,282.8637912016797,1,SW
202448,282.488258949995,281.49492874681226,1,SW
202449,282.326697284676,281.3964499530642,1,SW
202450,284.248534715438,280.61808956996384,1,SW
202451,284.709905782704,280.9529435822948,1,SW
202106,257.059954741288,266.08000470765205,1,MW
202107,271.789734756134,269.2429172577906,1,MW
202108,274.983903882557,274.26160565708324,1,MW
202109,279.70158074799,275.7994297635934,1,MW
202110,276.256879543493,277.1616449959419,1,MW
202111,279.755941135808,278.22283238500086,1,MW
202112,278.011956803135,279.44114549428195,1,MW
202113,285.14381850294,279.9980507107178,1,MW
202114,280.312637432139,282.2333041810071,1,MW
202115,277.782628498586,281.15660511902246,1,MW
202116,283.661245757074,283.0900250094535,1,MW
202117,286.055764007103,285.1094367119887,1,MW
202118,282.88232735299,287.5352669778626,1,MW
202119,290.10917375909,288.4666328088266,1,MW
202120,291.702958792403,291.1236127641908,1,MW
202121,288.477187342203,292.19560726389057,1,MW
202122,297.38995602213,293.352509311785,1,MW
202123,296.734385426813,295.5364844129248,1,MW
202124,294.707121389474,296.3198412480893,1,MW
202125,295.728312466766,294.8049494794118,1,MW
202126,296.522921115767,296.3220876338998,1,MW
202127,295.584904262292,297.32042326124235,1,MW
202128,296.813685724758,297.3337321391767,1,MW
202129,299.411820233671,298.18268851303094,1,MW
202130,295.762772795343,297.92107720128956,1,MW
202131,297.971528802183,297.0095078628689,1,MW
202132,297.052398547884,297.2184251013386,1,MW
202133,296.940001042599,296.4930160123251,1,MW
202134,295.687207465613,295.0830747568562,1,MW
202135,293.339054980414,293.626938007814,1,MW
202136,294.013617648428,292.71694710750097,1,MW
202137,291.921449263696,291.87673080138154,1,MW
202138,291.989906066984,290.5580925035749,1,MW
202139,291.724195130118,289.70187578194214,1,MW
202140,289.554778616906,287.661980611444,1,MW
202141,284.842765383981,284.97349686464145,1,MW
202142,281.66920349937,283.8764349351663,1,MW
202143,278.879553662564,281.62340688696776,1,MW
202144,282.077107773311,278.03828159325,1,MW
202145,276.459008788986,277.60796230685844,1,MW
202146,275.002668544986,274.20815279408106,1,MW
202147,277.127152695715,273.51506606560747,1,MW
202148,272.87139000968,273.76781003574365,1,MW
202149,276.246264862599,270.4876721221469,1,MW
202150,270.217591863581,271.57350441016837,1,MW
202151,271.288897610288,269.9300611979839,1,MW
202152,262.914462614701,266.9997531152876,1,MW
202201,268.621967501422,267.05058476651595,1,MW
202202,266.001844027002,268.7440892883238,1,MW
202203,265.074262341831,267.40252361169524,1,MW
202204,266.355163783113,267.6414394190488,1,MW
202205,270.917862375012,268.74027539811726,1,MW
202206,267.33952925039,271.07205647489815,1,MW
202207,265.713982292749,270.892472045509,1,MW
202208,273.481536058809,270.0075055668363,1,MW
202209,270.630951561778,274.6084492976738,1,MW
202210,276.761156554436,272.4192963180195,1,MW
202211,279.026872313704,278.6115431844083,1,MW
202212,274.71013049696,278.85984930210464,1,MW
202213,278.292270621176,279.1979274634174,1,MW
202214,279.47478105946,282.04173155828533,1,MW
202215,278.721054556165,281.33726181266644,1,MW
202216,282.517858027932,283.4919220950002,1,MW
202217,283.063673548364,285.6360400177096,1,MW
202218,291.011071908262,287.5761841249664,1,MW
202219,290.282106109725,289.73577607274507,1,MW
202220,286.189962770989,289.3684318723582,1,MW
202221,291.650867859715,291.40099200768094,1,MW
202222,291.240711239862,292.60798788996635,1,MW
202223,295.969217274807,293.30345299003113,1,MW
202224,297.067843464524,294.9661760231641,1,MW
202225,294.944012240095,296.0392143922881,1,MW
202226,296.852682048341,295.779831465855,1,MW
202227,296.998886397008,297.3039113767806,1,MW
202228,299.047127747863,297.4218541578817,1,MW
202229,296.000234751485,297.5534237409316,1,MW
202230,297.716596324456,296.1060813186809,1,MW
202231,296.531208905418,297.4929286958309,1,MW
202232,295.542108609253,296.49231883459765,1,MW
202233,295.868015962854,295.8780302219494,1,MW
202234,296.834617731692,294.5148547838952,1,MW
202235,294.948450677422,295.0966170175037,1,MW
202236,292.464210622331,293.34182199309663,1,MW
202237,292.670133701724,291.1696126158091,1,MW
202238,288.063038288497,289.7797220214676,1,MW
202239,287.878969064408,287.77419092780013,1,MW
202240,284.957024000162,286.3508662607961,1,MW
202241,280.364549799586,283.0182441691657,1,MW
202242,284.442994540295,280.8871866763758,1,MW
202243,285.252452416067,280.14443256219033,1,MW
202244,279.779000179651,279.5260160300026,1,MW
202245,269.934699142046,274.71161834355314,1,MW
202246,273.481640577348,271.20621927199164,1,MW
202247,273.758844556811,274.5489479622157,1,MW
202248,271.147287719127,270.9625266659486,1,MW
202249,272.60367023517,270.43253200359356,1,MW
202250,261.649540683486,267.5009943486255,1,MW
202251,267.800101427278,263.63261309780984,1,MW
202252,271.645217473761,269.13868344250227,1,MW
202301,271.596971956057,269.1655491610555,1,MW
202302,272.395315972813,269.76237721502383,1,MW
202303,268.9977322835,269.2969250052255,1,MW
202304,262.975905404038,267.20368025372784,1,MW
202305,273.611744978576,269.24738028092924,1,MW
202306,273.241518017279,272.4778358646175,1,MW
202307,269.320341292115,272.0460683371273,1,MW
202308,274.601905338591,271.11341054445865,1,MW
202309,273.565941090786,274.0882663839335,1,MW
202310,271.374296189302,271.3553870509775,1,MW
202311,274.584484923814,275.2337566644044,1,MW
202312,275.217342219467,277.40635306916295,1,MW
202313,278.555369481686,277.51994296176537,1,MW
202314,287.477745584941,280.8455285105959,1,MW
202315,280.411147878858,284.4397245769494,1,MW
202316,280.565437658636,282.778814504937,1,MW
202317,284.186521439509,284.7566123503889,1,MW
202318,290.623470622563,286.734208141944,1,MW
202319,288.24560394087,289.3046303954349,1,MW
202320,291.34615794719,290.264985045772,1,MW
202321,294.961252150314,292.77497024272,1,MW
202322,294.360340341657,293.83605294726897,1,MW
202323,291.712061219651,293.39915579199504,1,MW
202324,295.847475705234,294.05933308306317,1,MW
202325,295.764553539227,294.9679323867406,1,MW
202326,295.037808957262,295.6607673658596,1,MW
202327,295.625138405744,295.068588018318,1,MW
202328,295.464459101056,295.45313930881395,1,MW
202329,299.358935302902,295.2733460503586,1,MW
202330,297.469511373933,296.12114878074055,1,MW
202331,295.49258306472,296.10308230939967,1,MW
202332,294.822790361431,295.23893372047263,1,MW
202333,298.399396596281,294.99122709989086,1,MW
202334,295.269801131639,294.2255448278392,1,MW
202335,295.644637076744,293.28691014610115,1,MW
202336,290.850103916353,291.6132515628878,1,MW
202337,292.583714052845,290.08297495489336,1,MW
202338,292.348702900601,289.16968758703126,1,MW
202339,290.55657853104,287.385370152578,1,MW
202340,284.372003611177,285.01323463869727,1,MW
202341,285.08712224363,282.7566030678082,1,MW
202342,283.623032975188,281.6862508804027,1,MW
202343,275.603793599091,276.99229667592033,1,MW
202344,280.65351294179,276.5913485011711,1,MW
202345,281.382817614821,276.60680005510926,1,MW
202346,275.086518856225,275.4390673746054,1,MW
202347,272.385979240762,272.47274288693677,1,MW
202348,276.276839839332,271.26702367738227,1,MW
202349,274.099916456209,272.05341756848117,1,MW
202350,275.148674457563,270.5465726371056,1,MW
202351,274.193454773682,271.4917203717802,1,MW
202352,270.380982052161,269.5731986535431,1,MW
202401,264.408409680899,267.9390544045592,1,MW
202402,259.229529885149,263.90153769545446,1,MW
202403,273.122807206908,265.8234521829236,1,MW
202404,276.17978956934,269.4857910639329,1,MW
202405,276.034635117307,271.5570237344709,1,MW
202406,271.395162527301,271.2864180171984,1,MW
202407,277.261811589675,270.11720135921684,1,MW
202408,276.95760752715,274.17121374299023,1,MW
202409,276.889611296595,275.080171367775,1,MW
202410,280.67635173508,275.84985406927495,1,MW
202411,273.615560230885,275.59473558166064,1,MW
202412,276.36914251692,275.48645475201135,1,MW
202413,279.605071224621,277.9732372911229,1,MW
202414,284.929455951627,281.43118317755943,1,MW
202415,282.88002833496,283.07943825278966,1,MW
202416,284.828842746512,282.99147595079586,1,MW
202417,286.315507621397,286.1142232482017,1,MW
202418,288.590579361767,287.164998581055,1,MW
202419,290.34513995132,289.03034685548744,1,MW
202420,290.490748334352,289.4612645902761,1,MW
202421,290.563148149302,290.3305367945432,1,MW
202422,293.012919104426,292.1581683742772,1,MW
202423,294.428188188087,293.07767477032144,1,MW
202424,295.51393140271,293.95032618449494,1,MW
202425,295.473066937574,295.03005822370085,1,MW
202426,294.509969343251,294.81347545164635,1,MW
202427,297.504641130288,295.8303391180608,1,MW
202428,295.989379822555,297.0198433775323,1,MW
202429,297.13361027233,296.4468025308048,1,MW
202430,299.332887701666,297.2608450085808,1,MW
202431,293.759645619055,296.6379702062205,1,MW
202432,295.905900293759,295.40766425618426,1,MW
202433,295.606539945229,294.96996955837744,1,MW
202434,296.846508572727,295.0876803407471,1,MW
202435,292.472457777946,293.7851804792744,1,MW
202436,295.308726962687,292.3579982596474,1,MW
202437,295.653305683521,292.07215868806605,1,MW
202438,292.752033600339,289.9538651908597,1,MW
202439,290.303153351359,289.164492622068,1,MW
202440,288.95523611653,286.1835931130362,1,MW
202441,284.469421854044,284.7760730901923,1,MW
202442,286.202271536057,283.11967367628796,1,MW
202443,284.608914088223,279.5649903483415,1,MW
202444,282.056448710674,277.9852041635866,1,MW
202445,280.404929811729,277.41916545519763,1,MW
202446,277.496023872442,276.38052162072177,1,MW
202447,270.099486992679,272.22692165606895,1,MW
202448,270.831399406917,267.7875292967738,1,MW
202449,269.946680118872,269.9859267300149,1,MW
202450,270.889845582287,268.5804930955477,1,MW
202451,275.264743189278,268.32382621774207,1,MW
202106,275.13158524659,280.07258508496847,1,SE
202107,280.522217822823,280.05705089670676,1,SE
202108,285.4817210766,284.14448885617986,1,SE
202109,284.313503280819,286.07995384318065,1,SE
202110,288.77694747333,287.26700608938444,1,SE
202111,286.384136905967,287.4613428109283,1,SE
202112,289.101144470426,289.27564255317003,1,SE
202113,287.663326418227,289.3173166477043,1,SE
202114,291.042134922163,291.2508332192824,1,SE
202115,286.985627275238,289.0237600002712,1,SE
202116,291.239294520871,289.6411540064499,1,SE
202117,293.318944530085,292.9808190342309,1,SE
202118,290.321143562282,294.0575973506209,1,SE
202119,293.078205720362,293.7942652574394,1,SE
202120,296.942452059149,296.7801047784956,1,SE
202121,294.007895692238,298.45164676540173,1,SE
202122,297.668879584762,298.04502924488315,1,SE
202123,298.454777609614,300.44387065124124,1,SE
202124,297.634363676465,299.5152522721682,1,SE
202125,298.818817516257,299.9868240933046,1,SE
202126,298.1232478066,300.0411454662751,1,SE
202127,298.939345237609,300.3049533198362,1,SE
202128,298.836716901805,300.76142522962726,1,SE
202129,300.671452271307,300.6780193749181,1,SE
202130,298.945488548269,300.6004362821448,1,SE
202131,299.995228450085,300.03551898754125,1,SE
202132,299.519902591565,301.0150642860441,1,SE
202133,300.475683874595,300.47356950038085,1,SE
202134,299.16574900349,299.41524007964523,1,SE
202135,297.40420413061,298.5429024274488,1,SE
202136,297.115393313671,297.4863607779335,1,SE
202137,296.481938011282,297.071012006378,1,SE
202138,294.770112942935,295.8188353558012,1,SE
202139,295.72360784688,294.4848439512529,1,SE
202140,295.550993931901,293.48212232647404,1,SE
202141,291.702819299647,292.3237580513851,1,SE
202142,290.970116882204,290.27903167147304,1,SE
202143,285.893063343634,289.4113658278962,1,SE
202144,286.141425072688,285.95226127186567,1,SE
202145,285.922650909445,286.8232659845996,1,SE
202146,282.71696414296,284.2738999555378,1,SE
202147,282.738898937971,283.64660681681573,1,SE
202148,285.430954430297,283.45832055335785,1,SE
202149,286.166142998415,283.1872224488776,1,SE
202150,282.884977550189,284.80175874829234,1,SE
202151,289.562663800112,280.9964776354473,1,SE
202152,281.332200280568,280.7720766376298,1,SE
202201,279.662229090195,280.52790682328714,1,SE
202202,277.389469534046,279.8000759479662,1,SE
202203,276.21220912116,279.26110589811935,1,SE
202204,279.462594400143,279.9884587842227,1,SE
202205,279.422206622717,280.89409514222194,1,SE
202206,282.168978938318,281.7428642043377,1,SE
202207,284.049489995372,282.3433191830958,1,SE
202208,284.187392397481,283.1351187398274,1,SE
202209,286.940136736644,285.4303473085436,1,SE
202210,284.459664246724,284.09038148994887,1,SE
202211,287.623204969691,287.11244480632007,1,SE
202212,286.135740734816,287.3384779081871,1,SE
202213,288.068300760161,287.77636576508434,1,SE
202214,289.247041943675,288.78567392799505,1,SE
202215,289.156375650858,290.5169378932591,1,SE
202216,291.962255929109,291.99209780932887,1,SE
202217,294.369133095865,292.4733745467732,1,SE
202218,293.341295824796,293.90412459075304,1,SE
202219,296.946014378474,296.6996304947658,1,SE
202220,295.337583608183,296.3562515425385,1,SE
202221,297.586289170477,296.5533637230114,1,SE
202222,297.415801427348,297.49692427934593,1,SE
202223,300.606252639178,297.6620139423617,1,SE
202224,300.183306336245,299.8406049788258,1,SE
202225,299.488226858596,300.0908699470834,1,SE
202226,301.035471236671,300.17943151009655,1,SE
202227,300.058874748954,300.60733713858434,1,SE
202228,300.917528645297,300.82339524429716,1,SE
202229,301.264781147975,301.06640633964946,1,SE
202230,300.23313938519,300.584334244552,1,SE
202231,299.767417277524,300.97330981300996,1,SE
202232,298.436196736376,300.41178607227874,1,SE
202233,298.555447371609,299.18786503614496,1,SE
202234,299.493014295947,298.5866528033379,1,SE
202235,298.012060120307,298.8944848753153,1,SE
202236,296.399984624661,297.85747623082875,1,SE
202237,298.091063754394,296.2680019894507,1,SE
202238,292.988821195765,295.69314990789064,1,SE
202239,291.759439696198,293.6133721175664,1,SE
202240,291.94056434832,291.92940624404633,1,SE
202241,287.868807070964,290.932383422605,1,SE
202242,290.077654720096,288.18785755524004,1,SE
202243,290.991232491371,289.5612262171244,1,SE
202244,292.019154875302,289.00164750592705,1,SE
202245,280.906034218035,287.178928735107,1,SE
202246,282.592158286888,281.0165342324712,1,SE
202247,284.968262167003,283.7073888062152,1,SE
202248,287.491694818062,283.54826452694755,1,SE
202249,283.786576191051,282.18865061852284,1,SE
202250,277.259449555413,279.7257667499622,1,SE
202251,277.41508300136,277.25118153334455,1,SE
202252,286.604522774025,281.0608863420134,1,SE
202301,282.190236907496,280.6790670910481,1,SE
202302,283.19409118231,280.3639394398724,1,SE
202303,280.003816503795,280.3757086779687,1,SE
202304,280.515344846578,279.5807505917833,1,SE
202305,284.673759572369,280.97013566063777,1,SE
202306,284.00000050099,283.11370287487864,1,SE
202307,288.18998634381,283.2817775965659,1,SE
202308,289.659396332076,284.778863863574,1,SE
202309,286.987351040434,285.87002944149407,1,SE
202310,282.233079603767,282.98727385740443,1,SE
202311,285.449944994692,284.9546011343548,1,SE
202312,289.270018845512,287.27340246970635,1,SE
202313,290.740440048078,287.3811247651971,1,SE
202314,289.799882177033,290.0100984814631,1,SE
202315,291.12992073446,291.50423712690196,1,SE
202316,289.018787631998,290.7296402875935,1,SE
202317,289.832167796585,290.53498276945254,1,SE
202318,295.377862159275,292.2619956292823,1,SE
202319,295.436435095271,294.44174879048904,1,SE
202320,293.487233905597,295.41806134871734,1,SE
202321,295.546191987705,296.7034411513249,1,SE
202322,296.416516009778,297.65839349230794,1,SE
202323,297.143382368463,296.79102710164864,1,SE
202324,297.529601369868,297.89707633962223,1,SE
202325,300.234123712665,299.083013375458,1,SE
202326,300.412965958186,299.1516738562442,1,SE
202327,299.923850505454,299.13247469241117,1,SE
202328,300.577021108579,299.8440133532731,1,SE
202329,301.020876135539,299.76305443838964,1,SE
202330,300.636771052853,300.37020520884704,1,SE
202331,300.868272182131,300.1084215467183,1,SE
202332,300.275822318796,299.59018124467406,1,SE
202333,302.271130168334,299.6274392174185,1,SE
202334,298.808929230021,299.00791667584747,1,SE
202335,299.714613762846,298.22023875216496,1,SE
202336,297.423669304138,297.6442819361506,1,SE
202337,296.16260194654,295.7446203375287,1,SE
202338,296.418002666028,295.29852746540035,1,SE
202339,295.560962529442,294.12942118521494,1,SE
202340,291.279715506181,292.47515571427533,1,SE
202341,288.988423817266,289.50228881783914,1,SE
202342,293.127684334765,289.411300009508,1,SE
202343,286.214393760032,288.51538501651794,1,SE
202344,290.515537475326,285.48738487168106,1,SE
202345,287.729283917905,286.1533111062103,1,SE
202346,284.899851752994,285.10760086936494,1,SE
202347,282.316359630188,282.9080006551067,1,SE
202348,284.469114328663,281.8877301082667,1,SE
202349,282.257875622858,281.87815149384835,1,SE
202350,281.285209290975,281.5764452385391,1,SE
202351,282.276449737206,281.9545466160417,1,SE
202352,278.614889445522,279.20209132593203,1,SE
202401,279.981340532672,279.15232911375597,1,SE
202402,272.569077739208,277.2768591932571,1,SE
202403,284.31827083892,278.55224801410697,1,SE
202404,281.721344488372,282.284069699318,1,SE
202405,284.07455376308,281.6151795148751,1,SE
202406,282.004555495853,282.4047106460647,1,SE
202407,283.482564171235,279.9293622991906,1,SE
202408,285.964147903738,284.391895459107,1,SE
202409,288.3208887582,287.75956017181306,1,SE
202410,288.562298667994,285.2672594255393,1,SE
202411,284.330792421995,285.5721115655176,1,SE
202412,287.349344485112,285.76677681431715,1,SE
202413,287.903223966338,288.1546864978838,1,SE
202414,290.632114321036,288.51327441773634,1,SE
202415,292.632322336041,290.38121286095827,1,SE
202416,290.535815539612,290.8818797017644,1,SE
202417,295.044711099009,293.382630805056,1,SE
202418,295.244933292086,293.83469980457727,1,SE
202419,294.960827563009,294.69623703767115,1,SE
202420,297.400612730822,295.9514570267057,1,SE
202421,296.385742289645,297.2354875925517,1,SE
202422,298.157154502911,297.5716754463597,1,SE
202423,298.591537727784,297.96414117154023,1,SE
202424,300.174679053094,299.0390145435974,1,SE
202425,301.263311674638,300.0763052499768,1,SE
202426,300.990221947391,300.32298551548286,1,SE
202427,301.198353127209,299.9717370929903,1,SE
202428,300.257885401567,300.551035090254,1,SE
202429,299.072173871004,299.90856476149725,1,SE
202430,300.922884881256,300.7621315573171,1,SE
202431,300.297413561495,300.6030684688757,1,SE
202432,300.409534376896,299.2852938742814,1,SE
202433,298.032308398516,299.7274835894282,1,SE
202434,300.926551238613,299.3728949353488,1,SE
202435,296.708873800217,298.46887039777505,1,SE
202436,296.219651392991,297.3099446081294,1,SE
202437,297.835764284395,297.8783203553167,1,SE
202438,296.647594722436,296.1114818579395,1,SE
202439,296.331575793918,294.1409863075947,1,SE
202440,293.146198609214,292.97513039605076,1,SE
202441,288.408729704762,291.11476146989673,1,SE
202442,292.957811961667,290.92832027732794,1,SE
202443,292.810191621085,289.9400882620494,1,SE
202444,293.201446281223,289.40421430448976,1,SE
202445,288.431628927407,286.3996939810129,1,SE
202446,285.754061415599,285.9716783538652,1,SE
202447,283.20111366628,283.6190188461534,1,SE
202448,277.906666008097,280.38385137859996,1,SE
202449,283.380971661445,281.9731607859111,1,SE
202450,282.789121331898,281.7692092685872,1,SE
202451,283.868366501519,281.0096319919841,1,SE
202106,264.984156397619,266.5046715101826,1,NE
202107,269.564289926011,268.6516317921429,1,NE
202108,270.432940761353,272.4998217110824,1,NE
202109,271.159398945325,273.90441555210316,1,NE
202110,272.629212317511,275.3150054442098,1,NE
202111,279.055097150751,275.89418352384155,1,NE
202112,279.43644528147,278.2268953109133,1,NE
202113,278.570493384993,277.5898824772813,1,NE
202114,283.444996592143,280.7804396837719,1,NE
202115,278.367440444078,280.3289494340177,1,NE
202116,282.2464191292,280.15409240009654,1,NE
202117,283.173040571024,283.9059852488974,1,NE
202118,281.506759977617,284.8090933567392,1,NE
202119,289.015327023101,286.07719088829936,1,NE
202120,291.298293533031,290.2490782312557,1,NE
202121,285.484649431729,290.8152493669089,1,NE
202122,294.647669223768,291.4514657188361,1,NE
202123,290.316227614843,293.72558166796284,1,NE
202124,292.045201699988,292.8510669244115,1,NE
202125,295.908665807429,293.61432829855175,1,NE
202126,292.072529994079,294.61479618419816,1,NE
202127,293.985433314445,294.67756180827496,1,NE
202128,293.943323772729,295.60690612119004,1,NE
202129,293.653568818856,295.76625487735845,1,NE
202130,291.518541492235,294.65045400156254,1,NE
202131,296.221734209487,294.9187068424438,1,NE
202132,295.026348819789,295.8503881218543,1,NE
202133,296.608310415598,295.1995556786319,1,NE
202134,293.342830130824,293.47489343966896,1,NE
202135,290.91930175009,291.96016501907644,1,NE
202136,291.229988777272,291.02373838246154,1,NE
202137,291.438667325928,290.7120421892666,1,NE
202138,287.807323106781,289.45912362590684,1,NE
202139,287.949590869986,288.3175489475341,1,NE
202140,289.273503541387,286.646775258586,1,NE
202141,286.114756855182,285.3839255339854,1,NE
202142,282.179023940165,283.0578111239225,1,NE
202143,280.030759001525,282.9817077121314,1,NE
202144,280.006148069102,278.32765445803886,1,NE
202145,277.904806373316,278.71018747068734,1,NE
202146,274.562878166407,274.91501380530025,1,NE
202147,272.697009215,274.5366030303297,1,NE
202148,272.406904782688,272.6537583319378,1,NE
202149,275.822637809786,272.40373704824964,1,NE
202150,271.725755456232,273.2347349332615,1,NE
202151,272.530231851491,269.7232777730725,1,NE
202152,270.285631703717,269.72615689051923,1,NE
202201,266.436010204157,268.3842319344683,1,NE
202202,263.561324924031,268.0292753365343,1,NE
202203,263.314703688283,267.3793482435614,1,NE
202204,265.821942498787,266.91584865911534,1,NE
202205,268.616493118617,268.2023114754007,1,NE
202206,269.119907092537,269.78164476791295,1,NE
202207,270.367520673408,269.0938663418711,1,NE
202208,267.381591835228,270.5990964624792,1,NE
202209,274.480839542553,272.6937201235509,1,NE
202210,275.677364824956,271.82393618553164,1,NE
202211,277.356848676743,275.71396222495594,1,NE
202212,273.383713288328,276.1371836193637,1,NE
202213,277.491865560832,276.81150529498404,1,NE
202214,281.056857067391,279.4655061133365,1,NE
202215,278.047559801492,279.49810480947565,1,NE
202216,280.375963328851,282.3358461309991,1,NE
202217,282.850604584394,284.2749837633467,1,NE
202218,285.844255608218,286.14888914415855,1,NE
202219,288.205509181237,288.7014987543718,1,NE
202220,289.252242446392,287.3533388908421,1,NE
202221,291.025239272953,289.3030098518694,1,NE
202222,289.552280704299,290.5609556113816,1,NE
202223,292.270068677999,290.8804718856863,1,NE
202224,289.476500174039,293.36936663583424,1,NE
202225,293.827992979969,293.51431163759884,1,NE
202226,293.656851498599,293.65703912227394,1,NE
202227,293.643619923471,294.0976474016043,1,NE
202228,296.5210955737,294.9483957732892,1,NE
202229,296.122578515737,294.9996211437943,1,NE
202230,295.683713752388,294.16879307981645,1,NE
202231,295.711640889671,295.41853114276523,1,NE
202232,293.164484825489,294.0911862104304,1,NE
202233,294.81512208981,293.35199302293876,1,NE
202234,293.682547298838,291.9825154856974,1,NE
202235,292.08846135425,292.27170923326406,1,NE
202236,291.333915369299,291.1898079343118,1,NE
202237,288.929571562513,289.65202601257886,1,NE
202238,285.41778968924,288.2104106113123,1,NE
202239,284.694290249616,286.24539979052435,1,NE
202240,283.730053422591,284.44322169967785,1,NE
202241,282.135670634068,282.1814830713287,1,NE
202242,284.968382874387,280.8228149935553,1,NE
202243,284.136655382136,281.93655222438935,1,NE
202244,284.461426874849,280.8438020929871,1,NE
202245,275.563120975709,277.556278611329,1,NE
202246,272.786476456908,272.49961574149086,1,NE
202247,275.05510505158,273.9838871247144,1,NE
202248,276.026313282222,272.1489003461139,1,NE
202249,270.251126634664,272.22357681643314,1,NE
202250,270.820773891895,270.38806360573955,1,NE
202251,269.696001187887,266.4959838283814,1,NE
202252,276.145075190422,270.2536472008165,1,NE
202301,270.570556892165,270.3143172360363,1,NE
202302,270.725675516625,269.36369521006407,1,NE
202303,270.623883716089,269.6291030520655,1,NE
202304,265.342005170457,266.566185366659,1,NE
202305,272.212067955122,268.01091168279584,1,NE
202306,274.676943229093,271.3533605916542,1,NE
202307,270.97193724589,270.932794676666,1,NE
202308,271.30505172213,270.77672648831964,1,NE
202309,271.978289538475,274.0581143161884,1,NE
202310,273.510263059382,271.57237186066646,1,NE
202311,274.859866747044,273.2076731974139,1,NE
202312,275.966591985521,275.9135663899354,1,NE
202313,277.9192516711,275.60159621562184,1,NE
202314,284.986942819537,279.52824466043586,1,NE
202315,282.492193656848,281.90965455518113,1,NE
202316,280.49688193784,281.0505412673165,1,NE
202317,281.212527859337,283.06981647663264,1,NE
202318,287.305082609705,284.93586306495894,1,NE
202319,284.239460798116,287.14090866224586,1,NE
202320,286.372473826573,287.37492601563883,1,NE
202321,291.774865685511,290.0294259669879,1,NE
202322,286.34147391877,291.94164617556044,1,NE
202323,290.086390437906,291.2458059795683,1,NE
202324,291.147472985663,292.1445061663242,1,NE
202325,293.323781777725,293.4832426663539,1,NE
202326,295.889891447498,293.6766170792167,1,NE
202327,295.133770487797,293.4350692473001,1,NE
202328,294.831801555672,294.2049615776444,1,NE
202329,295.73538451736,293.9652672479495,1,NE
202330,291.932452171776,294.6225017859357,1,NE
202331,293.34196704907,293.691828057744,1,NE
202332,293.20920904091,293.75807685137227,1,NE
202333,292.661516189846,293.05516445449007,1,NE
202334,291.484403403004,291.9512152567128,1,NE
202335,296.220986972103,291.5237972188506,1,NE
202336,290.774468561615,290.43017781197625,1,NE
202337,288.45506165788,289.19033640175115,1,NE
202338,287.479004413289,288.87747695637955,1,NE
202339,291.21303695113,288.10379096664514,1,NE
202340,283.308625167789,285.53877977417307,1,NE
202341,283.405714022139,283.14798614955026,1,NE
202342,285.58053710437,281.2507803380853,1,NE
202343,277.726438171173,279.0806187615372,1,NE
202344,278.206042012872,276.8300527780535,1,NE
202345,277.165711844317,277.5578408599977,1,NE
202346,273.613269287712,276.4572132822985,1,NE
202347,273.533588322212,273.2381744472065,1,NE
202348,272.757444098737,272.31025442622615,1,NE
202349,273.982309527289,272.60085556469835,1,NE
202350,273.241611514812,270.93324392099714,1,NE
202351,275.834086676295,271.4699759196091,1,NE
202352,269.688523411662,269.8435588850642,1,NE
202401,272.134459709214,268.93357873162097,1,NE
202402,263.848140321409,266.71328038500764,1,NE
202403,272.432346134652,266.12309459943555,1,NE
202404,270.696594707257,269.9605928907104,1,NE
202405,273.628811402461,270.2196900917596,1,NE
202406,269.135510692025,271.0936698070399,1,NE
202407,269.80616322348,267.8140267366553,1,NE
202408,275.160748647266,271.77233875099824,1,NE
202409,277.607825670753,274.3248161047548,1,NE
202410,277.982123726754,274.3119930040335,1,NE
202411,271.294443480173,273.58811535722555,1,NE
202412,275.732365297571,273.9005365248349,1,NE
202413,276.299027885207,277.208419697605,1,NE
202414,282.603986398696,279.49832068917453,1,NE
202415,281.29902076528,280.76362290174893,1,NE
202416,280.193394707989,280.9075657089698,1,NE
202417,285.582776104167,284.89543251258846,1,NE
202418,285.020808910222,285.8176427600635,1,NE
202419,288.227615648812,286.63267377011294,1,NE
202420,291.958196001878,288.25946099833504,1,NE
202421,289.190797361705,289.48698798653845,1,NE
202422,291.913357710668,291.29733653072236,1,NE
202423,290.0459205515,291.6475796329338,1,NE
202424,296.022237252463,292.1672882007888,1,NE
202425,292.973746085704,294.083197413588,1,NE
202426,294.673496296667,293.14689584911446,1,NE
202427,296.984318058709,293.7175496478078,1,NE
202428,295.594377312129,294.5528873788683,1,NE
202429,294.290329076456,294.0743137531158,1,NE
202430,296.639688189338,295.87583197690117,1,NE
202431,293.644743790849,294.2173081116439,1,NE
202432,293.329975420298,293.0929217330196,1,NE
202433,290.99089306992,293.2566098790592,1,NE
202434,293.727364510484,293.18520285067035,1,NE
202435,289.650402634079,291.3343438939028,1,NE
202436,291.366682181917,290.1056715850611,1,NE
202437,292.351033030765,290.94564408160835,1,NE
202438,289.077608847444,289.7689595698401,1,NE
202439,288.433471803944,288.00634101244594,1,NE
202440,283.989401241584,285.2408320915905,1,NE
202441,281.686598670961,283.0089850821984,1,NE
202442,284.866122003663,283.090011216398,1,NE
202443,282.818073873509,280.03290638026516,1,NE
202444,282.406427130836,280.09104453975186,1,NE
202445,277.774839135975,277.64820792495635,1,NE
202446,278.211800378169,277.2924567190877,1,NE
202447,273.972124405391,272.91507465732263,1,NE
202448,270.273173634204,269.9511712982862,1,NE
202449,271.626280094375,270.77136343727096,1,NE
202450,271.079631750401,271.0370006093077,1,NE
202451,271.777793472733,269.0748122281828,1,NE
202106,273.754785724599,274.8052473689811,2,W
202107,274.978508201703,275.5713337726406,2,W
202108,277.162458992549,275.8794914462834,2,W
202109,276.235142127216,276.38314454673895,2,W
202110,276.509675004576,277.06368564634,2,W
202111,278.114715050351,278.0893290289681,2,W
202112,283.227221392312,279.7144109958172,2,W
202113,278.403529686912,281.21782588238233,2,W
202114,280.205498724824,282.026613598759,2,W
202115,281.584222077906,282.5079594151086,2,W
202116,285.861251239083,283.6223220271588,2,W
202117,284.145693269591,284.8601774727357,2,W
202118,287.034606525622,286.0400529775238,2,W
202119,283.766064318768,287.1827344546743,2,W
202120,291.064026647053,288.1602480567204,2,W
202121,290.982089790256,289.03740018428243,2,W
202122,293.630715276856,290.7910541527562,2,W
202123,295.191344978106,292.02248367453234,2,W
202124,295.630140156114,292.9015414467078,2,W
202125,297.081642257506,294.2944743525747,2,W
202126,297.279648697092,294.92657928730677,2,W
202127,296.536561157774,295.13358501718807,2,W
202128,296.749589684839,296.2207020315647,2,W
202129,296.416305372933,295.66391059432624,2,W
202130,295.392647461353,296.0152974740147,2,W
202131,295.346375258274,294.70907958070154,2,W
202132,291.456179758796,294.5534325192801,2,W
202133,292.838420633876,293.53403941253106,2,W
202134,294.688482182037,292.4008289766226,2,W
202135,292.463797347465,290.9538904036807,2,W
202136,288.847013278,289.8449769180376,2,W
202137,289.052537937537,288.876215011993,2,W
202138,288.36609256021,287.1131112599219,2,W
202139,280.12071768065,285.6616718711808,2,W
202140,282.564169955834,284.1634939662147,2,W
202141,281.744718808148,281.09302634327446,2,W
202142,281.783653752472,280.46170484102595,2,W
202143,280.209732320264,277.730514792726,2,W
202144,280.473328432969,277.70199638490726,2,W
202145,277.227747996025,275.69585070288474,2,W
202146,281.443454232726,275.8382724306875,2,W
202147,276.86712869499,274.4304986108071,2,W
202148,272.980942284981,273.8569570775971,2,W
202149,273.23766084065,272.87067162593917,2,W
202150,269.131600721582,273.08116847084597,2,W
202151,270.31172130578,273.4966713783763,2,W
202152,274.988175518709,273.0024529697504,2,W
202201,274.393009031736,272.6768060740431,2,W
202202,273.072687917415,273.57159440092533,2,W
202203,271.367528160314,274.19477731886707,2,W
202204,276.90368511598,274.02108540657906,2,W
202205,275.891975758189,274.3284025787505,2,W
202206,269.802114598546,275.2655673948567,2,W
202207,277.786136674943,275.7732775710479,2,W
202208,271.534025275429,276.8271031692154,2,W
202209,278.198407146283,277.2960222724647,2,W
202210,279.801983513358,278.2377950271711,2,W
202211,281.330918991435,279.32493013367343,2,W
202212,280.687468273473,279.9975513280733,2,W
202213,275.443986875305,281.49991754271593,2,W
202214,279.860894730367,281.966546243328,2,W
202215,281.233070035677,282.8152988871812,2,W
202216,283.041103082265,284.4965403840122,2,W
202217,281.181147204534,284.8629445698621,2,W
202218,286.470486060947,286.6593725518429,2,W
202219,286.01140696156,287.22576010659185,2,W
202220,285.8213429607,288.56819845432966,2,W
202221,290.002954087133,288.79764361117725,2,W
202222,290.1758384297,290.89491062522296,2,W
202223,290.635906201345,292.09695591229115,2,W
202224,293.976268666823,293.13189246281706,2,W
202225,293.491436235901,293.6919343968853,2,W
202226,296.51334811149,294.6049946038299,2,W
202227,297.350816655742,294.8849714730205,2,W
202228,296.454873688745,295.7110000426161,2,W
202229,296.789621442304,296.009566530707,2,W
202230,295.76028414092,295.1973322117068,2,W
202231,296.229194672713,294.9711895312205,2,W
202232,295.436074143745,294.77546034319056,2,W
202233,296.307577606327,293.25914558623367,2,W
202234,297.273680294178,292.2024314282618,2,W
202235,290.787621891769,291.0474087560737,2,W
202236,288.786679676228,289.38669645817475,2,W
202237,291.686540142334,288.19680369463913,2,W
202238,288.90654399052,286.7517695819105,2,W
202239,288.732296223413,286.07055336285777,2,W
202240,287.904456187407,283.8989987418725,2,W
202241,278.829497572944,282.3998115292559,2,W
202242,279.473482450673,279.31584028459616,2,W
202243,274.557330627991,279.487759336456,2,W
202244,272.2927451531,276.73436837648825,2,W
202245,275.074268202453,275.710257647427,2,W
202246,272.899819091193,274.7129500827868,2,W
202247,272.390294848906,274.039344786958,2,W
202248,270.874082157756,272.1560172161317,2,W
202249,267.60055015104,272.85713858887294,2,W
202250,275.328292391283,272.9725651657877,2,W
202251,272.621626822753,272.16272461147963,2,W
202252,275.660864120388,272.69304436184444,2,W
202301,271.88201155659,271.68149671395844,2,W
202302,271.428089720621,273.49658772020024,2,W
202303,269.680551039865,273.2043554273452,2,W
202304,274.367429645414,274.30060610950244,2,W
202305,272.387489062937,274.49561013347943,2,W
202306,270.593639263407,274.91231875031957,2,W
202307,271.944193648729,274.3513509914736,2,W
202308,272.145097845376,275.66745241464207,2,W
202309,275.006241456139,275.64503555149463,2,W
202310,274.4604592759,276.66699526926436,2,W
202311,273.771816107833,277.79253838327065,2,W
202312,275.28950986393,279.04592799112527,2,W
202313,281.250420551256,280.09048165508756,2,W
202314,278.407529911162,281.022782614557,2,W
202315,283.354728953138,281.9830685442706,2,W
202316,285.063129960375,282.39763070985794,2,W
202317,284.315856620591,284.32707316253635,2,W
202318,289.445650597295,285.19316383357943,2,W
202319,288.498328937243,286.5922585129108,2,W
202320,288.27953897435,288.0571659137065,2,W
202321,290.08763287364,289.2419600972331,2,W
202322,288.629572487172,290.15060073807206,2,W
202323,288.354068221536,291.0172948359218,2,W
202324,292.318331159644,291.81540717152365,2,W
202325,294.021031024733,292.7504586306119,2,W
202326,295.480811374304,294.2489675663106,2,W
202327,297.318578781185,294.60606412913125,2,W
202328,297.072348995965,295.2193248976082,2,W
202329,295.109225927662,295.2022061759201,2,W
202330,293.665723795932,295.52633047350406,2,W
202331,296.757290610847,293.8858708644385,2,W
202332,293.371232222696,293.4936616585135,2,W
202333,294.231710480222,293.1378555776465,2,W
202334,291.482036655569,292.2204845627954,2,W
202335,291.435578187995,290.912336890357,2,W
202336,288.72659622535,289.8146304504158,2,W
202337,288.358159178641,287.53601933055324,2,W
202338,285.96465298437,286.5229386472502,2,W
202339,285.736589899795,284.9121614887355,2,W
202340,288.837446252862,282.8550879494566,2,W
202341,280.174066282469,281.17047280117913,2,W
202342,279.616430735217,279.6943888012128,2,W
202343,280.005551046557,278.86529898925846,2,W
202344,281.029149994855,277.3076805822153,2,W
202345,275.912255913236,275.82491003215046,2,W
202346,273.727377700952,275.09540653340935,2,W
202347,277.18474597127,274.11605439678954,2,W
202348,275.457346234876,272.7677980722162,2,W
202349,277.780330621466,272.5968969049954,2,W
202350,274.79455913687,273.00341331050265,2,W
202351,273.433548618442,274.13947402571677,2,W
202352,267.321652982627,273.56943920856924,2,W
202401,271.071044297861,273.1546802916967,2,W
202402,276.575680439908,272.78452675488745,2,W
202403,278.293097697132,273.5170531160915,2,W
202404,273.562309550477,273.38322819760214,2,W
202405,273.615560434267,275.38155056373705,2,W
202406,277.546006350672,274.90484365401363,2,W
202407,275.204994398606,275.42537058782983,2,W
202408,274.157002780661,276.98101153080825,2,W
202409,277.676241547876,276.4505598465595,2,W
202410,280.17263087432,277.6450697523969,2,W
202411,276.171572080337,278.93135636415997,2,W
202412,279.022822922392,279.47574683487204,2,W
202413,282.258754616765,280.2636857508456,2,W
202414,280.98109202864,281.1358434570381,2,W
202415,283.000227578129,282.6554050434392,2,W
202416,281.012524272638,283.1649692599442,2,W
202417,283.117263738331,285.09303764142334,2,W
202418,287.405614909341,285.89150137906057,2,W
202419,283.452979058605,286.6397600069649,2,W
202420,288.378948499148,287.55215589610026,2,W
202421,291.708904896818,288.76538716122843,2,W
202422,292.169880136956,289.7576149436835,2,W
202423,290.855660722,290.9911381144436,2,W
202424,293.942960779347,292.72550042978696,2,W
202425,294.28736609972,293.7912882775808,2,W
202426,298.995148363173,294.95421401789446,2,W
202427,297.288150633384,295.01696447342806,2,W
202428,296.595638681637,295.804505417778,2,W
202429,297.083789935371,295.5093964564865,2,W
202430,295.682079853048,294.94917820896666,2,W
202431,294.063020343524,295.0901130082775,2,W
202432,292.971537576914,294.3291129795426,2,W
202433,293.439576054533,293.95316689264445,2,W
202434,295.587509752711,292.5200665719944,2,W
202435,291.457304240227,290.9367768500167,2,W
202436,288.056336683087,290.0800388081102,2,W
202437,292.618077796909,287.55620900907365,2,W
202438,290.229164108869,286.24690488025215,2,W
202439,290.35300970383,285.2305904977425,2,W
202440,285.237937795728,283.7480950935702,2,W
202441,284.407333123863,282.7213896566152,2,W
202442,278.638879041456,280.46731858605483,2,W
202443,277.398462908948,279.59632846660895,2,W
202444,277.553912817539,277.7984226902499,2,W
202445,276.248781539649,276.16382922640196,2,W
202446,273.976640338216,274.3217976509859,2,W
202447,277.46350308135,274.59572250076116,2,W
202448,274.070857953631,273.35033745826087,2,W
202449,277.133388857467,273.79075693241657,2,W
202450,275.926780539884,272.9198108774594,2,W
202106,281.039430294994,282.89823389825295,2,SW
202107,283.007521209698,283.2718751006275,2,SW
202108,285.977998926021,284.94060656104546,2,SW
202109,284.900619338199,285.54373228790644,2,SW
202110,284.618786110534,286.98717117223225,2,SW
202111,286.773113748458,287.6124843510742,2,SW
202112,290.831856411668,289.2189928766664,2,SW
202113,290.209619090653,290.17741380300816,2,SW
202114,285.37120592675,290.9542491254561,2,SW
202115,290.948494210841,291.942632665192,2,SW
202116,292.356870024666,293.2165699359311,2,SW
202117,292.425547534682,294.0984881290811,2,SW
202118,293.722544557193,294.85159408614754,2,SW
202119,294.956616688522,296.0513098917641,2,SW
202120,294.810732201191,297.3380537964889,2,SW
202121,298.165073383449,298.1198922104035,2,SW
202122,301.504574010518,298.7349840184141,2,SW
202123,300.910265671138,299.7069909812999,2,SW
202124,297.894582754229,300.38187771105373,2,SW
202125,298.8791385487,300.50006540818833,2,SW
202126,299.529833161177,300.59129472078786,2,SW
202127,299.048090498019,301.02873512748755,2,SW
202128,299.702571602123,301.174569815624,2,SW
202129,299.210431376384,301.43045159285606,2,SW
202130,300.417812209274,301.36013670547004,2,SW
202131,298.268810424206,300.7609833194038,2,SW
202132,300.207416355007,300.4669778252872,2,SW
202133,299.629115046505,299.6421157550402,2,SW
202134,299.80150030942,298.93916206023255,2,SW
202135,299.148720626397,297.6331925388948,2,SW
202136,297.381631646226,296.6454518313459,2,SW
202137,295.067454607204,295.60005567837527,2,SW
202138,294.08946080081,293.9666156505092,2,SW
202139,292.651166381254,292.1951814335417,2,SW
202140,289.965039951781,291.024604285442,2,SW
202141,291.665525103653,289.62631067134197,2,SW
202142,287.784853320917,287.92609394646104,2,SW
202143,288.657828097147,286.610014158662,2,SW
202144,287.668596199458,285.3360096707817,2,SW
202145,285.310600948511,284.5030143730973,2,SW
202146,285.662293582506,283.24062129872607,2,SW
202147,286.000682201451,281.96058123556696,2,SW
202148,284.241296449205,281.61574532872186,2,SW
202149,282.152189792322,280.34558446983874,2,SW
202150,285.516354535692,280.23597772535095,2,SW
202151,278.390920106289,280.013042950747,2,SW
202152,281.861620692645,279.70041734690534,2,SW
202201,279.107542323979,280.10308262507436,2,SW
202202,278.163493692862,280.0528037808844,2,SW
202203,278.0502663996,280.6102865490314,2,SW
202204,280.179207698158,281.62181325471266,2,SW
202205,281.755856691902,282.35014326419616,2,SW
202206,279.594387757909,283.1035043068798,2,SW
202207,283.876023539565,283.8875677116274,2,SW
202208,280.564946038488,284.748739411005,2,SW
202209,284.524086986608,285.9335632956476,2,SW
202210,285.683219803087,286.58597229561866,2,SW
202211,289.333564646472,287.84557881043673,2,SW
202212,289.518741692833,288.87250204037133,2,SW
202213,290.630745633236,289.84452953796966,2,SW
202214,292.925241102075,290.58355804783184,2,SW
202215,291.432044185622,292.3469947203252,2,SW
202216,293.266017489169,293.2314991671618,2,SW
202217,296.898949422692,294.2832927340115,2,SW
202218,298.789806198331,294.9026635843842,2,SW
202219,293.676880319494,296.54983692664274,2,SW
202220,297.343310869739,297.82514431847426,2,SW
202221,299.773756158082,298.10220203322376,2,SW
202222,302.23128195568,298.7540594017543,2,SW
202223,300.245248445945,299.42979847554625,2,SW
202224,299.442515184432,300.2195676153891,2,SW
202225,301.429354085111,300.80033564008374,2,SW
202226,302.967870250452,300.78944221519055,2,SW
202227,303.440443450512,301.3646304734694,2,SW
202228,301.329203712889,301.29420797660265,2,SW
202229,301.380108785985,301.2900458124248,2,SW
202230,300.71516729294,300.75256597081466,2,SW
202231,299.600847085032,300.7979804028441,2,SW
202232,297.721633327682,300.17837941285853,2,SW
202233,299.113396768013,299.3878104946538,2,SW
202234,299.098507458902,298.43812134260014,2,SW
202235,296.552353807163,297.2909711299232,2,SW
202236,298.476913107031,296.3858131569234,2,SW
202237,296.709219472204,295.0576847968484,2,SW
202238,293.714328926948,293.84078656154753,2,SW
202239,292.67511853666,292.29724084883543,2,SW
202240,290.091795783859,290.6424954722611,2,SW
202241,288.470584325261,289.1432318695338,2,SW
202242,287.795060187128,287.1933526368091,2,SW
202243,287.532905517397,286.1594049480584,2,SW
202244,278.542395632947,284.92684266108677,2,SW
202245,279.81053060251,283.9220544241659,2,SW
202246,281.839074666494,282.8316442727383,2,SW
202247,285.047170327503,281.98792431044245,2,SW
202248,281.029226490942,280.51442242667395,2,SW
202249,276.174723149831,280.1577766382086,2,SW
202250,279.587491728679,279.74458002074994,2,SW
202251,282.616151958581,279.5523154628176,2,SW
202252,283.003281835267,279.25332697911284,2,SW
202301,281.396831544831,279.22797002918384,2,SW
202302,276.942203761592,279.85854558414,2,SW
202303,276.568170060277,279.512332917152,2,SW
202304,280.780198815838,280.6144579096304,2,SW
202305,279.559758500077,281.53159330368175,2,SW
202306,283.752338397826,282.481951133568,2,SW
202307,284.171631580726,283.1251392112331,2,SW
202308,287.039926714439,284.0533404542432,2,SW
202309,283.363770134915,284.73386998096566,2,SW
202310,284.245866578757,285.926201117159,2,SW
202311,285.3605765881,287.3844282365956,2,SW
202312,287.154725368243,288.3019972394795,2,SW
202313,291.246022674919,289.19057985972677,2,SW
202314,290.186022135433,290.582418418086,2,SW
202315,288.329309302256,291.8387011937733,2,SW
202316,292.939311055721,292.5638716945221,2,SW
202317,294.63927907355,293.31128692398863,2,SW
202318,293.700167123514,293.7729327913189,2,SW
202319,294.802187336812,295.54811138751063,2,SW
202320,295.488397311012,296.7097441506563,2,SW
202321,296.333625902478,297.33179247790724,2,SW
202322,297.991643842217,297.8439791246145,2,SW
202323,300.974676469934,298.5560389906054,2,SW
202324,302.026867859611,299.3652795411837,2,SW
202325,301.101384767837,299.97720433413974,2,SW
202326,302.675503944801,300.55566901494643,2,SW
202327,303.436566019388,300.57890765577054,2,SW
202328,303.372221428061,301.07147166858516,2,SW
202329,303.322547160518,300.74973008844694,2,SW
202330,302.509674999625,300.20238426099553,2,SW
202331,301.838210457237,300.23822469645097,2,SW
202332,301.904767301315,299.80669348514664,2,SW
202333,300.880153050965,299.40253380111466,2,SW
202334,301.503928811821,298.44242922432954,2,SW
202335,296.894332015237,297.1428040269887,2,SW
202336,297.970799337908,296.41601849576887,2,SW
202337,298.534833728138,294.7662437524005,2,SW
202338,294.532832119612,293.4461043347819,2,SW
202339,292.618355092521,291.87039137419896,2,SW
202340,293.273480408827,290.2061033161612,2,SW
202341,292.775465767281,288.59329706474296,2,SW
202342,284.08663311972,287.7845598998632,2,SW
202343,289.01819763157,286.4703503107167,2,SW
202344,287.1797051433,284.2940821800728,2,SW
202345,283.164649897282,283.5217573571739,2,SW
202346,281.024067462577,282.66045286038604,2,SW
202347,284.212257936128,281.75146190511646,2,SW
202348,281.477016837386,280.45971458051207,2,SW
202349,284.141437758153,280.116348651455,2,SW
202350,279.646414860305,279.6773513329224,2,SW
202351,278.265626011796,279.3392271829411,2,SW
202352,276.692471551267,279.08530668273517,2,SW
202401,274.826380655555,279.29073199026857,2,SW
202402,280.459772478781,279.62042079728604,2,SW
202403,284.440328798457,280.28100502882,2,SW
202404,281.790834644382,280.62845395903673,2,SW
202405,280.885321631482,281.8602935217603,2,SW
202406,286.588738627731,281.98013564792035,2,SW
202407,285.90528329965,282.55090121489906,2,SW
202408,285.343393133677,284.44736388693957,2,SW
202409,286.308909339187,285.3482301234744,2,SW
202410,285.917358627764,286.48011290969094,2,SW
202411,285.697508884136,287.13439875319364,2,SW
202412,287.919022563721,288.1328781272394,2,SW
202413,289.859621980637,288.9556151467266,2,SW
202414,291.267579149063,290.48483157740947,2,SW
202415,291.928861594514,291.7258346685694,2,SW
202416,293.828664539222,292.67146225066057,2,SW
202417,293.076387782839,293.721784946109,2,SW
202418,295.619010479192,294.8007490338927,2,SW
202419,296.950917814601,295.54584693306043,2,SW
202420,298.12592604796,296.6163083316838,2,SW
202421,300.505115329664,297.7832918318601,2,SW
202422,300.138128043021,298.51055385197463,2,SW
202423,299.644647770812,299.1882253729514,2,SW
202424,302.049823002404,299.8476028296835,2,SW
202425,301.568351770642,300.2412182436241,2,SW
202426,301.106279568345,300.5710094019477,2,SW
202427,300.878308018335,301.3476455889409,2,SW
202428,299.570504737639,300.6112135699607,2,SW
202429,302.175809092655,300.9786232776402,2,SW
202430,301.452171664801,300.9763147018771,2,SW
202431,302.161208617007,300.8508125651744,2,SW
202432,302.244399610014,300.03081905509674,2,SW
202433,299.336048999664,299.7321794779962,2,SW
202434,297.287238480422,299.0782792313555,2,SW
202435,298.191902267548,297.4029783991236,2,SW
202436,297.872472573586,296.3983205337041,2,SW
202437,297.294474385447,295.22234043264217,2,SW
202438,298.103825740138,293.6288406151821,2,SW
202439,297.531411646997,292.2285747757982,2,SW
202440,291.522565451368,290.7293366002546,2,SW
202441,294.20232627918,289.0994658689393,2,SW
202442,291.2950095744,287.7385659726542,2,SW
202443,285.65455841096,286.868014251792,2,SW
202444,287.463857692553,284.94938027865277,2,SW
202445,285.625478446497,283.365525963204,2,SW
202446,283.075727478712,283.0674710496346,2,SW
202447,282.488258949995,281.88086264349903,2,SW
202448,282.326697284676,280.98249004733805,2,SW
202449,284.248534715438,280.4744248295423,2,SW
202450,284.709905782704,279.9074500726113,2,SW
202106,271.789734756134,271.5517695883472,2,MW
202107,274.983903882557,272.0109726080355,2,MW
202108,279.70158074799,273.60515025407943,2,MW
202109,276.256879543493,274.81410867100635,2,MW
202110,279.755941135808,276.73888586911676,2,MW
202111,278.011956803135,279.16151897733744,2,MW
202112,285.14381850294,280.6498988852583,2,MW
202113,280.312637432139,281.610697296879,2,MW
202114,277.782628498586,283.497560561465,2,MW
202115,283.661245757074,284.7265498825337,2,MW
202116,286.055764007103,285.9887995204793,2,MW
202117,282.88232735299,286.5724057863503,2,MW
202118,290.10917375909,288.7740726105149,2,MW
202119,291.702958792403,290.7518325191562,2,MW
202120,288.477187342203,291.2434782510514,2,MW
202121,297.38995602213,293.72387913660145,2,MW
202122,296.734385426813,294.27171689879935,2,MW
202123,294.707121389474,295.79819345103294,2,MW
202124,295.728312466766,296.4888194764166,2,MW
202125,296.522921115767,295.98933317123453,2,MW
202126,295.584904262292,296.80562308055096,2,MW
202127,296.813685724758,296.93852709156556,2,MW
202128,299.411820233671,297.210833807556,2,MW
202129,295.762772795343,296.7419373266522,2,MW
202130,297.971528802183,297.4159462110377,2,MW
202131,297.052398547884,296.51824859414427,2,MW
202132,296.940001042599,295.8784152083395,2,MW
202133,295.687207465613,295.11952481927744,2,MW
202134,293.339054980414,294.1855855316852,2,MW
202135,294.013617648428,291.8272275008099,2,MW
202136,291.921449263696,290.7988599582465,2,MW
202137,291.989906066984,289.25033240032883,2,MW
202138,291.724195130118,288.3534705888615,2,MW
202139,289.554778616906,286.06914874346893,2,MW
202140,284.842765383981,285.39816154924006,2,MW
202141,281.66920349937,282.61588663945537,2,MW
202142,278.879553662564,280.2953879088126,2,MW
202143,282.077107773311,277.6433909718008,2,MW
202144,276.459008788986,276.489548900605,2,MW
202145,275.002668544986,274.361648318865,2,MW
202146,277.127152695715,273.11993186601,2,MW
202147,272.87139000968,271.5170393554133,2,MW
202148,276.246264862599,270.9138339657344,2,MW
202149,270.217591863581,271.3613447117573,2,MW
202150,271.288897610288,269.93627193254264,2,MW
202151,262.914462614701,268.6807932235535,2,MW
202152,268.621967501422,268.3598776673146,2,MW
202201,266.001844027002,267.5395950411103,2,MW
202202,265.074262341831,268.9634940230455,2,MW
202203,266.355163783113,268.4910047820512,2,MW
202204,270.917862375012,269.9839086226626,2,MW
202205,267.33952925039,271.1141145380412,2,MW
202206,265.713982292749,271.6084733289652,2,MW
202207,273.481536058809,272.78076200959634,2,MW
202208,270.630951561778,274.88471182726147,2,MW
202209,276.761156554436,275.758661390281,2,MW
202210,279.026872313704,276.5279859368964,2,MW
202211,274.71013049696,279.40230972978713,2,MW
202212,278.292270621176,279.68658790303743,2,MW
202213,279.47478105946,280.9414384591674,2,MW
202214,278.721054556165,282.95269039979,2,MW
202215,282.517858027932,284.28550494189403,2,MW
202216,283.063673548364,286.21004648949156,2,MW
202217,291.011071908262,286.77572990151515,2,MW
202218,290.282106109725,288.1757811525186,2,MW
202219,286.189962770989,290.55735632648856,2,MW
202220,291.650867859715,291.09144001880395,2,MW
202221,291.240711239862,293.73558015909714,2,MW
202222,295.969217274807,293.8863279806066,2,MW
202223,297.067843464524,294.53388709430686,2,MW
202224,294.944012240095,295.7028731182369,2,MW
202225,296.852682048341,296.6084253593964,2,MW
202226,296.998886397008,296.4265844918336,2,MW
202227,299.047127747863,296.272888669121,2,MW
202228,296.000234751485,297.516409566243,2,MW
202229,297.716596324456,297.5220635539056,2,MW
202230,296.531208905418,296.355470126634,2,MW
202231,295.542108609253,296.2935770772303,2,MW
202232,295.868015962854,296.17759001127837,2,MW
202233,296.834617731692,294.5139662160605,2,MW
202234,294.948450677422,293.6624587690354,2,MW
202235,292.464210622331,292.3373130986126,2,MW
202236,292.670133701724,291.39682485931496,2,MW
202237,288.063038288497,288.8214717708873,2,MW
202238,287.878969064408,287.73213922604054,2,MW
202239,284.957024000162,285.845824495656,2,MW
202240,280.364549799586,284.1157405344938,2,MW
202241,284.442994540295,281.40551530834637,2,MW
202242,285.252452416067,279.0095852622492,2,MW
202243,279.779000179651,278.04236666985366,2,MW
202244,269.934699142046,276.90348322356783,2,MW
202245,273.481640577348,275.16328304457136,2,MW
202246,273.758844556811,272.87367628319555,2,MW
202247,271.147287719127,272.983452199997,2,MW
202248,272.60367023517,271.174131451616,2,MW
202249,261.649540683486,269.46928886198594,2,MW
202250,267.800101427278,267.88915046122327,2,MW
202251,271.645217473761,267.44837479065535,2,MW
202252,271.596971956057,267.226064140573,2,MW
202301,272.395315972813,268.33951472931267,2,MW
202302,268.9977322835,269.1706053726311,2,MW
202303,262.975905404038,268.2474043702948,2,MW
202304,273.611744978576,269.09763077808685,2,MW
202305,273.241518017279,270.48562620329864,2,MW
202306,269.320341292115,271.87468389478266,2,MW
202307,274.601905338591,272.99971937126315,2,MW
202308,273.565941090786,273.12186696017585,2,MW
202309,271.374296189302,273.97455769674605,2,MW
202310,274.584484923814,275.02007863961074,2,MW
202311,275.217342219467,276.7186830965766,2,MW
202312,278.555369481686,279.0426454577,2,MW
202313,287.477745584941,280.47538384939304,2,MW
202314,280.411147878858,282.3755581442145,2,MW
202315,280.565437658636,285.01782521087546,2,MW
202316,284.186521439509,285.2963564208185,2,MW
202317,290.623470622563,285.86027015784083,2,MW
202318,288.24560394087,287.97445093391366,2,MW
202319,291.34615794719,290.24317503114645,2,MW
202320,294.961252150314,292.18809958733755,2,MW
202321,294.360340341657,292.9145076337705,2,MW
202322,291.712061219651,293.53540478034284,2,MW
202323,295.847475705234,294.0954619898276,2,MW
202324,295.764553539227,294.7229306028623,2,MW
202325,295.037808957262,295.66122877165395,2,MW
202326,295.625138405744,296.25258584900894,2,MW
202327,295.464459101056,296.41656248578613,2,MW
202328,299.358935302902,295.14347264924385,2,MW
202329,297.469511373933,294.9709840407244,2,MW
202330,295.49258306472,295.7127565648193,2,MW
202331,294.822790361431,295.5428507270808,2,MW
202332,298.399396596281,294.61019705400406,2,MW
202333,295.269801131639,294.17659219989645,2,MW
202334,295.644637076744,293.78701174337886,2,MW
202335,290.850103916353,292.06080018771326,2,MW
202336,292.583714052845,290.5593874775277,2,MW
202337,292.348702900601,287.8652971985683,2,MW
202338,290.55657853104,286.17564764958246,2,MW
202339,284.372003611177,285.2630305125629,2,MW
202340,285.08712224363,283.4422032329881,2,MW
202341,283.623032975188,281.3471148684939,2,MW
202342,275.603793599091,279.48462684473037,2,MW
202343,280.65351294179,278.20834659039707,2,MW
202344,281.382817614821,275.7810296363948,2,MW
202345,275.086518856225,273.73653979057866,2,MW
202346,272.385979240762,273.1305803809914,2,MW
202347,276.276839839332,271.32024092249634,2,MW
202348,274.099916456209,269.51795067401815,2,MW
202349,275.148674457563,269.33353085109195,2,MW
202350,274.193454773682,269.6674669217953,2,MW
202351,270.380982052161,268.95333896483686,2,MW
202352,264.408409680899,267.8923918491991,2,MW
202401,259.229529885149,267.0037097838872,2,MW
202402,273.122807206908,267.1961566923793,2,MW
202403,276.17978956934,267.66877125012866,2,MW
202404,276.034635117307,268.21638321183826,2,MW
202405,271.395162527301,270.98871397163765,2,MW
202406,277.261811589675,271.662424361034,2,MW
202407,276.95760752715,271.80578760139207,2,MW
202408,276.889611296595,274.3019054502785,2,MW
202409,280.67635173508,275.7144638421773,2,MW
202410,273.615560230885,275.83110658149644,2,MW
202411,276.36914251692,277.1545572706647,2,MW
202412,279.605071224621,278.49059535499174,2,MW
202413,284.929455951627,280.5555022137569,2,MW
202414,282.88002833496,279.98252218908357,2,MW
202415,284.828842746512,283.4476520436002,2,MW
202416,286.315507621397,285.4066273812267,2,MW
202417,288.590579361767,287.19711941035933,2,MW
202418,290.34513995132,288.0490861365969,2,MW
202419,290.490748334352,289.7774168460147,2,MW
202420,290.563148149302,291.19664695671315,2,MW
202421,293.012919104426,291.94311480661224,2,MW
202422,294.428188188087,293.28708114770404,2,MW
202423,295.51393140271,294.15391176509127,2,MW
202424,295.473066937574,294.9068912967578,2,MW
202425,294.509969343251,296.2931555011039,2,MW
202426,297.504641130288,296.0160853311426,2,MW
202427,295.989379822555,296.3586680115494,2,MW
202428,297.13361027233,297.08915379504634,2,MW
202429,299.332887701666,296.2943833938531,2,MW
202430,293.759645619055,296.4514491461994,2,MW
202431,295.905900293759,295.9317032688393,2,MW
202432,295.606539945229,295.18909120370387,2,MW
202433,296.846508572727,294.0166505338506,2,MW
202434,292.472457777946,293.37537676289895,2,MW
202435,295.308726962687,291.9219098452114,2,MW
202436,295.653305683521,290.0822096466755,2,MW
202437,292.752033600339,288.9250667522793,2,MW
202438,290.303153351359,287.3392760515065,2,MW
202439,288.95523611653,286.1092322485036,2,MW
202440,284.469421854044,283.63096704554687,2,MW
202441,286.202271536057,282.08784826159746,2,MW
202442,284.608914088223,280.3436204484303,2,MW
202443,282.056448710674,278.24647803829106,2,MW
202444,280.404929811729,277.48753513463157,2,MW
202445,277.496023872442,275.5445805614359,2,MW
202446,270.099486992679,274.0036646183777,2,MW
202447,270.831399406917,270.49923573542867,2,MW
202448,269.946680118872,270.0885965699401,2,MW
202449,270.889845582287,269.33806247649477,2,MW
202450,275.264743189278,268.11599533583836,2,MW
202106,280.522217822823,281.2833554313689,2,SE
202107,285.4817210766,282.9824008387581,2,SE
202108,284.313503280819,284.71637176885446,2,SE
202109,288.77694747333,286.05819929235713,2,SE
202110,286.384136905967,287.1149694514625,2,SE
202111,289.101144470426,288.1418655901045,2,SE
202112,287.663326418227,289.79287734611455,2,SE
202113,291.042134922163,290.17371181824717,2,SE
202114,286.985627275238,290.6503822821631,2,SE
202115,291.239294520871,291.4780744238514,2,SE
202116,293.318944530085,292.66198189947966,2,SE
202117,290.321143562282,293.8157698200175,2,SE
202118,293.078205720362,294.82114119190203,2,SE
202119,296.942452059149,296.0790647090674,2,SE
202120,294.007895692238,297.36827632539354,2,SE
202121,297.668879584762,298.4945826968999,2,SE
202122,298.454777609614,298.59845225275797,2,SE
202123,297.634363676465,299.8469111469631,2,SE
202124,298.818817516257,299.8220016050649,2,SE
202125,298.1232478066,299.9186871496385,2,SE
202126,298.939345237609,300.1825505208556,2,SE
202127,298.836716901805,300.19497326227633,2,SE
202128,300.671452271307,300.45359594936383,2,SE
202129,298.945488548269,300.63525350475567,2,SE
202130,299.995228450085,300.88580312818425,2,SE
202131,299.519902591565,300.318741438265,2,SE
202132,300.475683874595,299.6209333243428,2,SE
202133,299.16574900349,299.2996305301376,2,SE
202134,297.40420413061,298.5894038978049,2,SE
202135,297.115393313671,297.6824858502335,2,SE
202136,296.481938011282,296.3379247725863,2,SE
202137,294.770112942935,295.4111161631866,2,SE
202138,295.72360784688,294.2865471063151,2,SE
202139,295.550993931901,292.7583575705321,2,SE
202140,291.702819299647,291.68568639059504,2,SE
202141,290.970116882204,290.0944995209464,2,SE
202142,285.893063343634,288.7015076964238,2,SE
202143,286.141425072688,287.38374712131815,2,SE
202144,285.922650909445,285.88397493440164,2,SE
202145,282.71696414296,285.57042175418616,2,SE
202146,282.738898937971,283.64631154964275,2,SE
202147,285.430954430297,282.7308591212876,2,SE
202148,286.166142998415,282.16963991770905,2,SE
202149,282.884977550189,281.5773815046115,2,SE
202150,289.562663800112,281.24695892018633,2,SE
202151,281.332200280568,279.9037792052997,2,SE
202152,279.662229090195,278.7347536035644,2,SE
202201,277.389469534046,279.7949728229472,2,SE
202202,276.21220912116,279.7285221052544,2,SE
202203,279.462594400143,280.2317266867017,2,SE
202204,279.422206622717,281.1349023268091,2,SE
202205,282.168978938318,282.70662005539924,2,SE
202206,284.049489995372,283.1982460254784,2,SE
202207,284.187392397481,284.14246952004754,2,SE
202208,286.940136736644,285.5756251072979,2,SE
202209,284.459664246724,285.6550552856193,2,SE
202210,287.623204969691,286.6128018100959,2,SE
202211,286.135740734816,287.86636858863994,2,SE
202212,288.068300760161,289.1545413508854,2,SE
202213,289.247041943675,289.202488003687,2,SE
202214,289.156375650858,290.41382575909626,2,SE
202215,291.962255929109,291.057685874202,2,SE
202216,294.369133095865,292.8570707960322,2,SE
202217,293.341295824796,293.6331957601933,2,SE
202218,296.946014378474,294.81747099989195,2,SE
202219,295.337583608183,296.02912811166686,2,SE
202220,297.586289170477,296.8823290821178,2,SE
202221,297.415801427348,297.96639539058657,2,SE
202222,300.606252639178,298.440990659489,2,SE
202223,300.183306336245,298.6443342179868,2,SE
202224,299.488226858596,299.57077682763224,2,SE
202225,301.035471236671,300.21672346232225,2,SE
202226,300.058874748954,300.2120135336647,2,SE
202227,300.917528645297,300.47151010033974,2,SE
202228,301.264781147975,300.8458808621341,2,SE
202229,300.23313938519,300.4490374022523,2,SE
202230,299.767417277524,300.1407280091284,2,SE
202231,298.436196736376,300.2714475436061,2,SE
202232,298.555447371609,300.11343154666895,2,SE
202233,299.493014295947,299.3124649888089,2,SE
202234,298.012060120307,298.19909481841677,2,SE
202235,296.399984624661,297.4578512270908,2,SE
202236,298.091063754394,296.4228185344179,2,SE
202237,292.988821195765,295.3048467640115,2,SE
202238,291.759439696198,294.1487167402453,2,SE
202239,291.94056434832,292.68518398016164,2,SE
202240,287.868807070964,290.50482665002306,2,SE
202241,290.077654720096,289.8069742914505,2,SE
202242,290.991232491371,287.85624972490126,2,SE
202243,292.019154875302,286.8328508017712,2,SE
202244,280.906034218035,286.22097158469893,2,SE
202245,282.592158286888,285.1355790725606,2,SE
202246,284.968262167003,283.0723013221441,2,SE
202247,287.491694818062,282.2246603656941,2,SE
202248,283.786576191051,281.0873848663338,2,SE
202249,277.259449555413,280.16368528796835,2,SE
202250,277.41508300136,279.3535156618192,2,SE
202251,286.604522774025,279.3953198202283,2,SE
202252,282.190236907496,279.72635202070813,2,SE
202301,283.19409118231,279.89991231823007,2,SE
202302,280.003816503795,279.9442397179136,2,SE
202303,280.515344846578,279.6480534180694,2,SE
202304,284.673759572369,281.10299677793756,2,SE
202305,284.00000050099,281.5138697210654,2,SE
202306,288.18998634381,283.06405121673953,2,SE
202307,289.659396332076,283.28645944525744,2,SE
202308,286.987351040434,284.2341676627515,2,SE
202309,282.233079603767,284.4733593138892,2,SE
202310,285.449944994692,284.8405241568639,2,SE
202311,289.270018845512,286.2293093315652,2,SE
202312,290.740440048078,288.2112513403142,2,SE
202313,289.799882177033,289.1257871281073,2,SE
202314,291.12992073446,290.3257041466955,2,SE
202315,289.018787631998,291.67239459724817,2,SE
202316,289.832167796585,291.9209140192805,2,SE
202317,295.377862159275,292.6395068410842,2,SE
202318,295.436435095271,294.04609863852403,2,SE
202319,293.487233905597,295.1870833466538,2,SE
202320,295.546191987705,296.44476772498354,2,SE
202321,296.416516009778,297.53191386021774,2,SE
202322,297.143382368463,298.0486786745866,2,SE
202323,297.529601369868,298.3754163513627,2,SE
202324,300.234123712665,299.0306233745655,2,SE
202325,300.412965958186,299.5304947489862,2,SE
202326,299.923850505454,299.5009977043798,2,SE
202327,300.577021108579,299.8785361790729,2,SE
202328,301.020876135539,299.7472569742387,2,SE
202329,300.636771052853,299.6295471437991,2,SE
202330,300.868272182131,300.03189138449727,2,SE
202331,300.275822318796,299.65014865315186,2,SE
202332,302.271130168334,299.4614692041201,2,SE
202333,298.808929230021,298.7362692130784,2,SE
202334,299.714613762846,298.45352271032056,2,SE
202335,297.423669304138,297.4290887145771,2,SE
202336,296.16260194654,296.2570051066827,2,SE
202337,296.418002666028,294.69814816413464,2,SE
202338,295.560962529442,293.6443193087886,2,SE
202339,291.279715506181,292.3708037558597,2,SE
202340,288.988423817266,290.7886742572081,2,SE
202341,293.127684334765,288.93213920362876,2,SE
202342,286.214393760032,287.6852019575647,2,SE
202343,290.515537475326,286.4575914047671,2,SE
202344,287.729283917905,285.1428848681562,2,SE
202345,284.899851752994,284.21380376193537,2,SE
202346,282.316359630188,282.8134599956878,2,SE
202347,284.469114328663,281.788971533577,2,SE
202348,282.257875622858,280.962408043086,2,SE
202349,281.285209290975,280.45226070032896,2,SE
202350,282.276449737206,280.0764810843141,2,SE
202351,278.614889445522,280.8386091057996,2,SE
202352,279.981340532672,278.9373593696418,2,SE
202401,272.569077739208,279.79812848672714,2,SE
202402,284.31827083892,278.2670360965519,2,SE
202403,281.721344488372,279.13243361039787,2,SE
202404,284.07455376308,280.3768806287437,2,SE
202405,282.004555495853,281.9393358310983,2,SE
202406,283.482564171235,281.8638780076933,2,SE
202407,285.964147903738,282.2495179952932,2,SE
202408,288.3208887582,284.8824039271076,2,SE
202409,288.562298667994,285.89169969375706,2,SE
202410,284.330792421995,285.98874576148404,2,SE
202411,287.349344485112,286.95933607441407,2,SE
202412,287.903223966338,288.0932679733684,2,SE
202413,290.632114321036,288.5774573533002,2,SE
202414,292.632322336041,290.04538994893954,2,SE
202415,290.535815539612,291.4024988217882,2,SE
202416,295.044711099009,291.8696455154048,2,SE
202417,295.244933292086,293.57292754489913,2,SE
202418,294.960827563009,294.51526045805934,2,SE
202419,297.400612730822,295.64498603183546,2,SE
202420,296.385742289645,296.55089036944537,2,SE
202421,298.157154502911,297.64226625142595,2,SE
202422,298.591537727784,298.29653705318583,2,SE
202423,300.174679053094,298.7326866404282,2,SE
202424,301.263311674638,299.2707127113368,2,SE
202425,300.990221947391,299.907604821328,2,SE
202426,301.198353127209,300.4846985726283,2,SE
202427,300.257885401567,300.34724110452817,2,SE
202428,299.072173871004,300.6347762028741,2,SE
202429,300.922884881256,300.4073169440985,2,SE
202430,300.297413561495,300.2605379398247,2,SE
202431,300.409534376896,300.13526239930934,2,SE
202432,298.032308398516,299.645207808779,2,SE
202433,300.926551238613,299.34683561956604,2,SE
202434,296.708873800217,298.4366048891313,2,SE
202435,296.219651392991,297.440374532354,2,SE
202436,297.835764284395,296.3899378174381,2,SE
202437,296.647594722436,295.4219868721809,2,SE
202438,296.331575793918,293.99187958298995,2,SE
202439,293.146198609214,293.026549152207,2,SE
202440,288.408729704762,291.16968424507917,2,SE
202441,292.957811961667,289.7198143554434,2,SE
202442,292.810191621085,288.42230799066874,2,SE
202443,293.201446281223,288.159787215407,2,SE
202444,288.431628927407,286.20173896652784,2,SE
202445,285.754061415599,285.569720116836,2,SE
202446,283.20111366628,284.4441971424024,2,SE
202447,277.906666008097,282.11900393448485,2,SE
202448,283.380971661445,281.14269290390325,2,SE
202449,282.789121331898,281.46564406640226,2,SE
202450,283.868366501519,280.9077267280968,2,SE
202106,269.564289926011,268.706459813417,2,NE
202107,270.432940761353,270.79364645470264,2,NE
202108,271.159398945325,271.90232034334645,2,NE
202109,272.629212317511,273.9383941673688,2,NE
202110,279.055097150751,275.4863787791569,2,NE
202111,279.43644528147,276.9915596686059,2,NE
202112,278.570493384993,278.1514273041503,2,NE
202113,283.444996592143,280.0148353464629,2,NE
202114,278.367440444078,281.13899800418426,2,NE
202115,282.2464191292,282.0265669685742,2,NE
202116,283.173040571024,284.15718598354175,2,NE
202117,281.506759977617,284.9234228844892,2,NE
202118,289.015327023101,286.4167637313351,2,NE
202119,291.298293533031,288.6896782213269,2,NE
202120,285.484649431729,290.0703659066317,2,NE
202121,294.647669223768,291.2979830955322,2,NE
202122,290.316227614843,292.1963271831602,2,NE
202123,292.045201699988,293.4871978593693,2,NE
202124,295.908665807429,294.1997594066245,2,NE
202125,292.072529994079,293.9717400261048,2,NE
202126,293.985433314445,294.9554056497474,2,NE
202127,293.943323772729,295.1405403881827,2,NE
202128,293.653568818856,295.2759032427201,2,NE
202129,291.518541492235,295.5134269701274,2,NE
202130,296.221734209487,294.90841873175145,2,NE
202131,295.026348819789,294.6542536495419,2,NE
202132,296.608310415598,293.59027047819234,2,NE
202133,293.342830130824,293.2286353385318,2,NE
202134,290.91930175009,292.1869684787533,2,NE
202135,291.229988777272,291.11827225302983,2,NE
202136,291.438667325928,289.59735783190706,2,NE
202137,287.807323106781,288.66116115828487,2,NE
202138,287.949590869986,287.7207032266723,2,NE
202139,289.273503541387,286.09570652231747,2,NE
202140,286.114756855182,284.7301717733296,2,NE
202141,282.179023940165,282.5873397724336,2,NE
202142,280.030759001525,280.7971182597194,2,NE
202143,280.006148069102,279.18781160003846,2,NE
202144,277.904806373316,277.42826594642327,2,NE
202145,274.562878166407,276.1289189658359,2,NE
202146,272.697009215,274.5274140487246,2,NE
202147,272.406904782688,272.35532169036503,2,NE
202148,275.822637809786,271.88500725133946,2,NE
202149,271.725755456232,270.6871755393484,2,NE
202150,272.530231851491,270.20813093530074,2,NE
202151,270.285631703717,268.65872630041315,2,NE
202152,266.436010204157,267.0916476752538,2,NE
202201,263.561324924031,267.1875787511019,2,NE
202202,263.314703688283,268.33039153243516,2,NE
202203,265.821942498787,267.81083786421993,2,NE
202204,268.616493118617,268.84853347028866,2,NE
202205,269.119907092537,269.63096989577247,2,NE
202206,270.367520673408,270.4206662297713,2,NE
202207,267.381591835228,271.6451219564005,2,NE
202208,274.480839542553,272.4467242302967,2,NE
202209,275.677364824956,273.53591493151015,2,NE
202210,277.356848676743,274.5267285780036,2,NE
202211,273.383713288328,276.9578870301829,2,NE
202212,277.491865560832,277.99868030928315,2,NE
202213,281.056857067391,278.70182730586583,2,NE
202214,278.047559801492,280.23571659488834,2,NE
202215,280.375963328851,282.19695223240836,2,NE
202216,282.850604584394,283.90301989810047,2,NE
202217,285.844255608218,285.2725846910833,2,NE
202218,288.205509181237,286.64950805748936,2,NE
202219,289.252242446392,288.886506182035,2,NE
202220,291.025239272953,289.07581187546225,2,NE
202221,289.552280704299,291.3462290151761,2,NE
202222,292.270068677999,291.9389022211251,2,NE
202223,289.476500174039,292.79325362236244,2,NE
202224,293.827992979969,293.58957984713317,2,NE
202225,293.656851498599,294.0788959110342,2,NE
202226,293.643619923471,294.45252353189034,2,NE
202227,296.5210955737,294.8726121885303,2,NE
202228,296.122578515737,294.95028558986655,2,NE
202229,295.683713752388,294.6727237184344,2,NE
202230,295.711640889671,294.3047666198621,2,NE
202231,293.164484825489,294.1468380136488,2,NE
202232,294.81512208981,293.60742659369305,2,NE
202233,293.682547298838,292.834602454387,2,NE
202234,292.08846135425,291.91909015660843,2,NE
202235,291.333915369299,290.50522841878796,2,NE
202236,288.929571562513,289.29142485752834,2,NE
202237,285.41778968924,288.7076664207908,2,NE
202238,284.694290249616,286.6924778206439,2,NE
202239,283.730053422591,285.45401344103885,2,NE
202240,282.135670634068,283.7787584718758,2,NE
202241,284.968382874387,281.77847454671615,2,NE
202242,284.136655382136,279.71949881315993,2,NE
202243,284.461426874849,278.3699495361659,2,NE
202244,275.563120975709,277.2507455228454,2,NE
202245,272.786476456908,275.44091086320185,2,NE
202246,275.05510505158,273.7509832026986,2,NE
202247,276.026313282222,273.0769919449199,2,NE
202248,270.251126634664,272.0711870938528,2,NE
202249,270.820773891895,270.18748389466907,2,NE
202250,269.696001187887,269.4643508246101,2,NE
202251,276.145075190422,267.6369019734196,2,NE
202252,270.570556892165,268.06388181526034,2,NE
202301,270.725675516625,267.7926947587322,2,NE
202302,270.623883716089,268.469260903096,2,NE
202303,265.342005170457,267.73317523401187,2,NE
202304,272.212067955122,268.71719676238035,2,NE
202305,274.676943229093,268.6746586561456,2,NE
202306,270.97193724589,270.1139414242073,2,NE
202307,271.30505172213,270.77181164176994,2,NE
202308,271.978289538475,270.6404616797042,2,NE
202309,273.510263059382,271.6066732326371,2,NE
202310,274.859866747044,273.4658251784605,2,NE
202311,275.966591985521,275.1179281068157,2,NE
202312,277.9192516711,277.5648734307636,2,NE
202313,284.986942819537,278.4885540846268,2,NE
202314,282.492193656848,280.6166536117035,2,NE
202315,280.49688193784,282.1542652963658,2,NE
202316,281.212527859337,283.4171332218209,2,NE
202317,287.305082609705,284.70969962004057,2,NE
202318,284.239460798116,286.70363052008156,2,NE
202319,286.372473826573,288.4053820484941,2,NE
202320,291.774865685511,289.7538503451682,2,NE
202321,286.34147391877,290.9774449606833,2,NE
202322,290.086390437906,291.8231615410221,2,NE
202323,291.147472985663,292.340406738466,2,NE
202324,293.323781777725,292.8351329283989,2,NE
202325,295.889891447498,293.74279796175193,2,NE
202326,295.133770487797,294.22957973738505,2,NE
202327,294.831801555672,294.38272919264244,2,NE
202328,295.73538451736,294.48383164328396,2,NE
202329,291.932452171776,294.3661393161872,2,NE
202330,293.34196704907,294.06762769018167,2,NE
202331,293.20920904091,293.8131163745155,2,NE
202332,292.661516189846,293.0138689400126,2,NE
202333,291.484403403004,292.54245708386287,2,NE
202334,296.220986972103,291.61837819277537,2,NE
202335,290.774468561615,290.72586410352955,2,NE
202336,288.45506165788,289.55531111827,2,NE
202337,287.479004413289,288.15685682140963,2,NE
202338,291.21303695113,286.73252217093,2,NE
202339,283.308625167789,285.4397748787246,2,NE
202340,283.405714022139,283.05995232947004,2,NE
202341,285.58053710437,281.485763754107,2,NE
202342,277.726438171173,279.84012715381584,2,NE
202343,278.206042012872,278.4164875126041,2,NE
202344,277.165711844317,276.72772184052735,2,NE
202345,273.613269287712,275.19925026841725,2,NE
202346,273.533588322212,273.82399357819276,2,NE
202347,272.757444098737,272.6086570271004,2,NE
202348,273.982309527289,271.0443616132844,2,NE
202349,273.241611514812,270.93447454397267,2,NE
202350,275.834086676295,270.04181310429624,2,NE
202351,269.688523411662,269.81439099378304,2,NE
202352,272.134459709214,267.6735032845502,2,NE
202401,263.848140321409,267.7983733003627,2,NE
202402,272.432346134652,266.2179803136191,2,NE
202403,270.696594707257,267.7562952207851,2,NE
202404,273.628811402461,268.70530604601714,2,NE
202405,269.135510692025,270.22048956256646,2,NE
202406,269.80616322348,269.51881515216644,2,NE
202407,275.160748647266,270.90344610199094,2,NE
202408,277.607825670753,272.41650706153956,2,NE
202409,277.982123726754,274.82282579290967,2,NE
202410,271.294443480173,274.01895979790754,2,NE
202411,275.732365297571,275.11395978756224,2,NE
202412,276.299027885207,276.59444953036035,2,NE
202413,282.603986398696,278.4794917677464,2,NE
202414,281.29902076528,280.53394413531385,2,NE
202415,280.193394707989,282.4871461394912,2,NE
202416,285.582776104167,283.33927792850034,2,NE
202417,285.020808910222,285.60141186598935,2,NE
202418,288.227615648812,286.45243824839986,2,NE
202419,291.958196001878,287.6372601602502,2,NE
202420,289.190797361705,289.0068092305636,2,NE
202421,291.913357710668,289.99934196128106,2,NE
202422,290.0459205515,291.54392159656487,2,NE
202423,296.022237252463,292.351972792483,2,NE
202424,292.973746085704,292.90185822946046,2,NE
202425,294.673496296667,293.63240962502874,2,NE
202426,296.984318058709,293.6469912042966,2,NE
202427,295.594377312129,294.3480157616626,2,NE
202428,294.290329076456,294.56069008447724,2,NE
202429,296.639688189338,294.3522342803348,2,NE
202430,293.644743790849,294.6524402180278,2,NE
202431,293.329975420298,293.73186069803035,2,NE
202432,290.99089306992,293.135552409121,2,NE
202433,293.727364510484,292.49887269711314,2,NE
202434,289.650402634079,291.71124395555137,2,NE
202435,291.366682181917,290.5645794776458,2,NE
202436,292.351033030765,289.61154741723186,2,NE
202437,289.077608847444,288.6352093590074,2,NE
202438,288.433471803944,286.58699380846156,2,NE
202439,283.989401241584,285.83668918351947,2,NE
202440,281.686598670961,283.2946428887386,2,NE
202441,284.866122003663,281.5158097045309,2,NE
202442,282.818073873509,280.7844006957151,2,NE
202443,282.406427130836,279.20518848066513,2,NE
202444,277.774839135975,277.48555286540494,2,NE
202445,278.211800378169,275.2761445856312,2,NE
202446,273.972124405391,274.69361146649834,2,NE
202447,270.273173634204,272.11713972858234,2,NE
202448,271.626280094375,271.2553548622109,2,NE
202449,271.079631750401,270.23009779985875,2,NE
202450,271.777793472733,270.10735512912913,2,NE
202106,274.978508201703,275.6907129728436,3,W
202107,277.162458992549,276.8698837631753,3,W
202108,276.235142127216,276.7730830950182,3,W
202109,276.509675004576,277.3836950203657,3,W
202110,278.114715050351,278.464974307185,3,W
202111,283.227221392312,279.68610434052965,3,W
202112,278.403529686912,280.32017727116573,3,W
202113,280.205498724824,281.32578980643893,3,W
202114,281.584222077906,282.4473497397068,3,W
202115,285.861251239083,283.9847759503228,3,W
202116,284.145693269591,284.53043590251247,3,W
202117,287.034606525622,286.29258652040653,3,W
202118,283.766064318768,287.3713010569928,3,W
202119,291.064026647053,287.8328996306326,3,W
202120,290.982089790256,288.86413021474976,3,W
202121,293.630715276856,290.65046653250744,3,W
202122,295.191344978106,291.6186423442502,3,W
202123,295.630140156114,292.72615915965287,3,W
202124,297.081642257506,293.92964199090375,3,W
202125,297.279648697092,294.2495760558148,3,W
202126,296.536561157774,295.2919307306788,3,W
202127,296.749589684839,295.72431055407844,3,W
202128,296.416305372933,295.8289455211773,3,W
202129,295.392647461353,295.2901099448427,3,W
202130,295.346375258274,295.07567550095797,3,W
202131,291.456179758796,294.43330125714834,3,W
202132,292.838420633876,293.6412174283244,3,W
202133,294.688482182037,292.5380012651241,3,W
202134,292.463797347465,291.11812631743123,3,W
202135,288.847013278,289.72265197615974,3,W
202136,289.052537937537,288.5248086767041,3,W
202137,288.36609256021,286.6277334802368,3,W
202138,280.12071768065,285.28159427553396,3,W
202139,282.564169955834,284.02472683216,3,W
202140,281.744718808148,281.9916285107901,3,W
202141,281.783653752472,280.144456709653,3,W
202142,280.209732320264,278.7622197625403,3,W
202143,280.473328432969,277.7491476057607,3,W
202144,277.227747996025,276.69736583551094,3,W
202145,281.443454232726,275.2021435594087,3,W
202146,276.86712869499,274.0740852102017,3,W
202147,272.980942284981,273.7744846188373,3,W
202148,273.23766084065,273.39755717378716,3,W
202149,269.131600721582,272.5356187344813,3,W
202150,270.31172130578,273.56681189001483,3,W
202151,274.988175518709,273.2083745993308,3,W
202152,274.393009031736,273.20300197492566,3,W
202201,273.072687917415,274.01259781620155,3,W
202202,271.367528160314,274.3061891667443,3,W
202203,276.90368511598,274.43340911600006,3,W
202204,275.891975758189,275.4928099236482,3,W
202205,269.802114598546,275.5005082101327,3,W
202206,277.786136674943,275.9829172956332,3,W
202207,271.534025275429,275.94424770494226,3,W
202208,278.198407146283,277.40986722082266,3,W
202209,279.801983513358,278.31534201702107,3,W
202210,281.330918991435,279.76271632599395,3,W
202211,280.687468273473,279.8600615113126,3,W
202212,275.443986875305,281.4929857654127,3,W
202213,279.860894730367,282.4392097022667,3,W
202214,281.233070035677,283.0062844993877,3,W
202215,283.041103082265,283.9932052590982,3,W
202216,281.181147204534,285.6924548671363,3,W
202217,286.470486060947,285.7662046747332,3,W
202218,286.01140696156,287.3333111616282,3,W
202219,285.8213429607,288.2880420673821,3,W
202220,290.002954087133,289.739440062548,3,W
202221,290.1758384297,290.4698191478508,3,W
202222,290.635906201345,292.3970365083671,3,W
202223,293.976268666823,292.9457362342204,3,W
202224,293.491436235901,293.912850663661,3,W
202225,296.51334811149,294.9353770934446,3,W
202226,297.350816655742,294.99064090430585,3,W
202227,296.454873688745,295.64471788011684,3,W
202228,296.789621442304,295.3217038910639,3,W
202229,295.76028414092,295.53025874600036,3,W
202230,296.229194672713,295.17697264087616,3,W
202231,295.436074143745,294.368737133753,3,W
202232,296.307577606327,293.7862341667176,3,W
202233,297.273680294178,292.09443323842476,3,W
202234,290.787621891769,290.68303230448566,3,W
202235,288.786679676228,289.7239613146848,3,W
202236,291.686540142334,288.32782540531144,3,W
202237,288.90654399052,286.78177968356397,3,W
202238,288.732296223413,285.58517954156514,3,W
202239,287.904456187407,283.9146101818177,3,W
202240,278.829497572944,281.63532898424876,3,W
202241,279.473482450673,280.81400263842374,3,W
202242,274.557330627991,278.8234958465808,3,W
202243,272.2927451531,278.3057468104154,3,W
202244,275.074268202453,276.40125249102044,3,W
202245,272.899819091193,275.34642789907224,3,W
202246,272.390294848906,274.4487292239595,3,W
202247,270.874082157756,273.5348838722045,3,W
202248,267.60055015104,271.8164159221441,3,W
202249,275.328292391283,272.8341295270024,3,W
202250,272.621626822753,272.3876685359419,3,W
202251,275.660864120388,272.64217170618537,3,W
202252,271.88201155659,273.6330209550391,3,W
202301,271.428089720621,273.42865779278344,3,W
202302,269.680551039865,273.7754620123941,3,W
202303,274.367429645414,273.29248142024124,3,W
202304,272.387489062937,273.9618795902879,3,W
202305,270.593639263407,275.3151842993482,3,W
202306,271.944193648729,274.97567127169475,3,W
202307,272.145097845376,276.0876678451428,3,W
202308,275.006241456139,277.1828471671803,3,W
202309,274.4604592759,277.82986586925006,3,W
202310,273.771816107833,278.52602730104684,3,W
202311,275.28950986393,279.49262593343656,3,W
202312,281.250420551256,280.2010279363049,3,W
202313,278.407529911162,281.18847448717725,3,W
202314,283.354728953138,282.5208321498468,3,W
202315,285.063129960375,283.71380370461065,3,W
202316,284.315856620591,284.68802192750206,3,W
202317,289.445650597295,285.3007241691046,3,W
202318,288.498328937243,287.0213874057291,3,W
202319,288.27953897435,288.04159174191796,3,W
202320,290.08763287364,289.4618279349329,3,W
202321,288.629572487172,290.7496153653682,3,W
202322,288.354068221536,291.6253404658541,3,W
202323,292.318331159644,292.87108820308913,3,W
202324,294.021031024733,293.67864005198504,3,W
202325,295.480811374304,294.5929352275316,3,W
202326,297.318578781185,295.07105863671234,3,W
202327,297.072348995965,295.48081100863755,3,W
202328,295.109225927662,295.46115453699485,3,W
202329,293.665723795932,295.2478302182794,3,W
202330,296.757290610847,294.46339149458686,3,W
202331,293.371232222696,294.06477715517195,3,W
202332,294.231710480222,292.9979099596933,3,W
202333,291.482036655569,292.63276554511833,3,W
202334,291.435578187995,291.347482164226,3,W
202335,288.72659622535,289.62435325351663,3,W
202336,288.358159178641,288.2002913272694,3,W
202337,285.96465298437,286.8478601752616,3,W
202338,285.736589899795,285.1931779827636,3,W
202339,288.837446252862,283.619178297051,3,W
202340,280.174066282469,281.974101964771,3,W
202341,279.616430735217,280.2066698625396,3,W
202342,280.005551046557,278.9786259582607,3,W
202343,281.029149994855,278.1407111843922,3,W
202344,275.912255913236,275.9692678499308,3,W
202345,273.727377700952,275.23052547032336,3,W
202346,277.18474597127,273.6698515003409,3,W
202347,275.457346234876,273.2738168669165,3,W
202348,277.780330621466,273.01606150783624,3,W
202349,274.79455913687,272.8056669645946,3,W
202350,273.433548618442,272.3016613938862,3,W
202351,267.321652982627,273.43547702297803,3,W
202352,271.071044297861,273.86662000225334,3,W
202401,276.575680439908,273.9790312754472,3,W
202402,278.293097697132,274.01963873820944,3,W
202403,273.562309550477,274.3458421111404,3,W
202404,273.615560434267,274.8071611273523,3,W
202405,277.546006350672,275.3230618977226,3,W
202406,275.204994398606,275.7684899323842,3,W
202407,274.157002780661,276.24938174316856,3,W
202408,277.676241547876,277.0819183009662,3,W
202409,280.17263087432,278.02311313269365,3,W
202410,276.171572080337,278.4517610024322,3,W
202411,279.022822922392,280.0487982906539,3,W
202412,282.258754616765,281.2259909236939,3,W
202413,280.98109202864,281.72061606465365,3,W
202414,283.000227578129,282.2003291245896,3,W
202415,281.012524272638,283.95926819567575,3,W
202416,283.117263738331,284.92628830636295,3,W
202417,287.405614909341,286.12971961835,3,W
202418,283.452979058605,287.54627518998933,3,W
202419,288.378948499148,288.1810069576398,3,W
202420,291.708904896818,289.2327283932815,3,W
202421,292.169880136956,290.2681704065769,3,W
202422,290.855660722,291.2285283989892,3,W
202423,293.942960779347,292.619579058177,3,W
202424,294.28736609972,294.1024565392799,3,W
202425,298.995148363173,294.58167708396513,3,W
202426,297.288150633384,295.2110739478187,3,W
202427,296.595638681637,295.74635361518034,3,W
202428,297.083789935371,295.5074557006648,3,W
202429,295.682079853048,295.3907861917301,3,W
202430,294.063020343524,294.64473770992265,3,W
202431,292.971537576914,294.13875362550976,3,W
202432,293.439576054533,293.770586574564,3,W
202433,295.587509752711,292.2535884143553,3,W
202434,291.457304240227,291.19867213645813,3,W
202435,288.056336683087,289.7482526110024,3,W
202436,292.618077796909,288.19164218192395,3,W
202437,290.229164108869,286.62014529179834,3,W
202438,290.35300970383,285.2293310233583,3,W
202439,285.237937795728,283.7195041257433,3,W
202440,284.407333123863,282.19253953538816,3,W
202441,278.638879041456,280.8913953042504,3,W
202442,277.398462908948,278.8774432100592,3,W
202443,277.553912817539,277.75280616565755,3,W
202444,276.248781539649,276.8293657535851,3,W
202445,273.976640338216,275.5534154015494,3,W
202446,277.46350308135,274.45721455425223,3,W
202447,274.070857953631,273.19104140923974,3,W
202448,277.133388857467,272.8012105818494,3,W
202449,275.926780539884,273.23225968594005,3,W
202106,283.007521209698,283.3722101999047,3,SW
202107,285.977998926021,284.69974649306,3,SW
202108,284.900619338199,285.6727652236975,3,SW
202109,284.618786110534,286.46756235993564,3,SW
202110,286.773113748458,287.6761398265818,3,SW
202111,290.831856411668,288.30875250221004,3,SW
202112,290.209619090653,289.7973909681453,3,SW
202113,285.37120592675,290.4334321264762,3,SW
202114,290.948494210841,291.630377561159,3,SW
202115,292.356870024666,292.68575024915083,3,SW
202116,292.425547534682,294.3315429927481,3,SW
202117,293.722544557193,294.9090397929433,3,SW
202118,294.956616688522,295.86430351056543,3,SW
202119,294.810732201191,297.07454701382454,3,SW
202120,298.165073383449,298.1046679892046,3,SW
202121,301.504574010518,298.7200392296981,3,SW
202122,300.910265671138,299.2913462935889,3,SW
202123,297.894582754229,300.0214125082565,3,SW
202124,298.8791385487,300.64578105249336,3,SW
202125,299.529833161177,301.0892105633056,3,SW
202126,299.048090498019,300.9306639012498,3,SW
202127,299.702571602123,301.23584331467333,3,SW
202128,299.210431376384,301.48978380861354,3,SW
202129,300.417812209274,301.0227133899215,3,SW
202130,298.268810424206,300.8241340458791,3,SW
202131,300.207416355007,300.4316189627489,3,SW
202132,299.629115046505,299.26444558939374,3,SW
202133,299.80150030942,299.1500315344422,3,SW
202134,299.148720626397,297.44037427920557,3,SW
202135,297.381631646226,296.6291038989801,3,SW
202136,295.067454607204,295.62981690039334,3,SW
202137,294.08946080081,294.0037711236688,3,SW
202138,292.651166381254,292.89090226379903,3,SW
202139,289.965039951781,290.8294612899365,3,SW
202140,291.665525103653,289.40919715781126,3,SW
202141,287.784853320917,288.1561043667474,3,SW
202142,288.657828097147,286.8754043267696,3,SW
202143,287.668596199458,285.5797082255508,3,SW
202144,285.310600948511,284.33176292454834,3,SW
202145,285.662293582506,282.8890179772472,3,SW
202146,286.000682201451,282.26969196860216,3,SW
202147,284.241296449205,281.11989456596694,3,SW
202148,282.152189792322,280.7845118405714,3,SW
202149,285.516354535692,280.22805167877596,3,SW
202150,278.390920106289,280.0486483826347,3,SW
202151,281.861620692645,280.0303570025087,3,SW
202152,279.107542323979,279.845426636496,3,SW
202201,278.163493692862,280.2841362782571,3,SW
202202,278.0502663996,280.28246967821934,3,SW
202203,280.179207698158,281.0367818466541,3,SW
202204,281.755856691902,282.0137566529706,3,SW
202205,279.594387757909,282.5046740601043,3,SW
202206,283.876023539565,283.31080419569,3,SW
202207,280.564946038488,284.5331499692101,3,SW
202208,284.524086986608,285.42723610648795,3,SW
202209,285.683219803087,286.69372482810553,3,SW
202210,289.333564646472,287.9519824747,3,SW
202211,289.518741692833,288.6611042613475,3,SW
202212,290.630745633236,289.77447414658246,3,SW
202213,292.925241102075,290.6859876580972,3,SW
202214,291.432044185622,291.8277205199076,3,SW
202215,293.266017489169,292.7063100131319,3,SW
202216,296.898949422692,294.1491993968418,3,SW
202217,298.789806198331,295.11481979076666,3,SW
202218,293.676880319494,296.22889727633776,3,SW
202219,297.343310869739,297.48722592943574,3,SW
202220,299.773756158082,298.1862708127391,3,SW
202221,302.23128195568,298.7532523607068,3,SW
202222,300.245248445945,299.4631893605866,3,SW
202223,299.442515184432,299.9681002356507,3,SW
202224,301.429354085111,300.7142053501104,3,SW
202225,302.967870250452,300.9912270831133,3,SW
202226,303.440443450512,300.9806383117415,3,SW
202227,301.329203712889,301.22253258981425,3,SW
202228,301.380108785985,301.1685351290728,3,SW
202229,300.71516729294,300.89945852714993,3,SW
202230,299.600847085032,300.7254286685316,3,SW
202231,297.721633327682,300.14849947510436,3,SW
202232,299.113396768013,299.7050464531059,3,SW
202233,299.098507458902,298.91803829828325,3,SW
202234,296.552353807163,297.30585778763793,3,SW
202235,298.476913107031,296.27851131997124,3,SW
202236,296.709219472204,294.6524789528488,3,SW
202237,293.714328926948,294.02259638674076,3,SW
202238,292.67511853666,292.21977057314166,3,SW
202239,290.091795783859,290.67042074790726,3,SW
202240,288.470584325261,288.8694622036961,3,SW
202241,287.795060187128,287.70108011411133,3,SW
202242,287.532905517397,285.94466024600945,3,SW
202243,278.542395632947,284.81005340023745,3,SW
202244,279.81053060251,283.7559440943093,3,SW
202245,281.839074666494,282.87024973748817,3,SW
202246,285.047170327503,282.17676840783736,3,SW
202247,281.029226490942,281.07891162286245,3,SW
202248,276.174723149831,279.8814070810655,3,SW
202249,279.587491728679,279.4084470844527,3,SW
202250,282.616151958581,278.99066148053,3,SW
202251,283.003281835267,279.0433238564205,3,SW
202252,281.396831544831,279.3814702032483,3,SW
202301,276.942203761592,279.56416142238214,3,SW
202302,276.568170060277,280.7235706858793,3,SW
202303,280.780198815838,280.6229898344227,3,SW
202304,279.559758500077,281.0991011676277,3,SW
202305,283.752338397826,282.3417823206395,3,SW
202306,284.171631580726,283.1975399780025,3,SW
202307,287.039926714439,284.0781959315918,3,SW
202308,283.363770134915,284.72411030696793,3,SW
202309,284.245866578757,285.72683689353977,3,SW
202310,285.3605765881,286.9053977027022,3,SW
202311,287.154725368243,288.2456707712614,3,SW
202312,291.246022674919,289.1800930466044,3,SW
202313,290.186022135433,290.34249556838324,3,SW
202314,288.329309302256,291.51013419332486,3,SW
202315,292.939311055721,292.37812748698275,3,SW
202316,294.63927907355,293.3203704354387,3,SW
202317,293.700167123514,294.25864608912616,3,SW
202318,294.802187336812,295.98832288728966,3,SW
202319,295.488397311012,296.74729828420254,3,SW
202320,296.333625902478,297.07274111707846,3,SW
202321,297.991643842217,297.7911804020822,3,SW
202322,300.974676469934,298.7187515616161,3,SW
202323,302.026867859611,299.3686524968537,3,SW
202324,301.101384767837,300.29150814330404,3,SW
202325,302.675503944801,300.88287804424726,3,SW
202326,303.436566019388,300.8463864433096,3,SW
202327,303.372221428061,301.05800408183654,3,SW
202328,303.322547160518,301.0958719617839,3,SW
202329,302.509674999625,300.88814575617295,3,SW
202330,301.838210457237,300.0955156772635,3,SW
202331,301.904767301315,300.185407551398,3,SW
202332,300.880153050965,299.2212753875799,3,SW
202333,301.503928811821,298.536359096644,3,SW
202334,296.894332015237,297.0946532923902,3,SW
202335,297.970799337908,296.3468586176158,3,SW
202336,298.534833728138,295.07333136652835,3,SW
202337,294.532832119612,293.7069802191985,3,SW
202338,292.618355092521,291.9591347557996,3,SW
202339,293.273480408827,290.49857639611963,3,SW
202340,292.775465767281,289.0619557449259,3,SW
202341,284.08663311972,287.1465495929127,3,SW
202342,289.01819763157,286.04357614072006,3,SW
202343,287.1797051433,284.3248013735425,3,SW
202344,283.164649897282,283.82298441970255,3,SW
202345,281.024067462577,282.7824659609722,3,SW
202346,284.212257936128,281.82025480018996,3,SW
202347,281.477016837386,281.09087261732185,3,SW
202348,284.141437758153,280.2566027714261,3,SW
202349,279.646414860305,280.0169312315997,3,SW
202350,278.265626011796,278.6822982211434,3,SW
202351,276.692471551267,278.94372648053866,3,SW
202352,274.826380655555,279.50526562305987,3,SW
202401,280.459772478781,279.7685985529385,3,SW
202402,284.440328798457,280.2695469808147,3,SW
202403,281.790834644382,280.73423328796696,3,SW
202404,280.885321631482,281.57735948039635,3,SW
202405,286.588738627731,282.1635536813979,3,SW
202406,285.90528329965,282.61226987393917,3,SW
202407,285.343393133677,284.1075788366224,3,SW
202408,286.308909339187,284.9407569830357,3,SW
202409,285.917358627764,286.41139239741017,3,SW
202410,285.697508884136,287.4152496382194,3,SW
202411,287.919022563721,288.6802364707281,3,SW
202412,289.859621980637,289.6832669482116,3,SW
202413,291.267579149063,290.6174497375139,3,SW
202414,291.928861594514,292.00894239267575,3,SW
202415,293.828664539222,293.0922571061108,3,SW
202416,293.076387782839,293.54185236478895,3,SW
202417,295.619010479192,294.85589642704144,3,SW
202418,296.950917814601,296.16722218440833,3,SW
202419,298.12592604796,296.8548942155673,3,SW
202420,300.505115329664,298.1686361537923,3,SW
202421,300.138128043021,298.44840686372163,3,SW
202422,299.644647770812,299.0287429652335,3,SW
202423,302.049823002404,299.8666638309252,3,SW
202424,301.568351770642,300.3873355879461,3,SW
202425,301.106279568345,300.90874736861036,3,SW
202426,300.878308018335,301.10654678356195,3,SW
202427,299.570504737639,301.40149847733403,3,SW
202428,302.175809092655,301.18933687895975,3,SW
202429,301.452171664801,301.16313694975355,3,SW
202430,302.161208617007,300.13812061664004,3,SW
202431,302.244399610014,300.49792341269335,3,SW
202432,299.336048999664,299.49770213209916,3,SW
202433,297.287238480422,298.6319769881327,3,SW
202434,298.191902267548,297.71811877484123,3,SW
202435,297.872472573586,296.51353516136237,3,SW
202436,297.294474385447,295.3006773139531,3,SW
202437,298.103825740138,293.52764664213646,3,SW
202438,297.531411646997,292.3454118296018,3,SW
202439,291.522565451368,290.5821472773638,3,SW
202440,294.20232627918,288.9414569448484,3,SW
202441,291.2950095744,287.69247150880466,3,SW
202442,285.65455841096,286.33624347471823,3,SW
202443,287.463857692553,285.01176341577786,3,SW
202444,285.625478446497,283.85867662832436,3,SW
202445,283.075727478712,282.32152428645014,3,SW
202446,282.488258949995,281.8877348323315,3,SW
202447,282.326697284676,280.7499448286341,3,SW
202448,284.248534715438,280.14404187497183,3,SW
202449,284.709905782704,279.8973486568691,3,SW
202106,274.983903882557,271.36149964204236,3,MW
202107,279.70158074799,274.4835027923176,3,MW
202108,276.256879543493,274.3773950931441,3,MW
202109,279.755941135808,277.83038503347143,3,MW
202110,278.011956803135,279.61325752042626,3,MW
202111,285.14381850294,281.09552341087976,3,MW
202112,280.312637432139,281.4983451412688,3,MW
202113,277.782628498586,284.9349522749493,3,MW
202114,283.661245757074,284.82127532853065,3,MW
202115,286.055764007103,286.077720526941,3,MW
202116,282.88232735299,289.50503073629665,3,MW
202117,290.10917375909,288.44800437349494,3,MW
202118,291.702958792403,290.52819178925154,3,MW
202119,288.477187342203,291.95203862774264,3,MW
202120,297.38995602213,292.79462839484785,3,MW
202121,296.734385426813,293.96800592659497,3,MW
202122,294.707121389474,294.4176403601381,3,MW
202123,295.728312466766,295.98402080249065,3,MW
202124,296.522921115767,297.0694169401598,3,MW
202125,295.584904262292,297.02248915032595,3,MW
202126,296.813685724758,296.73843807897276,3,MW
202127,299.411820233671,296.96824422773204,3,MW
202128,295.762772795343,297.46252896311194,3,MW
202129,297.971528802183,296.5081689800285,3,MW
202130,297.052398547884,296.1640941910104,3,MW
202131,296.940001042599,296.0758099968715,3,MW
202132,295.687207465613,294.58689984047186,3,MW
202133,293.339054980414,293.81910930070944,3,MW
202134,294.013617648428,292.30312895316825,3,MW
202135,291.921449263696,291.15271377879344,3,MW
202136,291.989906066984,289.75484519064497,3,MW
202137,291.724195130118,287.75166383738116,3,MW
202138,289.554778616906,285.81282942051286,3,MW
202139,284.842765383981,283.9429584519436,3,MW
202140,281.66920349937,281.50362770483906,3,MW
202141,278.879553662564,280.26235563873576,3,MW
202142,282.077107773311,278.89298702896565,3,MW
202143,276.459008788986,277.45164066731786,3,MW
202144,275.002668544986,275.27259111647345,3,MW
202145,277.127152695715,274.83546300201095,3,MW
202146,272.87139000968,272.4086252862193,3,MW
202147,276.246264862599,270.7893693737392,3,MW
202148,270.217591863581,270.6576623742239,3,MW
202149,271.288897610288,269.07717806489416,3,MW
202150,262.914462614701,269.07014751083335,3,MW
202151,268.621967501422,268.3147595638051,3,MW
202152,266.001844027002,267.3545158171785,3,MW
202201,265.074262341831,268.58299032263614,3,MW
202202,266.355163783113,268.7866969634171,3,MW
202203,270.917862375012,269.3141383581431,3,MW
202204,267.33952925039,270.16496533884737,3,MW
202205,265.713982292749,270.600554555905,3,MW
202206,273.481536058809,271.7082548894306,3,MW
202207,270.630951561778,274.1623034437359,3,MW
202208,276.761156554436,274.7503665386066,3,MW
202209,279.026872313704,276.9783236845289,3,MW
202210,274.71013049696,279.32258954693134,3,MW
202211,278.292270621176,280.191808424302,3,MW
202212,279.47478105946,282.0325252663446,3,MW
202213,278.721054556165,283.3796213549,3,MW
202214,282.517858027932,284.419447212689,3,MW
202215,283.063673548364,286.2055349746154,3,MW
202216,291.011071908262,287.43966271369123,3,MW
202217,290.282106109725,288.7174639905747,3,MW
202218,286.189962770989,290.39476487544147,3,MW
202219,291.650867859715,292.2562747537983,3,MW
202220,291.240711239862,294.04128053678136,3,MW
202221,295.969217274807,294.2114520538489,3,MW
202222,297.067843464524,294.30226790722367,3,MW
202223,294.944012240095,295.4168428722154,3,MW
202224,296.852682048341,297.8831858432341,3,MW
202225,296.998886397008,296.5205773354626,3,MW
202226,299.047127747863,297.0342609909451,3,MW
202227,296.000234751485,296.5013508466047,3,MW
202228,297.716596324456,296.34694008124455,3,MW
202229,296.531208905418,297.2044121710728,3,MW
202230,295.542108609253,295.9119684787188,3,MW
202231,295.868015962854,295.3480860779254,3,MW
202232,296.834617731692,294.02723980391323,3,MW
202233,294.948450677422,292.6828272900115,3,MW
202234,292.464210622331,291.6501994001267,3,MW
202235,292.670133701724,290.68057527566964,3,MW
202236,288.063038288497,289.0448142954982,3,MW
202237,287.878969064408,287.7171101447375,3,MW
202238,284.957024000162,285.7635845992982,3,MW
202239,280.364549799586,282.8019272957407,3,MW
202240,284.442994540295,280.9325573741546,3,MW
202241,285.252452416067,279.83849524748985,3,MW
202242,279.779000179651,276.7722609446599,3,MW
202243,269.934699142046,275.05849383103487,3,MW
202244,273.481640577348,275.30158300394794,3,MW
202245,273.758844556811,273.02656903849936,3,MW
202246,271.147287719127,271.3601427130432,3,MW
202247,272.60367023517,270.1705289856356,3,MW
202248,261.649540683486,269.16331744510825,3,MW
202249,267.800101427278,268.3599640548329,3,MW
202250,271.645217473761,268.67385996472757,3,MW
202251,271.596971956057,267.01931654686064,3,MW
202252,272.395315972813,267.4489565923028,3,MW
202301,268.9977322835,268.3005990914301,3,MW
202302,262.975905404038,269.0570640754026,3,MW
202303,273.611744978576,269.4901974713527,3,MW
202304,273.241518017279,270.215164991196,3,MW
202305,269.320341292115,270.46446313383785,3,MW
202306,274.601905338591,273.076359615018,3,MW
202307,273.565941090786,273.83413356672236,3,MW
202308,271.374296189302,275.2611718979272,3,MW
202309,274.584484923814,276.2496046087827,3,MW
202310,275.217342219467,276.6180904442637,3,MW
202311,278.555369481686,280.428759216158,3,MW
202312,287.477745584941,280.3033329752574,3,MW
202313,280.411147878858,281.953141758422,3,MW
202314,280.565437658636,284.2399145330853,3,MW
202315,284.186521439509,285.65975824326165,3,MW
202316,290.623470622563,286.7278191843231,3,MW
202317,288.24560394087,288.3966906496593,3,MW
202318,291.34615794719,289.60944659987774,3,MW
202319,294.961252150314,291.7852269159871,3,MW
202320,294.360340341657,290.941204723743,3,MW
202321,291.712061219651,293.6969176971076,3,MW
202322,295.847475705234,294.453833440935,3,MW
202323,295.764553539227,295.9332417618573,3,MW
202324,295.037808957262,296.4540444553434,3,MW
202325,295.625138405744,295.62952101334594,3,MW
202326,295.464459101056,296.6657799498602,3,MW
202327,299.358935302902,296.4658795478959,3,MW
202328,297.469511373933,296.0482603301325,3,MW
202329,295.49258306472,295.6895031401828,3,MW
202330,294.822790361431,296.09777096521043,3,MW
202331,298.399396596281,294.83883171610535,3,MW
202332,295.269801131639,293.19136925105227,3,MW
202333,295.644637076744,292.3802286092035,3,MW
202334,290.850103916353,292.27940190901654,3,MW
202335,292.583714052845,290.07342107892816,3,MW
202336,292.348702900601,288.7558774745369,3,MW
202337,290.55657853104,286.73293595461735,3,MW
202338,284.372003611177,284.9191031807756,3,MW
202339,285.08712224363,282.1613250168853,3,MW
202340,283.623032975188,280.7759079631558,3,MW
202341,275.603793599091,279.34277131288457,3,MW
202342,280.65351294179,277.75036316901895,3,MW
202343,281.382817614821,275.8888718622999,3,MW
202344,275.086518856225,273.1136443162156,3,MW
202345,272.385979240762,272.9941885603696,3,MW
202346,276.276839839332,271.5017268296623,3,MW
202347,274.099916456209,270.14330807696734,3,MW
202348,275.148674457563,269.1500222016546,3,MW
202349,274.193454773682,268.9567386776873,3,MW
202350,270.380982052161,268.03782904647517,3,MW
202351,264.408409680899,267.354474471406,3,MW
202352,259.229529885149,267.60777625561866,3,MW
202401,273.122807206908,266.5200194326616,3,MW
202402,276.17978956934,267.07444845538066,3,MW
202403,276.034635117307,267.6451713462292,3,MW
202404,271.395162527301,270.11680399385125,3,MW
202405,277.261811589675,270.945904785882,3,MW
202406,276.95760752715,271.9721112541943,3,MW
202407,276.889611296595,273.32988662082414,3,MW
202408,280.67635173508,274.46287357672895,3,MW
202409,273.615560230885,276.4052928401056,3,MW
202410,276.36914251692,278.3406258385844,3,MW
202411,279.605071224621,279.19517053844066,3,MW
202412,284.929455951627,281.13925292485396,3,MW
202413,282.88002833496,282.57058968585136,3,MW
202414,284.828842746512,283.94669558616715,3,MW
202415,286.315507621397,286.71573682269997,3,MW
202416,288.590579361767,288.0933094992365,3,MW
202417,290.34513995132,288.52263625601046,3,MW
202418,290.490748334352,289.61346210619627,3,MW
202419,290.563148149302,292.0006989140073,3,MW
202420,293.012919104426,292.5696823267449,3,MW
202421,294.428188188087,292.98026169187744,3,MW
202422,295.51393140271,294.64779692202734,3,MW
202423,295.473066937574,295.048774520678,3,MW
202424,294.509969343251,295.6098449811917,3,MW
202425,297.504641130288,296.21592579464004,3,MW
202426,295.989379822555,296.2609895904031,3,MW
202427,297.13361027233,296.5203465001883,3,MW
202428,299.332887701666,296.6763753492355,3,MW
202429,293.759645619055,296.53602464053176,3,MW
202430,295.905900293759,296.11853239428916,3,MW
202431,295.606539945229,295.30773215009623,3,MW
202432,296.846508572727,294.1041666020548,3,MW
202433,292.472457777946,293.4141660978339,3,MW
202434,295.308726962687,291.8645931179092,3,MW
202435,295.653305683521,290.3281885738794,3,MW
202436,292.752033600339,288.1631360734704,3,MW
202437,290.303153351359,287.05957218807663,3,MW
202438,288.95523611653,285.11828415282093,3,MW
202439,284.469421854044,283.7971874615602,3,MW
202440,286.202271536057,280.8415724850252,3,MW
202441,284.608914088223,279.72626607427566,3,MW
202442,282.056448710674,278.31272526726667,3,MW
202443,280.404929811729,276.18719869042405,3,MW
202444,277.496023872442,274.8499658581973,3,MW
202445,270.099486992679,273.0156098284825,3,MW
202446,270.831399406917,271.7693563409818,3,MW
202447,269.946680118872,270.20806927294115,3,MW
202448,270.889845582287,269.6834103433634,3,MW
202449,275.264743189278,267.8018319505342,3,MW
202106,285.4817210766,282.97876875523446,3,SE
202107,284.313503280819,284.5667926606627,3,SE
202108,288.77694747333,284.98932075621286,3,SE
202109,286.384136905967,286.3333214111938,3,SE
202110,289.101144470426,288.1606848952918,3,SE
202111,287.663326418227,289.6506542027019,3,SE
202112,291.042134922163,289.8405436346793,3,SE
202113,286.985627275238,290.69549070706614,3,SE
202114,291.239294520871,292.1136396010245,3,SE
202115,293.318944530085,293.0069895977307,3,SE
202116,290.321143562282,293.5672751585843,3,SE
202117,293.078205720362,294.762531353831,3,SE
202118,296.942452059149,296.0342915445603,3,SE
202119,294.007895692238,296.9180293868735,3,SE
202120,297.668879584762,298.0034046057779,3,SE
202121,298.454777609614,299.1700134419023,3,SE
202122,297.634363676465,299.8373758886652,3,SE
202123,298.818817516257,300.0091945989327,3,SE
202124,298.1232478066,299.8100888306216,3,SE
202125,298.939345237609,300.2824617393734,3,SE
202126,298.836716901805,300.4496356355145,3,SE
202127,300.671452271307,300.5201883411373,3,SE
202128,298.945488548269,300.61487017724465,3,SE
202129,299.995228450085,300.2373401891083,3,SE
202130,299.519902591565,300.1369849435867,3,SE
202131,300.475683874595,300.09453757849667,3,SE
202132,299.16574900349,299.3433955172763,3,SE
202133,297.40420413061,298.5004962151685,3,SE
202134,297.115393313671,297.8595786376358,3,SE
202135,296.481938011282,296.3058574596827,3,SE
202136,294.770112942935,295.4210931135682,3,SE
202137,295.72360784688,294.13248013702867,3,SE
202138,295.550993931901,292.7723560430263,3,SE
202139,291.702819299647,291.3225753582746,3,SE
202140,290.970116882204,289.85220249194344,3,SE
202141,285.893063343634,288.5514530809657,3,SE
202142,286.141425072688,287.3710196542512,3,SE
202143,285.922650909445,286.06827894975464,3,SE
202144,282.71696414296,284.83427163010356,3,SE
202145,282.738898937971,283.95131315876847,3,SE
202146,285.430954430297,283.05434788340807,3,SE
202147,286.166142998415,281.72017049525283,3,SE
202148,282.884977550189,280.47810056228013,3,SE
202149,289.562663800112,281.0633234987934,3,SE
202150,281.332200280568,280.34308014418593,3,SE
202151,279.662229090195,279.10547852370536,3,SE
202152,277.389469534046,278.852862126364,3,SE
202201,276.21220912116,279.1118880723158,3,SE
202202,279.462594400143,280.4828519681933,3,SE
202203,279.422206622717,280.82497135886445,3,SE
202204,282.168978938318,281.5818202064212,3,SE
202205,284.049489995372,282.5896078426778,3,SE
202206,284.187392397481,283.21911311920917,3,SE
202207,286.940136736644,284.65254497358046,3,SE
202208,284.459664246724,285.94645135970734,3,SE
202209,287.623204969691,287.39455004853494,3,SE
202210,286.135740734816,287.08539682821856,3,SE
202211,288.068300760161,289.07189150337115,3,SE
202212,289.247041943675,289.66020764548836,3,SE
202213,289.156375650858,290.02867550263534,3,SE
202214,291.962255929109,291.3782726374246,3,SE
202215,294.369133095865,292.8832710642614,3,SE
202216,293.341295824796,294.0266021077733,3,SE
202217,296.946014378474,294.6663546944509,3,SE
202218,295.337583608183,295.9533998220079,3,SE
202219,297.586289170477,296.96612487730715,3,SE
202220,297.415801427348,298.1229099994992,3,SE
202221,300.606252639178,298.46030141608657,3,SE
202222,300.183306336245,298.9825714475446,3,SE
202223,299.488226858596,299.5355554903083,3,SE
202224,301.035471236671,300.01457522128766,3,SE
202225,300.058874748954,300.48116719831813,3,SE
202226,300.917528645297,300.70962879425684,3,SE
202227,301.264781147975,300.4467916389966,3,SE
202228,300.23313938519,300.3248269228736,3,SE
202229,299.767417277524,300.2489328742498,3,SE
202230,298.436196736376,299.9206723309742,3,SE
202231,298.555447371609,299.80789340833513,3,SE
202232,299.493014295947,299.3938490799648,3,SE
202233,298.012060120307,298.3449735647899,3,SE
202234,296.399984624661,297.4829677260887,3,SE
202235,298.091063754394,296.2467416137955,3,SE
202236,292.988821195765,295.1505839291429,3,SE
202237,291.759439696198,293.3572987754028,3,SE
202238,291.94056434832,292.6685214781133,3,SE
202239,287.868807070964,290.99882230633045,3,SE
202240,290.077654720096,289.6961597994704,3,SE
202241,290.991232491371,288.37348193326693,3,SE
202242,292.019154875302,286.98486341058623,3,SE
202243,280.906034218035,285.27824033142826,3,SE
202244,282.592158286888,284.683667591727,3,SE
202245,284.968262167003,283.396712513621,3,SE
202246,287.491694818062,282.2998256555611,3,SE
202247,283.786576191051,281.6816705147822,3,SE
202248,277.259449555413,280.4203264501422,3,SE
202249,277.41508300136,279.75013743478564,3,SE
202250,286.604522774025,279.1123208077697,3,SE
202251,282.190236907496,278.7716632681525,3,SE
202252,283.19409118231,278.77565169148386,3,SE
202301,280.003816503795,279.4300430633782,3,SE
202302,280.515344846578,279.858201724268,3,SE
202303,284.673759572369,280.4460066051608,3,SE
202304,284.00000050099,281.658046288437,3,SE
202305,288.18998634381,282.4071304511091,3,SE
202306,289.659396332076,283.2906408610035,3,SE
202307,286.987351040434,283.80514007824814,3,SE
202308,282.233079603767,285.2926205794516,3,SE
202309,285.449944994692,285.82472489419456,3,SE
202310,289.270018845512,285.5868054328945,3,SE
202311,290.740440048078,288.14590641858484,3,SE
202312,289.799882177033,289.6659863037348,3,SE
202313,291.12992073446,290.5908942519939,3,SE
202314,289.018787631998,291.6509251487314,3,SE
202315,289.832167796585,292.35724993933985,3,SE
202316,295.377862159275,293.06964605872435,3,SE
202317,295.436435095271,294.2128344068288,3,SE
202318,293.487233905597,295.69226129910555,3,SE
202319,295.546191987705,296.36554556788195,3,SE
202320,296.416516009778,297.87244659855287,3,SE
202321,297.143382368463,298.297836128374,3,SE
202322,297.529601369868,298.69047500970277,3,SE
202323,300.234123712665,299.12429158053664,3,SE
202324,300.412965958186,299.43998946413535,3,SE
202325,299.923850505454,299.53462145745436,3,SE
202326,300.577021108579,299.91159516473135,3,SE
202327,301.020876135539,299.7279088382849,3,SE
202328,300.636771052853,299.4632795570555,3,SE
202329,300.868272182131,299.6820995320395,3,SE
202330,300.275822318796,300.04330790159077,3,SE
202331,302.271130168334,299.47629566537563,3,SE
202332,298.808929230021,298.876310298268,3,SE
202333,299.714613762846,298.024446547601,3,SE
202334,297.423669304138,297.65823675310077,3,SE
202335,296.16260194654,296.27034511247393,3,SE
202336,296.418002666028,295.2623751200058,3,SE
202337,295.560962529442,293.5526900434787,3,SE
202338,291.279715506181,292.07016852171915,3,SE
202339,288.988423817266,290.87003754583037,3,SE
202340,293.127684334765,289.4587072753474,3,SE
202341,286.214393760032,287.80991524748487,3,SE
202342,290.515537475326,286.79479393990573,3,SE
202343,287.729283917905,285.637289013604,3,SE
202344,284.899851752994,284.0835102500532,3,SE
202345,282.316359630188,283.050975545122,3,SE
202346,284.469114328663,282.40011674998493,3,SE
202347,282.257875622858,281.40424136989066,3,SE
202348,281.285209290975,280.1184688832691,3,SE
202349,282.276449737206,279.94089997815144,3,SE
202350,278.614889445522,279.8820134746383,3,SE
202351,279.981340532672,280.2694757098106,3,SE
202352,272.569077739208,278.849075111137,3,SE
202401,284.31827083892,279.6058727134065,3,SE
202402,281.721344488372,279.04867826012327,3,SE
202403,284.07455376308,279.70756094382983,3,SE
202404,282.004555495853,281.87287725335256,3,SE
202405,283.482564171235,282.7069730287329,3,SE
202406,285.964147903738,282.69398650612595,3,SE
202407,288.3208887582,283.927078253587,3,SE
202408,288.562298667994,285.3528943004758,3,SE
202409,284.330792421995,287.1160047130374,3,SE
202410,287.349344485112,287.0589102963022,3,SE
202411,287.903223966338,287.91462291398994,3,SE
202412,290.632114321036,289.0048658026743,3,SE
202413,292.632322336041,288.7797842761028,3,SE
202414,290.535815539612,291.2593496987824,3,SE
202415,295.044711099009,292.42864821712317,3,SE
202416,295.244933292086,293.60590485770257,3,SE
202417,294.960827563009,294.72121314756976,3,SE
202418,297.400612730822,295.6439568518413,3,SE
202419,296.385742289645,296.68076142722947,3,SE
202420,298.157154502911,297.46890839854353,3,SE
202421,298.591537727784,298.12278834340617,3,SE
202422,300.174679053094,298.7391820032967,3,SE
202423,301.263311674638,299.08032793904385,3,SE
202424,300.990221947391,299.7595388541181,3,SE
202425,301.198353127209,300.0309818137596,3,SE
202426,300.257885401567,300.3374807139729,3,SE
202427,299.072173871004,300.2978561382231,3,SE
202428,300.922884881256,300.3264114317475,3,SE
202429,300.297413561495,299.97093357153915,3,SE
202430,300.409534376896,299.8112589123526,3,SE
202431,298.032308398516,299.4999786377937,3,SE
202432,300.926551238613,299.0079665690893,3,SE
202433,296.708873800217,298.35809398945116,3,SE
202434,296.219651392991,297.7470536376329,3,SE
202435,297.835764284395,296.48184373586696,3,SE
202436,296.647594722436,295.02239569155665,3,SE
202437,296.331575793918,293.80157974140144,3,SE
202438,293.146198609214,292.7305918152094,3,SE
202439,288.408729704762,291.2586675646261,3,SE
202440,292.957811961667,289.83502699748675,3,SE
202441,292.810191621085,288.38610774559453,3,SE
202442,293.201446281223,287.69960148484626,3,SE
202443,288.431628927407,286.34634866765555,3,SE
202444,285.754061415599,284.54793906445167,3,SE
202445,283.20111366628,283.11821262384365,3,SE
202446,277.906666008097,282.4871264712303,3,SE
202447,283.380971661445,281.68723119798557,3,SE
202448,282.789121331898,280.768896530842,3,SE
202449,283.868366501519,280.8249623135535,3,SE
202106,270.432940761353,270.3138074610919,3,NE
202107,271.159398945325,272.3171758053147,3,NE
202108,272.629212317511,273.7251393278714,3,NE
202109,279.055097150751,275.56298709877143,3,NE
202110,279.43644528147,277.11469442526936,3,NE
202111,278.570493384993,278.60939276645036,3,NE
202112,283.444996592143,279.9064581436622,3,NE
202113,278.367440444078,280.5506876821176,3,NE
202114,282.2464191292,282.3320851853737,3,NE
202115,283.173040571024,284.129308886436,3,NE
202116,281.506759977617,286.02350528592086,3,NE
202117,289.015327023101,286.8661403305322,3,NE
202118,291.298293533031,288.7560654886449,3,NE
202119,285.484649431729,289.66932870475404,3,NE
202120,294.647669223768,291.6540114251132,3,NE
202121,290.316227614843,292.343615578015,3,NE
202122,292.045201699988,293.23177428947645,3,NE
202123,295.908665807429,294.6595763915009,3,NE
202124,292.072529994079,294.63104570127865,3,NE
202125,293.985433314445,294.92956785254177,3,NE
202126,293.943323772729,295.53415773362,3,NE
202127,293.653568818856,295.10760272805913,3,NE
202128,291.518541492235,295.55256239899825,3,NE
202129,296.221734209487,294.93970968977675,3,NE
202130,295.026348819789,294.68474979013115,3,NE
202131,296.608310415598,293.84474249484845,3,NE
202132,293.342830130824,293.3274389086565,3,NE
202133,290.91930175009,292.5892300949302,3,NE
202134,291.229988777272,291.39017482926533,3,NE
202135,291.438667325928,289.95540913023547,3,NE
202136,287.807323106781,288.71994892128725,3,NE
202137,287.949590869986,287.19445157942926,3,NE
202138,289.273503541387,285.70026306779044,3,NE
202139,286.114756855182,283.9019825608084,3,NE
202140,282.179023940165,282.0492856161925,3,NE
202141,280.030759001525,280.90922279377565,3,NE
202142,280.006148069102,279.5926305496751,3,NE
202143,277.904806373316,277.62422786647835,3,NE
202144,274.562878166407,276.0249174532618,3,NE
202145,272.697009215,274.7345548809247,3,NE
202146,272.406904782688,273.4525097119616,3,NE
202147,275.822637809786,271.82833179442844,3,NE
202148,271.725755456232,269.3804008516649,3,NE
202149,272.530231851491,269.79781148758804,3,NE
202150,270.285631703717,269.2994854777416,3,NE
202151,266.436010204157,268.70112255754805,3,NE
202152,263.561324924031,267.7667139403598,3,NE
202201,263.314703688283,267.9896111030076,3,NE
202202,265.821942498787,268.4743316352194,3,NE
202203,268.616493118617,267.9777683933408,3,NE
202204,269.119907092537,269.10160708292733,3,NE
202205,270.367520673408,269.8969425614505,3,NE
202206,267.381591835228,271.25904628324116,3,NE
202207,274.480839542553,272.06122063015624,3,NE
202208,275.677364824956,273.12810535154694,3,NE
202209,277.356848676743,275.3901250494913,3,NE
202210,273.383713288328,276.119686894755,3,NE
202211,277.491865560832,278.2698755576864,3,NE
202212,281.056857067391,279.68427695434195,3,NE
202213,278.047559801492,280.7373183604974,3,NE
202214,280.375963328851,282.51735418148354,3,NE
202215,282.850604584394,284.1844880884666,3,NE
202216,285.844255608218,285.5234561255605,3,NE
202217,288.205509181237,286.6431711519052,3,NE
202218,289.252242446392,288.49929785890987,3,NE
202219,291.025239272953,290.0537327578151,3,NE
202220,289.552280704299,291.1636338329451,3,NE
202221,292.270068677999,292.1687377807668,3,NE
202222,289.476500174039,292.92513876208073,3,NE
202223,293.827992979969,293.38968198764974,3,NE
202224,293.656851498599,294.22192649810285,3,NE
202225,293.643619923471,294.4324984998234,3,NE
202226,296.5210955737,294.938973008869,3,NE
202227,296.122578515737,295.01169075668474,3,NE
202228,295.683713752388,294.588514498288,3,NE
202229,295.711640889671,294.62874957872316,3,NE
202230,293.164484825489,294.21592209175054,3,NE
202231,294.81512208981,293.4524833280385,3,NE
202232,293.682547298838,292.9354591978025,3,NE
202233,292.08846135425,291.817417821124,3,NE
202234,291.333915369299,290.84654598128554,3,NE
202235,288.929571562513,289.08832119305055,3,NE
202236,285.41778968924,288.12651349938614,3,NE
202237,284.694290249616,286.5222257672088,3,NE
202238,283.730053422591,285.34860680154077,3,NE
202239,282.135670634068,283.44929078902874,3,NE
202240,284.968382874387,281.758336522967,3,NE
202241,284.136655382136,279.9842354220593,3,NE
202242,284.461426874849,278.15074485475964,3,NE
202243,275.563120975709,277.04637415732645,3,NE
202244,272.786476456908,275.8727000309764,3,NE
202245,275.05510505158,273.887124951528,3,NE
202246,276.026313282222,273.18460977767637,3,NE
202247,270.251126634664,271.5896431748025,3,NE
202248,270.820773891895,270.6332291932669,3,NE
202249,269.696001187887,269.3900438078848,3,NE
202250,276.145075190422,268.08708652441726,3,NE
202251,270.570556892165,267.5677353465592,3,NE
202252,270.725675516625,267.7901772072378,3,NE
202301,270.623883716089,267.82284792201466,3,NE
202302,265.342005170457,268.23984717460394,3,NE
202303,272.212067955122,268.0682549599336,3,NE
202304,274.676943229093,268.75869387225373,3,NE
202305,270.97193724589,269.60958681597435,3,NE
202306,271.30505172213,271.2524958893888,3,NE
202307,271.978289538475,272.0100234872064,3,NE
202308,273.510263059382,272.2366518737383,3,NE
202309,274.859866747044,274.28385132278714,3,NE
202310,275.966591985521,275.5091766582155,3,NE
202311,277.9192516711,278.06761160153684,3,NE
202312,284.986942819537,279.19019792479673,3,NE
202313,282.492193656848,280.2310913819541,3,NE
202314,280.49688193784,281.93749656080917,3,NE
202315,281.212527859337,283.77121562991573,3,NE
202316,287.305082609705,284.95962205061494,3,NE
202317,284.239460798116,286.0924722891085,3,NE
202318,286.372473826573,287.59650011484905,3,NE
202319,291.774865685511,289.93191710578657,3,NE
202320,286.34147391877,290.32691083981507,3,NE
202321,290.086390437906,291.37818268408364,3,NE
202322,291.147472985663,292.5585551203021,3,NE
202323,293.323781777725,293.16967386156654,3,NE
202324,295.889891447498,293.773200381757,3,NE
202325,295.133770487797,294.10752987124386,3,NE
202326,294.831801555672,294.61742747967287,3,NE
202327,295.73538451736,294.74542672519726,3,NE
202328,291.932452171776,294.3397978944908,3,NE
202329,293.34196704907,294.33316925068783,3,NE
202330,293.20920904091,294.0013078110976,3,NE
202331,292.661516189846,293.3878957055607,3,NE
202332,291.484403403004,292.7074215102339,3,NE
202333,296.220986972103,291.4508212739201,3,NE
202334,290.774468561615,290.2624795876254,3,NE
202335,288.45506165788,289.05150464410445,3,NE
202336,287.479004413289,288.2737657341429,3,NE
202337,291.21303695113,286.6882209720968,3,NE
202338,283.308625167789,284.8298723610792,3,NE
202339,283.405714022139,282.79954539583576,3,NE
202340,285.58053710437,281.41135860292485,3,NE
202341,277.726438171173,279.42372860222395,3,NE
202342,278.206042012872,277.64703131390877,3,NE
202343,277.165711844317,276.83225349433985,3,NE
202344,273.613269287712,274.7394336688715,3,NE
202345,273.533588322212,274.17510349154554,3,NE
202346,272.757444098737,272.6375790208719,3,NE
202347,273.982309527289,271.1260402684446,3,NE
202348,273.241611514812,269.77071706919185,3,NE
202349,275.834086676295,269.2317196145832,3,NE
202350,269.688523411662,268.6048811598315,3,NE
202351,272.134459709214,268.6782240074515,3,NE
202352,263.848140321409,267.9180671504581,3,NE
202401,272.432346134652,267.97130321188536,3,NE
202402,270.696594707257,268.06016864278405,3,NE
202403,273.628811402461,267.08772496827663,3,NE
202404,269.135510692025,268.90587944173313,3,NE
202405,269.80616322348,270.0650834366197,3,NE
202406,275.160748647266,270.09348567827163,3,NE
202407,277.607825670753,272.02533523628057,3,NE
202408,277.982123726754,273.6844056985541,3,NE
202409,271.294443480173,274.850444758959,3,NE
202410,275.732365297571,275.55362747157466,3,NE
202411,276.299027885207,277.30022289842543,3,NE
202412,282.603986398696,278.56743859737566,3,NE
202413,281.29902076528,280.22422970685807,3,NE
202414,280.193394707989,282.0287323766091,3,NE
202415,285.582776104167,283.5864929357668,3,NE
202416,285.020808910222,284.8540893339433,3,NE
202417,288.227615648812,286.4243344842433,3,NE
202418,291.958196001878,287.724377215833,3,NE
202419,289.190797361705,289.0941566851477,3,NE
202420,291.913357710668,290.2568500465307,3,NE
202421,290.0459205515,291.4765350748562,3,NE
202422,296.022237252463,291.9600638705682,3,NE
202423,292.973746085704,293.1962162318483,3,NE
202424,294.673496296667,293.61170785676484,3,NE
202425,296.984318058709,294.08137259360893,3,NE
202426,295.594377312129,294.3793274909183,3,NE
202427,294.290329076456,294.6779301497484,3,NE
202428,296.639688189338,294.5824348170796,3,NE
202429,293.644743790849,294.30841376864464,3,NE
202430,293.329975420298,293.77753950941855,3,NE
202431,290.99089306992,293.22662288928757,3,NE
202432,293.727364510484,292.8642801252331,3,NE
202433,289.650402634079,291.39715145991,3,NE
202434,291.366682181917,290.22725741269477,3,NE
202435,292.351033030765,289.3617515211986,3,NE
202436,289.077608847444,287.784499218009,3,NE
202437,288.433471803944,285.99921357516376,3,NE
202438,283.989401241584,284.7214007417368,3,NE
202439,281.686598670961,283.2116742717547,3,NE
202440,284.866122003663,281.94701232509,3,NE
202441,282.818073873509,280.38737541537364,3,NE
202442,282.406427130836,278.5102446811978,3,NE
202443,277.774839135975,277.2491061442573,3,NE
202444,278.211800378169,275.27604223649706,3,NE
202445,273.972124405391,274.2585593406044,3,NE
202446,270.273173634204,272.99672642277125,3,NE
202447,271.626280094375,270.89781771313795,3,NE
202448,271.079631750401,269.9967367339874,3,NE
202449,271.777793472733,268.97966543454504,3,NE
202106,277.162458992549,275.8245644202393,4,W
202107,276.235142127216,276.2512667035634,4,W
202108,276.509675004576,277.3837504629792,4,W
202109,278.114715050351,278.47560191487116,4,W
202110,283.227221392312,279.4676132065325,4,W
202111,278.403529686912,280.2606636639411,4,W
202112,280.205498724824,281.8355160552821,4,W
202113,281.584222077906,282.71673654558623,4,W
202114,285.861251239083,283.9266518779414,4,W
202115,284.145693269591,284.52952452718773,4,W
202116,287.034606525622,285.5777100221139,4,W
202117,283.766064318768,287.14169455059493,4,W
202118,291.064026647053,287.888075488966,4,W
202119,290.982089790256,289.4123226346874,4,W
202120,293.630715276856,290.56748310017605,4,W
202121,295.191344978106,291.66073106977746,4,W
202122,295.630140156114,292.67613443035106,4,W
202123,297.081642257506,293.9096879399846,4,W
202124,297.279648697092,294.6576857678643,4,W
202125,296.536561157774,295.4212693346412,4,W
202126,296.749589684839,295.6163258321287,4,W
202127,296.416305372933,296.5031349662953,4,W
202128,295.392647461353,295.71433815919147,4,W
202129,295.346375258274,295.0588564338751,4,W
202130,291.456179758796,294.41457540597816,4,W
202131,292.838420633876,293.75194754813253,4,W
202132,294.688482182037,292.5434683855696,4,W
202133,292.463797347465,290.9355503615845,4,W
202134,288.847013278,289.6561870699372,4,W
202135,289.052537937537,288.3510920569949,4,W
202136,288.36609256021,286.5821702833256,4,W
202137,280.12071768065,285.2220705507767,4,W
202138,282.564169955834,283.79928707100794,4,W
202139,281.744718808148,282.3093126592337,4,W
202140,281.783653752472,280.18576685725196,4,W
202141,280.209732320264,278.866725918013,4,W
202142,280.473328432969,277.6261067828303,4,W
202143,277.227747996025,276.3642292942102,4,W
202144,281.443454232726,274.93741598899123,4,W
202145,276.86712869499,274.3914450603963,4,W
202146,272.980942284981,273.74396252612934,4,W
202147,273.23766084065,273.40074436526675,4,W
202148,269.131600721582,273.1216031556246,4,W
202149,270.31172130578,272.9903634386701,4,W
202150,274.988175518709,273.27203963516575,4,W
202151,274.393009031736,273.424502185822,4,W
202152,273.072687917415,273.2469814693959,4,W
202201,271.367528160314,274.15834823238316,4,W
202202,276.90368511598,274.0924027241516,4,W
202203,275.891975758189,275.0762120996142,4,W
202204,269.802114598546,275.83104873737983,4,W
202205,277.786136674943,276.0113990002814,4,W
202206,271.534025275429,276.6077642829407,4,W
202207,278.198407146283,277.6213613612769,4,W
202208,279.801983513358,278.2291473479794,4,W
202209,281.330918991435,278.81139302314887,4,W
202210,280.687468273473,280.02406907148526,4,W
202211,275.443986875305,280.68621839793923,4,W
202212,279.860894730367,282.13676890549516,4,W
202213,281.233070035677,283.17325981279794,4,W
202214,283.041103082265,284.0395054082419,4,W
202215,281.181147204534,285.1226557377871,4,W
202216,286.470486060947,286.1108563506045,4,W
202217,286.01140696156,286.8644017171781,4,W
202218,285.8213429607,288.61469458796614,4,W
202219,290.002954087133,289.3735953606453,4,W
202220,290.1758384297,290.888693856188,4,W
202221,290.635906201345,291.7729664121831,4,W
202222,293.976268666823,293.19657475158436,4,W
202223,293.491436235901,293.48944788834694,4,W
202224,296.51334811149,294.70363447987654,4,W
202225,297.350816655742,295.2163413455743,4,W
202226,296.454873688745,295.7975443427606,4,W
202227,296.789621442304,295.67171416166326,4,W
202228,295.76028414092,295.4820900550736,4,W
202229,296.229194672713,295.03054721704245,4,W
202230,295.436074143745,294.2795492704479,4,W
202231,296.307577606327,293.54875708662223,4,W
202232,297.273680294178,292.1159284539453,4,W
202233,290.787621891769,291.30621613039517,4,W
202234,288.786679676228,289.8552331656162,4,W
202235,291.686540142334,288.3924919454605,4,W
202236,288.90654399052,286.93121188526726,4,W
202237,288.732296223413,285.0547939390687,4,W
202238,287.904456187407,284.0309848167156,4,W
202239,278.829497572944,281.86620327110745,4,W
202240,279.473482450673,280.43627928480987,4,W
202241,274.557330627991,279.2103638334472,4,W
202242,272.2927451531,277.75014406057716,4,W
202243,275.074268202453,276.4647391906292,4,W
202244,272.899819091193,275.2964014237325,4,W
202245,272.390294848906,273.9321169383001,4,W
202246,270.874082157756,273.4670655450778,4,W
202247,267.60055015104,273.3052734245583,4,W
202248,275.328292391283,272.40700796629443,4,W
202249,272.621626822753,272.66138477226366,4,W
202250,275.660864120388,272.0420730811608,4,W
202251,271.88201155659,272.49836518293034,4,W
202252,271.428089720621,273.57229243102375,4,W
202301,269.680551039865,273.74590788431703,4,W
202302,274.367429645414,273.8180656130351,4,W
202303,272.387489062937,274.45879656399734,4,W
202304,270.593639263407,275.57042495627854,4,W
202305,271.944193648729,275.373105900303,4,W
202306,272.145097845376,275.7153007689956,4,W
202307,275.006241456139,276.93664369050674,4,W
202308,274.4604592759,277.3489567293395,4,W
202309,273.771816107833,278.4414615853931,4,W
202310,275.28950986393,278.6871901225737,4,W
202311,281.250420551256,280.2906139899356,4,W
202312,278.407529911162,281.51691403884865,4,W
202313,283.354728953138,282.62051039630904,4,W
202314,285.063129960375,283.1799491768353,4,W
202315,284.315856620591,284.6301348818404,4,W
202316,289.445650597295,285.2573025297942,4,W
202317,288.498328937243,286.88644324012836,4,W
202318,288.27953897435,288.5583763987639,4,W
202319,290.08763287364,289.07193170892543,4,W
202320,288.629572487172,290.4331950745547,4,W
202321,288.354068221536,291.27640346310693,4,W
202322,292.318331159644,292.7101632591863,4,W
202323,294.021031024733,293.6581134734842,4,W
202324,295.480811374304,294.43666281866354,4,W
202325,297.318578781185,294.9618174743729,4,W
202326,297.072348995965,295.43443971342003,4,W
202327,295.109225927662,295.30638908593806,4,W
202328,293.665723795932,295.6821925030583,4,W
202329,296.757290610847,295.05951043837354,4,W
202330,293.371232222696,294.1675617094961,4,W
202331,294.231710480222,293.32647440953673,4,W
202332,291.482036655569,292.08028094853495,4,W
202333,291.435578187995,290.60422433194526,4,W
202334,288.72659622535,289.5476556823024,4,W
202335,288.358159178641,288.336272430991,4,W
202336,285.96465298437,286.463360050009,4,W
202337,285.736589899795,285.13079654146594,4,W
202338,288.837446252862,283.4405948852372,4,W
202339,280.174066282469,281.88854920825537,4,W
202340,279.616430735217,280.33699441542,4,W
202341,280.005551046557,278.5212728044087,4,W
202342,281.029149994855,277.58292363594063,4,W
202343,275.912255913236,275.7323777838767,4,W
202344,273.727377700952,275.2710769759638,4,W
202345,277.18474597127,274.40112698225334,4,W
202346,275.457346234876,273.3838897369531,4,W
202347,277.780330621466,273.4611977129196,4,W
202348,274.79455913687,272.95881207369666,4,W
202349,273.433548618442,272.99685057616426,4,W
202350,267.321652982627,272.8777688428581,4,W
202351,271.071044297861,273.1745066551521,4,W
202352,276.575680439908,273.33501147245414,4,W
202401,278.293097697132,273.8564785511064,4,W
202402,273.562309550477,273.76277900124626,4,W
202403,273.615560434267,274.2737801332578,4,W
202404,277.546006350672,274.90525076565206,4,W
202405,275.204994398606,275.92375366801724,4,W
202406,274.157002780661,276.50098370910877,4,W
202407,277.676241547876,277.4898622082746,4,W
202408,280.17263087432,277.91164831175655,4,W
202409,276.171572080337,279.02356876775553,4,W
202410,279.022822922392,279.9313617160043,4,W
202411,282.258754616765,281.22165846363197,4,W
202412,280.98109202864,281.533794783016,4,W
202413,283.000227578129,282.78123028912404,4,W
202414,281.012524272638,284.55558005942055,4,W
202415,283.117263738331,285.13683269429276,4,W
202416,287.405614909341,286.0468441661471,4,W
202417,283.452979058605,287.01471510923136,4,W
202418,288.378948499148,288.11022086268935,4,W
202419,291.708904896818,289.6564224320214,4,W
202420,292.169880136956,290.454980743962,4,W
202421,290.855660722,291.87096747900387,4,W
202422,293.942960779347,292.50500060058204,4,W
202423,294.28736609972,293.5102510498185,4,W
202424,298.995148363173,294.65688077342924,4,W
202425,297.288150633384,295.09899468961487,4,W
202426,296.595638681637,295.29225937630173,4,W
202427,297.083789935371,295.61183919501656,4,W
202428,295.682079853048,295.72994676162784,4,W
202429,294.063020343524,295.1749974976655,4,W
202430,292.971537576914,294.4128560617425,4,W
202431,293.439576054533,293.57420338562565,4,W
202432,295.587509752711,292.1968931258746,4,W
202433,291.457304240227,290.90616296042305,4,W
202434,288.056336683087,289.3875677299607,4,W
202435,292.618077796909,288.0833674661246,4,W
202436,290.229164108869,286.42181738722593,4,W
202437,290.35300970383,284.91202991413485,4,W
202438,285.237937795728,283.33230272836056,4,W
202439,284.407333123863,281.95417835527513,4,W
202440,278.638879041456,280.52153431028836,4,W
202441,277.398462908948,278.66992902326706,4,W
202442,277.553912817539,277.6767701416148,4,W
202443,276.248781539649,276.43451025297435,4,W
202444,273.976640338216,275.43259977147414,4,W
202445,277.46350308135,274.4192208570832,4,W
202446,274.070857953631,273.46645013549363,4,W
202447,277.133388857467,272.81822297270094,4,W
202448,275.926780539884,272.97323491564475,4,W
202106,285.977998926021,284.54141344080153,4,SW
202107,284.900619338199,285.015345862219,4,SW
202108,284.618786110534,286.5954567909711,4,SW
202109,286.773113748458,287.61895078821266,4,SW
202110,290.831856411668,288.56329985579515,4,SW
202111,290.209619090653,289.59360114782487,4,SW
202112,285.37120592675,290.8132510866013,4,SW
202113,290.948494210841,291.915839004963,4,SW
202114,292.356870024666,292.6908334265289,4,SW
202115,292.425547534682,293.9238491784179,4,SW
202116,293.722544557193,294.9638783237633,4,SW
202117,294.956616688522,296.11804166304836,4,SW
202118,294.810732201191,297.1850096941566,4,SW
202119,298.165073383449,297.93777155806487,4,SW
202120,301.504574010518,298.74834999344097,4,SW
202121,300.910265671138,299.44960456207525,4,SW
202122,297.894582754229,299.9258515355573,4,SW
202123,298.8791385487,300.6231973011798,4,SW
202124,299.529833161177,300.87711010513794,4,SW
202125,299.048090498019,301.06191641229105,4,SW
202126,299.702571602123,301.23097519455536,4,SW
202127,299.210431376384,301.3302226233706,4,SW
202128,300.417812209274,301.1308318290329,4,SW
202129,298.268810424206,300.8352509247379,4,SW
202130,300.207416355007,300.28711994810595,4,SW
202131,299.629115046505,299.64226767796674,4,SW
202132,299.80150030942,298.913565957946,4,SW
202133,299.148720626397,297.72267489197554,4,SW
202134,297.381631646226,296.62682903553554,4,SW
202135,295.067454607204,295.2754676160119,4,SW
202136,294.08946080081,293.96087192661076,4,SW
202137,292.651166381254,292.49161784383267,4,SW
202138,289.965039951781,290.6781995437522,4,SW
202139,291.665525103653,289.27085953286644,4,SW
202140,287.784853320917,287.7454504038554,4,SW
202141,288.657828097147,286.49147794772017,4,SW
202142,287.668596199458,285.0318231942436,4,SW
202143,285.310600948511,283.9761540148449,4,SW
202144,285.662293582506,282.9253047648719,4,SW
202145,286.000682201451,282.11520467274636,4,SW
202146,284.241296449205,281.31849987521116,4,SW
202147,282.152189792322,280.7460350300938,4,SW
202148,285.516354535692,280.1318589582743,4,SW
202149,278.390920106289,279.68269737571296,4,SW
202150,281.861620692645,279.8453682563807,4,SW
202151,279.107542323979,279.74609140179064,4,SW
202152,278.163493692862,280.08052210904236,4,SW
202201,278.0502663996,280.5578055235856,4,SW
202202,280.179207698158,281.19557460299404,4,SW
202203,281.755856691902,282.0541720864706,4,SW
202204,279.594387757909,282.8452284839031,4,SW
202205,283.876023539565,283.8438206855896,4,SW
202206,280.564946038488,284.49137482524213,4,SW
202207,284.524086986608,285.9215117970709,4,SW
202208,285.683219803087,287.0043180044357,4,SW
202209,289.333564646472,287.77707717417354,4,SW
202210,289.518741692833,288.8108971908264,4,SW
202211,290.630745633236,289.8579626344913,4,SW
202212,292.925241102075,290.90980192193285,4,SW
202213,291.432044185622,291.8506153573697,4,SW
202214,293.266017489169,293.07224480605913,4,SW
202215,296.898949422692,294.1900530321567,4,SW
202216,298.789806198331,295.15839514236103,4,SW
202217,293.676880319494,296.101147181298,4,SW
202218,297.343310869739,296.9418481223519,4,SW
202219,299.773756158082,298.1256557587398,4,SW
202220,302.23128195568,298.59142629639905,4,SW
202221,300.245248445945,299.45834805885715,4,SW
202222,299.442515184432,300.07253302140117,4,SW
202223,301.429354085111,300.52474904090377,4,SW
202224,302.967870250452,300.7839813517725,4,SW
202225,303.440443450512,301.052570746825,4,SW
202226,301.329203712889,301.22081962299893,4,SW
202227,301.380108785985,301.244408005369,4,SW
202228,300.71516729294,301.0843192372431,4,SW
202229,299.600847085032,300.73326158729714,4,SW
202230,297.721633327682,300.0200154663334,4,SW
202231,299.113396768013,299.316911102508,4,SW
202232,299.098507458902,298.41051863570243,4,SW
202233,296.552353807163,297.60524776206864,4,SW
202234,298.476913107031,296.3217720236765,4,SW
202235,296.709219472204,294.9507464016706,4,SW
202236,293.714328926948,293.5687100406954,4,SW
202237,292.67511853666,292.08739699879555,4,SW
202238,290.091795783859,290.5044715918594,4,SW
202239,288.470584325261,289.0358445714116,4,SW
202240,287.795060187128,287.5068052462337,4,SW
202241,287.532905517397,286.02880297010796,4,SW
202242,278.542395632947,284.71352465164904,4,SW
202243,279.81053060251,283.698239468694,4,SW
202244,281.839074666494,282.48212630474313,4,SW
202245,285.047170327503,281.4081831271028,4,SW
202246,281.029226490942,280.79100958203264,4,SW
202247,276.174723149831,280.12616815899037,4,SW
202248,279.587491728679,279.7197963929406,4,SW
202249,282.616151958581,279.4852231148628,4,SW
202250,283.003281835267,279.0108514491001,4,SW
202251,281.396831544831,279.00686526126736,4,SW
202252,276.942203761592,279.5976382653464,4,SW
202301,276.568170060277,280.1562311474493,4,SW
202302,280.780198815838,280.6689877670581,4,SW
202303,279.559758500077,281.3546420634501,4,SW
202304,283.752338397826,282.51122904538,4,SW
202305,284.171631580726,283.2252667462637,4,SW
202306,287.039926714439,284.2341420422594,4,SW
202307,283.363770134915,285.3286594609629,4,SW
202308,284.245866578757,286.0545035704492,4,SW
202309,285.3605765881,286.9452010349796,4,SW
202310,287.154725368243,287.6550394860525,4,SW
202311,291.246022674919,289.09862858588366,4,SW
202312,290.186022135433,290.28866549872953,4,SW
202313,288.329309302256,291.416271781352,4,SW
202314,292.939311055721,292.22192562045336,4,SW
202315,294.63927907355,293.35572510078674,4,SW
202316,293.700167123514,294.55190651255293,4,SW
202317,294.802187336812,295.6279393162386,4,SW
202318,295.488397311012,296.45646699172664,4,SW
202319,296.333625902478,297.3432282563112,4,SW
202320,297.991643842217,298.20869585698796,4,SW
202321,300.974676469934,298.971094463835,4,SW
202322,302.026867859611,299.6298910576302,4,SW
202323,301.101384767837,300.0628796566719,4,SW
202324,302.675503944801,300.2585972974254,4,SW
202325,303.436566019388,300.6120131293226,4,SW
202326,303.372221428061,300.84051931882453,4,SW
202327,303.322547160518,300.9481795633887,4,SW
202328,302.509674999625,300.9315431071105,4,SW
202329,301.838210457237,300.39792766133957,4,SW
202330,301.904767301315,299.8759788320012,4,SW
202331,300.880153050965,299.17695015851376,4,SW
202332,301.503928811821,298.3968891809449,4,SW
202333,296.894332015237,297.5100891234681,4,SW
202334,297.970799337908,296.07434112409385,4,SW
202335,298.534833728138,294.81885550420077,4,SW
202336,294.532832119612,293.3951714724222,4,SW
202337,292.618355092521,291.8124586523745,4,SW
202338,293.273480408827,290.34682334541066,4,SW
202339,292.775465767281,288.8183958629068,4,SW
202340,284.08663311972,287.37441604226836,4,SW
202341,289.01819763157,285.97999180293624,4,SW
202342,287.1797051433,284.69804826970284,4,SW
202343,283.164649897282,283.2958952785736,4,SW
202344,281.024067462577,282.24238450180184,4,SW
202345,284.212257936128,281.5602062816486,4,SW
202346,281.477016837386,280.7853791747112,4,SW
202347,284.141437758153,280.2053587634073,4,SW
202348,279.646414860305,279.6828281539956,4,SW
202349,278.265626011796,279.41508247376976,4,SW
202350,276.692471551267,279.2674906769845,4,SW
202351,274.826380655555,279.4262128267585,4,SW
202352,280.459772478781,279.4003141789318,4,SW
202401,284.440328798457,280.05324285038466,4,SW
202402,281.790834644382,280.79235639857507,4,SW
202403,280.885321631482,281.56854748976997,4,SW
202404,286.588738627731,282.10886455486485,4,SW
202405,285.90528329965,283.43940716219305,4,SW
202406,285.343393133677,284.359817830778,4,SW
202407,286.308909339187,285.23641132580946,4,SW
202408,285.917358627764,286.6590223605584,4,SW
202409,285.697508884136,287.54158083109576,4,SW
202410,287.919022563721,288.51700092605677,4,SW
202411,289.859621980637,289.259776129898,4,SW
202412,291.267579149063,290.7353502215211,4,SW
202413,291.928861594514,291.73213736136415,4,SW
202414,293.828664539222,292.5751836623747,4,SW
202415,293.076387782839,293.6044072891832,4,SW
202416,295.619010479192,294.7638280318139,4,SW
202417,296.950917814601,295.9204755289988,4,SW
202418,298.12592604796,296.8389568430842,4,SW
202419,300.505115329664,297.6817706660862,4,SW
202420,300.138128043021,298.79807775325673,4,SW
202421,299.644647770812,299.38505991194125,4,SW
202422,302.049823002404,300.0328606364454,4,SW
202423,301.568351770642,300.35698194100496,4,SW
202424,301.106279568345,300.7756563730506,4,SW
202425,300.878308018335,301.0076250115323,4,SW
202426,299.570504737639,301.15622641255413,4,SW
202427,302.175809092655,301.0688306484167,4,SW
202428,301.452171664801,301.04349041052166,4,SW
202429,302.161208617007,300.71208526295504,4,SW
202430,302.244399610014,300.1882754663654,4,SW
202431,299.336048999664,299.5280791862065,4,SW
202432,297.287238480422,298.594824650189,4,SW
202433,298.191902267548,297.56343300412567,4,SW
202434,297.872472573586,296.40982348049783,4,SW
202435,297.294474385447,294.9493608621066,4,SW
202436,298.103825740138,293.65839007689556,4,SW
202437,297.531411646997,291.980692063468,4,SW
202438,291.522565451368,290.66806293915846,4,SW
202439,294.20232627918,289.18398374892445,4,SW
202440,291.2950095744,287.7058054174477,4,SW
202441,285.65455841096,286.3887893716042,4,SW
202442,287.463857692553,284.92878211942116,4,SW
202443,285.625478446497,283.56505960725764,4,SW
202444,283.075727478712,282.7130555254552,4,SW
202445,282.488258949995,281.65981895072423,4,SW
202446,282.326697284676,280.93441453857383,4,SW
202447,284.248534715438,280.31188870401417,4,SW
202448,284.709905782704,279.96110263040504,4,SW
202106,279.70158074799,273.6181017592663,4,MW
202107,276.256879543493,275.1062014260462,4,MW
202108,279.755941135808,276.7775032931737,4,MW
202109,278.011956803135,278.68297510388106,4,MW
202110,285.14381850294,280.6235904347559,4,MW
202111,280.312637432139,281.6213745889934,4,MW
202112,277.782628498586,283.18970421823644,4,MW
202113,283.661245757074,284.6959065237085,4,MW
202114,286.055764007103,286.4152624468568,4,MW
202115,282.88232735299,287.7741516073892,4,MW
202116,290.10917375909,289.3221550232466,4,MW
202117,291.702958792403,290.63819079950866,4,MW
202118,288.477187342203,291.89998305613335,4,MW
202119,297.38995602213,293.033605066245,4,MW
202120,296.734385426813,294.13798158476544,4,MW
202121,294.707121389474,295.02810050093575,4,MW
202122,295.728312466766,295.7020807754996,4,MW
202123,296.522921115767,296.5151657823335,4,MW
202124,295.584904262292,297.22470061279944,4,MW
202125,296.813685724758,297.3271981305515,4,MW
202126,299.411820233671,297.171850864249,4,MW
202127,295.762772795343,296.9580115633154,4,MW
202128,297.971528802183,296.74222279222994,4,MW
202129,297.052398547884,296.67147228827463,4,MW
202130,296.940001042599,296.26819855883355,4,MW
202131,295.687207465613,295.52515499924993,4,MW
202132,293.339054980414,293.8421560228041,4,MW
202133,294.013617648428,292.49372695083696,4,MW
202134,291.921449263696,291.3262664813405,4,MW
202135,291.989906066984,289.6393402770289,4,MW
202136,291.724195130118,287.9136435908375,4,MW
202137,289.554778616906,285.66226721242,4,MW
202138,284.842765383981,283.83461965268793,4,MW
202139,281.66920349937,282.0407000947501,4,MW
202140,278.879553662564,280.2266387131359,4,MW
202141,282.077107773311,278.5202274888331,4,MW
202142,276.459008788986,276.71945859966587,4,MW
202143,275.002668544986,275.0898133214253,4,MW
202144,277.127152695715,273.65232784528337,4,MW
202145,272.87139000968,271.765002710794,4,MW
202146,276.246264862599,270.7152027729182,4,MW
202147,270.217591863581,269.767831708512,4,MW
202148,271.288897610288,269.39987837985683,4,MW
202149,262.914462614701,268.4899642343835,4,MW
202150,268.621967501422,268.98687364555394,4,MW
202151,266.001844027002,267.1845749683598,4,MW
202152,265.074262341831,268.3755369389354,4,MW
202201,266.355163783113,269.4053520052066,4,MW
202202,270.917862375012,269.59695628755566,4,MW
202203,267.33952925039,271.39048844322576,4,MW
202204,265.713982292749,271.5400813782162,4,MW
202205,273.481536058809,272.4953353547898,4,MW
202206,270.630951561778,274.27412147934035,4,MW
202207,276.761156554436,275.462696803253,4,MW
202208,279.026872313704,276.44801398747876,4,MW
202209,274.71013049696,278.6265741411347,4,MW
202210,278.292270621176,280.68944179602875,4,MW
202211,279.47478105946,281.2981951383946,4,MW
202212,278.721054556165,282.9582004113115,4,MW
202213,282.517858027932,284.8914281499928,4,MW
202214,283.063673548364,285.8206417574291,4,MW
202215,291.011071908262,287.3678632811067,4,MW
202216,290.282106109725,288.86689356164635,4,MW
202217,286.189962770989,290.15487184880595,4,MW
202218,291.650867859715,291.85768066323374,4,MW
202219,291.240711239862,292.6801014313413,4,MW
202220,295.969217274807,294.07831321602146,4,MW
202221,297.067843464524,294.7929079560677,4,MW
202222,294.944012240095,295.2185062791377,4,MW
202223,296.852682048341,295.86517568743113,4,MW
202224,296.998886397008,296.9305563799705,4,MW
202225,299.047127747863,297.0768371347157,4,MW
202226,296.000234751485,296.73820717075205,4,MW
202227,297.716596324456,296.80759438532885,4,MW
202228,296.531208905418,296.23807617529684,4,MW
202229,295.542108609253,296.2031589910276,4,MW
202230,295.868015962854,295.425999203295,4,MW
202231,296.834617731692,295.0082351585084,4,MW
202232,294.948450677422,293.8182518933031,4,MW
202233,292.464210622331,292.50515586194484,4,MW
202234,292.670133701724,290.57495100150794,4,MW
202235,288.063038288497,288.60261225869147,4,MW
202236,287.878969064408,287.1395988000767,4,MW
202237,284.957024000162,285.4646963013954,4,MW
202238,280.364549799586,283.637048983425,4,MW
202239,284.442994540295,281.615974377695,4,MW
202240,285.252452416067,279.31132862982867,4,MW
202241,279.779000179651,277.9045777898519,4,MW
202242,269.934699142046,275.79673059152947,4,MW
202243,273.481640577348,274.1019047832389,4,MW
202244,273.758844556811,273.0243157245459,4,MW
202245,271.147287719127,271.24450566735675,4,MW
202246,272.60367023517,270.21779855434494,4,MW
202247,261.649540683486,269.8978302375583,4,MW
202248,267.800101427278,268.8142565038428,4,MW
202249,271.645217473761,267.70229242730284,4,MW
202250,271.596971956057,267.1651913034717,4,MW
202251,272.395315972813,267.21510279353646,4,MW
202252,268.9977322835,268.1185009478804,4,MW
202301,262.975905404038,268.4657824760012,4,MW
202302,273.611744978576,268.43711333125725,4,MW
202303,273.241518017279,269.827753398949,4,MW
202304,269.320341292115,271.71375644487944,4,MW
202305,274.601905338591,272.5542648511627,4,MW
202306,273.565941090786,273.48831107042264,4,MW
202307,271.374296189302,274.85077190530325,4,MW
202308,274.584484923814,275.87531620588703,4,MW
202309,275.217342219467,277.73552270634246,4,MW
202310,278.555369481686,278.69547319539015,4,MW
202311,287.477745584941,281.46164134887056,4,MW
202312,280.411147878858,282.98451604566753,4,MW
202313,280.565437658636,283.6046819139907,4,MW
202314,284.186521439509,286.43842124321685,4,MW
202315,290.623470622563,287.8647361279714,4,MW
202316,288.24560394087,288.6351380566883,4,MW
202317,291.34615794719,290.09506320854956,4,MW
202318,294.961252150314,291.5194098031632,4,MW
202319,294.360340341657,293.106450671253,4,MW
202320,291.712061219651,293.9940506394849,4,MW
202321,295.847475705234,294.96890453352773,4,MW
202322,295.764553539227,295.06434542322086,4,MW
202323,295.037808957262,296.3846345108412,4,MW
202324,295.625138405744,296.4148240915024,4,MW
202325,295.464459101056,296.79003855581226,4,MW
202326,299.358935302902,296.8436669552177,4,MW
202327,297.469511373933,296.6088078427189,4,MW
202328,295.49258306472,296.0588604952002,4,MW
202329,294.822790361431,295.6198789067538,4,MW
202330,298.399396596281,295.3757152231617,4,MW
202331,295.269801131639,294.5513826332823,4,MW
202332,295.644637076744,293.77988177318446,4,MW
202333,290.850103916353,291.94004991426397,4,MW
202334,292.583714052845,291.04338901278624,4,MW
202335,292.348702900601,288.80281468967524,4,MW
202336,290.55657853104,287.3770859989416,4,MW
202337,284.372003611177,285.1944064176777,4,MW
202338,285.08712224363,283.44909322047306,4,MW
202339,283.623032975188,281.095650228647,4,MW
202340,275.603793599091,279.1895707938225,4,MW
202341,280.65351294179,278.2066322237583,4,MW
202342,281.382817614821,276.4937340659882,4,MW
202343,275.086518856225,274.60687254196125,4,MW
202344,272.385979240762,272.3793454502569,4,MW
202345,276.276839839332,271.47005561907156,4,MW
202346,274.099916456209,270.05515721035243,4,MW
202347,275.148674457563,268.88354311703176,4,MW
202348,274.193454773682,268.8426324661911,4,MW
202349,270.380982052161,267.3242066218887,4,MW
202350,264.408409680899,266.8009442813393,4,MW
202351,259.229529885149,267.834851666391,4,MW
202352,273.122807206908,268.14200974661435,4,MW
202401,276.17978956934,268.6331759935723,4,MW
202402,276.034635117307,269.089303000029,4,MW
202403,271.395162527301,269.87799468089617,4,MW
202404,277.261811589675,271.01574008526075,4,MW
202405,276.95760752715,271.9922399650422,4,MW
202406,276.889611296595,273.3638732121327,4,MW
202407,280.67635173508,274.4632688644366,4,MW
202408,273.615560230885,275.52105532019175,4,MW
202409,276.36914251692,277.87274421448564,4,MW
202410,279.605071224621,279.6658787984462,4,MW
202411,284.929455951627,281.03327536656093,4,MW
202412,282.88002833496,282.0542402179244,4,MW
202413,284.828842746512,283.4144188794859,4,MW
202414,286.315507621397,285.7030905661375,4,MW
202415,288.590579361767,286.97796337509305,4,MW
202416,290.34513995132,288.0141682843288,4,MW
202417,290.490748334352,290.2115058452836,4,MW
202418,290.563148149302,292.02244158614843,4,MW
202419,293.012919104426,292.7137135281222,4,MW
202420,294.428188188087,293.229337130665,4,MW
202421,295.51393140271,293.9750858068947,4,MW
202422,295.473066937574,294.7824666669006,4,MW
202423,294.509969343251,295.23807389277994,4,MW
202424,297.504641130288,295.9978273549995,4,MW
202425,295.989379822555,296.6338225547231,4,MW
202426,297.13361027233,296.473151622367,4,MW
202427,299.332887701666,296.25351844735945,4,MW
202428,293.759645619055,295.83871289665973,4,MW
202429,295.905900293759,295.6913421727275,4,MW
202430,295.606539945229,294.7569733495768,4,MW
202431,296.846508572727,294.04998052233293,4,MW
202432,292.472457777946,292.9611559861907,4,MW
202433,295.308726962687,291.67730170611793,4,MW
202434,295.653305683521,290.2327534868448,4,MW
202435,292.752033600339,288.54449110797265,4,MW
202436,290.303153351359,286.94489388522106,4,MW
202437,288.95523611653,284.8216622173804,4,MW
202438,284.469421854044,283.3733648741857,4,MW
202439,286.202271536057,281.0323761375209,4,MW
202440,284.608914088223,278.84030405399415,4,MW
202441,282.056448710674,278.1643478121482,4,MW
202442,280.404929811729,276.2460712959481,4,MW
202443,277.496023872442,274.03979188381584,4,MW
202444,270.099486992679,272.6858419580723,4,MW
202445,270.831399406917,271.1680466411195,4,MW
202446,269.946680118872,269.9812067218158,4,MW
202447,270.889845582287,268.273477108435,4,MW
202448,275.264743189278,267.1449949135948,4,MW
202106,284.313503280819,284.50217097484267,4,SE
202107,288.77694747333,285.7078198522781,4,SE
202108,286.384136905967,286.6910069610451,4,SE
202109,289.101144470426,287.8157241694614,4,SE
202110,287.663326418227,288.6323574164289,4,SE
202111,291.042134922163,289.65846901924084,4,SE
202112,286.985627275238,290.76452080606714,4,SE
202113,291.239294520871,292.1481096852718,4,SE
202114,293.318944530085,292.86244104103645,4,SE
202115,290.321143562282,294.00931789849693,4,SE
202116,293.078205720362,295.065406114388,4,SE
202117,296.942452059149,295.74731194035604,4,SE
202118,294.007895692238,297.33446294056876,4,SE
202119,297.668879584762,297.8220053426788,4,SE
202120,298.454777609614,298.61648211496754,4,SE
202121,297.634363676465,299.0947918920969,4,SE
202122,298.818817516257,299.57745809585293,4,SE
202123,298.1232478066,300.22276108795825,4,SE
202124,298.939345237609,300.37626907119727,4,SE
202125,298.836716901805,300.23366530030813,4,SE
202126,300.671452271307,300.54347861829837,4,SE
202127,298.945488548269,300.3950671535992,4,SE
202128,299.995228450085,300.3728632919065,4,SE
202129,299.519902591565,300.3082600172202,4,SE
202130,300.475683874595,299.8298176395069,4,SE
202131,299.16574900349,299.5171871751661,4,SE
202132,297.40420413061,298.8667775324892,4,SE
202133,297.115393313671,297.3384541633979,4,SE
202134,296.481938011282,296.9920618306384,4,SE
202135,294.770112942935,295.42801821164954,4,SE
202136,295.72360784688,293.74329853210594,4,SE
202137,295.550993931901,292.481579293312,4,SE
202138,291.702819299647,291.19176823531456,4,SE
202139,290.970116882204,289.8869076543084,4,SE
202140,285.893063343634,288.9164783365555,4,SE
202141,286.141425072688,286.9868829707451,4,SE
202142,285.922650909445,285.84392621443834,4,SE
202143,282.71696414296,284.4910430194837,4,SE
202144,282.738898937971,283.5606340291667,4,SE
202145,285.430954430297,282.7588143604032,4,SE
202146,286.166142998415,281.4978118927307,4,SE
202147,282.884977550189,280.69799619963663,4,SE
202148,289.562663800112,280.1811748439362,4,SE
202149,281.332200280568,279.60516472815067,4,SE
202150,279.662229090195,279.414940339742,4,SE
202151,277.389469534046,278.9687950311144,4,SE
202152,276.21220912116,279.52195181150313,4,SE
202201,279.462594400143,280.05620300185313,4,SE
202202,279.422206622717,281.2012554331922,4,SE
202203,282.168978938318,282.2130830714558,4,SE
202204,284.049489995372,282.54528763357575,4,SE
202205,284.187392397481,283.3981486797441,4,SE
202206,286.940136736644,284.1648381741906,4,SE
202207,284.459664246724,285.118816128395,4,SE
202208,287.623204969691,286.64052413597597,4,SE
202209,286.135740734816,287.7444781708912,4,SE
202210,288.068300760161,288.71400907893786,4,SE
202211,289.247041943675,289.5769647172823,4,SE
202212,289.156375650858,290.44855508800504,4,SE
202213,291.962255929109,291.25017657457647,4,SE
202214,294.369133095865,292.68634024445356,4,SE
202215,293.341295824796,293.6115389245571,4,SE
202216,296.946014378474,294.8377431227226,4,SE
202217,295.337583608183,295.7401388481441,4,SE
202218,297.586289170477,296.7449979754098,4,SE
202219,297.415801427348,297.80771854918436,4,SE
202220,300.606252639178,298.30028013057273,4,SE
202221,300.183306336245,299.18280776238555,4,SE
202222,299.488226858596,298.99456484799117,4,SE
202223,301.035471236671,299.64480809230264,4,SE
202224,300.058874748954,300.14559684225566,4,SE
202225,300.917528645297,300.26906992953997,4,SE
202226,301.264781147975,299.82556248000566,4,SE
202227,300.23313938519,300.0784722439737,4,SE
202228,299.767417277524,300.1294244698413,4,SE
202229,298.436196736376,300.08822963260815,4,SE
202230,298.555447371609,299.77759527718985,4,SE
202231,299.493014295947,299.4507424677072,4,SE
202232,298.012060120307,298.6331068357797,4,SE
202233,296.399984624661,297.5975313437094,4,SE
202234,298.091063754394,296.53592256021324,4,SE
202235,292.988821195765,295.15839683905637,4,SE
202236,291.759439696198,293.83258273770053,4,SE
202237,291.94056434832,292.7060603216804,4,SE
202238,287.868807070964,291.09292348897367,4,SE
202239,290.077654720096,289.8728616057793,4,SE
202240,290.991232491371,288.23784542707347,4,SE
202241,292.019154875302,286.7593184450004,4,SE
202242,280.906034218035,285.5510530894732,4,SE
202243,282.592158286888,284.17378537352596,4,SE
202244,284.968262167003,283.35714182785273,4,SE
202245,287.491694818062,281.79917151324895,4,SE
202246,283.786576191051,281.89055312864764,4,SE
202247,277.259449555413,281.04207276262434,4,SE
202248,277.41508300136,280.07310653941386,4,SE
202249,286.604522774025,280.01529109262856,4,SE
202250,282.190236907496,279.19379563469516,4,SE
202251,283.19409118231,279.2053542545327,4,SE
202252,280.003816503795,279.38561762910894,4,SE
202301,280.515344846578,279.7232844557916,4,SE
202302,284.673759572369,280.29584825906204,4,SE
202303,284.00000050099,280.8225648513376,4,SE
202304,288.18998634381,281.85266826054107,4,SE
202305,289.659396332076,283.29656496309724,4,SE
202306,286.987351040434,284.1626201953582,4,SE
202307,282.233079603767,285.18548809921896,4,SE
202308,285.449944994692,285.74363310266676,4,SE
202309,289.270018845512,286.3177562964804,4,SE
202310,290.740440048078,287.27344531810854,4,SE
202311,289.799882177033,289.0289147814922,4,SE
202312,291.12992073446,290.1771750015696,4,SE
202313,289.018787631998,291.76170748932446,4,SE
202314,289.832167796585,292.32442885061295,4,SE
202315,295.377862159275,293.7599447914056,4,SE
202316,295.436435095271,294.92940712990793,4,SE
202317,293.487233905597,295.87818609602243,4,SE
202318,295.546191987705,296.57754714806754,4,SE
202319,296.416516009778,298.22147627009304,4,SE
202320,297.143382368463,298.1624452483876,4,SE
202321,297.529601369868,298.8127675752833,4,SE
202322,300.234123712665,299.11557265938063,4,SE
202323,300.412965958186,299.7982448554041,4,SE
202324,299.923850505454,299.9275961826174,4,SE
202325,300.577021108579,299.9339189462765,4,SE
202326,301.020876135539,299.9826468155055,4,SE
202327,300.636771052853,300.0677163518759,4,SE
202328,300.868272182131,300.27656456965775,4,SE
202329,300.275822318796,299.76785598747233,4,SE
202330,302.271130168334,299.09583408202036,4,SE
202331,298.808929230021,298.9762370135274,4,SE
202332,299.714613762846,297.7078733134449,4,SE
202333,297.423669304138,297.03819422378274,4,SE
202334,296.16260194654,296.10254319645094,4,SE
202335,296.418002666028,295.1150244028357,4,SE
202336,295.560962529442,293.44049378012653,4,SE
202337,291.279715506181,292.4482158328926,4,SE
202338,288.988423817266,291.11156507694926,4,SE
202339,293.127684334765,290.07159776259124,4,SE
202340,286.214393760032,288.212708745463,4,SE
202341,290.515537475326,286.59509626757944,4,SE
202342,287.729283917905,285.60826437639764,4,SE
202343,284.899851752994,284.6174422850592,4,SE
202344,282.316359630188,283.67145104966573,4,SE
202345,284.469114328663,282.3539817464797,4,SE
202346,282.257875622858,281.3800159698324,4,SE
202347,281.285209290975,280.7265715060994,4,SE
202348,282.276449737206,280.1002326731814,4,SE
202349,278.614889445522,279.568655262056,4,SE
202350,279.981340532672,279.4389210440331,4,SE
202351,272.569077739208,279.75042676874915,4,SE
202352,284.31827083892,279.4387053418865,4,SE
202401,281.721344488372,280.03361689872116,4,SE
202402,284.07455376308,280.6785741252164,4,SE
202403,282.004555495853,280.9281631610335,4,SE
202404,283.482564171235,281.9943749843064,4,SE
202405,285.964147903738,282.94730313570403,4,SE
202406,288.3208887582,283.819191732805,4,SE
202407,288.562298667994,285.22622830449944,4,SE
202408,284.330792421995,285.7359953441317,4,SE
202409,287.349344485112,286.54380532372664,4,SE
202410,287.903223966338,287.77935130460935,4,SE
202411,290.632114321036,288.89727478959855,4,SE
202412,292.632322336041,290.179510795992,4,SE
202413,290.535815539612,290.82032929588405,4,SE
202414,295.044711099009,291.874087055023,4,SE
202415,295.244933292086,293.46453798793283,4,SE
202416,294.960827563009,294.2277141381548,4,SE
202417,297.400612730822,295.26548215137404,4,SE
202418,296.385742289645,296.73752764410796,4,SE
202419,298.157154502911,297.3699239532809,4,SE
202420,298.591537727784,298.03507018235166,4,SE
202421,300.174679053094,298.6121778163917,4,SE
202422,301.263311674638,298.99203816476586,4,SE
202423,300.990221947391,299.26247244554855,4,SE
202424,301.198353127209,299.46733888562926,4,SE
202425,300.257885401567,300.3636685250908,4,SE
202426,299.072173871004,300.2376571194677,4,SE
202427,300.922884881256,299.8728471177644,4,SE
202428,300.297413561495,300.1851456917804,4,SE
202429,300.409534376896,299.96973995416846,4,SE
202430,298.032308398516,299.099230662844,4,SE
202431,300.926551238613,298.8665323670187,4,SE
202432,296.708873800217,298.42360169932243,4,SE
202433,296.219651392991,297.3844214158757,4,SE
202434,297.835764284395,296.17801693375003,4,SE
202435,296.647594722436,295.3726831939718,4,SE
202436,296.331575793918,293.8835429280375,4,SE
202437,293.146198609214,292.28779764879,4,SE
202438,288.408729704762,290.9014817940846,4,SE
202439,292.957811961667,289.2721059821276,4,SE
202440,292.810191621085,287.974736472052,4,SE
202441,293.201446281223,287.2022428919985,4,SE
202442,288.431628927407,285.8932231120593,4,SE
202443,285.754061415599,284.41212276744153,4,SE
202444,283.20111366628,282.9398237182743,4,SE
202445,277.906666008097,282.17273060322924,4,SE
202446,283.380971661445,281.61455691463425,4,SE
202447,282.789121331898,280.6853206550775,4,SE
202448,283.868366501519,279.9250443332065,4,SE
202106,271.159398945325,272.0376379382924,4,NE
202107,272.629212317511,273.94359339406276,4,NE
202108,279.055097150751,274.9428016447475,4,NE
202109,279.43644528147,276.50478240346655,4,NE
202110,278.570493384993,277.98066095512036,4,NE
202111,283.444996592143,279.57799417459796,4,NE
202112,278.367440444078,281.25652879562944,4,NE
202113,282.2464191292,282.04053441374856,4,NE
202114,283.173040571024,283.7869260392101,4,NE
202115,281.506759977617,285.76603518944864,4,NE
202116,289.015327023101,287.2440129622458,4,NE
202117,291.298293533031,288.795999940328,4,NE
202118,285.484649431729,290.1729498783465,4,NE
202119,294.647669223768,291.05816701885067,4,NE
202120,290.316227614843,292.3454441988821,4,NE
202121,292.045201699988,293.1361453123636,4,NE
202122,295.908665807429,293.8498855941907,4,NE
202123,292.072529994079,294.4859688924077,4,NE
202124,293.985433314445,294.7714108971108,4,NE
202125,293.943323772729,294.6895931830948,4,NE
202126,293.653568818856,294.75013638119566,4,NE
202127,291.518541492235,295.21429391709734,4,NE
202128,296.221734209487,295.17292782319765,4,NE
202129,295.026348819789,294.04738951959877,4,NE
202130,296.608310415598,294.2536686831951,4,NE
202131,293.342830130824,293.0037433736211,4,NE
202132,290.91930175009,292.7683908040624,4,NE
202133,291.229988777272,291.1219694762777,4,NE
202134,291.438667325928,289.82607369657023,4,NE
202135,287.807323106781,288.55508883819834,4,NE
202136,287.949590869986,287.1212752592952,4,NE
202137,289.273503541387,285.72927697826515,4,NE
202138,286.114756855182,283.8796038935139,4,NE
202139,282.179023940165,282.16193471313153,4,NE
202140,280.030759001525,280.49920330749677,4,NE
202141,280.006148069102,279.2064989313989,4,NE
202142,277.904806373316,277.58408873860066,4,NE
202143,274.562878166407,275.6679637101914,4,NE
202144,272.697009215,273.9230303802232,4,NE
202145,272.406904782688,273.12589562417025,4,NE
202146,275.822637809786,271.342829828554,4,NE
202147,271.725755456232,270.25652609109164,4,NE
202148,272.530231851491,269.63335965332374,4,NE
202149,270.285631703717,268.66502764262225,4,NE
202150,266.436010204157,268.97199489978476,4,NE
202151,263.561324924031,267.69027505105527,4,NE
202152,263.314703688283,268.0730999957038,4,NE
202201,265.821942498787,267.833692700682,4,NE
202202,268.616493118617,268.7282396151648,4,NE
202203,269.119907092537,269.08885303710656,4,NE
202204,270.367520673408,270.24740576413484,4,NE
202205,267.381591835228,270.64925109292045,4,NE
202206,274.480839542553,272.0378780018741,4,NE
202207,275.677364824956,272.8706568788015,4,NE
202208,277.356848676743,274.3237855669744,4,NE
202209,273.383713288328,276.5168869463093,4,NE
202210,277.491865560832,277.4537532416798,4,NE
202211,281.056857067391,279.37540026275775,4,NE
202212,278.047559801492,280.98613965985385,4,NE
202213,280.375963328851,282.728321516942,4,NE
202214,282.850604584394,284.42199561442186,4,NE
202215,285.844255608218,285.44350703785483,4,NE
202216,288.205509181237,286.84452659597923,4,NE
202217,289.252242446392,288.34430927085776,4,NE
202218,291.025239272953,289.9309486926652,4,NE
202219,289.552280704299,290.8687044542501,4,NE
202220,292.270068677999,291.8858398699139,4,NE
202221,289.476500174039,292.85364254608277,4,NE
202222,293.827992979969,293.42494727175523,4,NE
202223,293.656851498599,293.9019476870178,4,NE
202224,293.643619923471,294.64664884379846,4,NE
202225,296.5210955737,294.8117856682345,4,NE
202226,296.122578515737,294.62239570223494,4,NE
202227,295.683713752388,294.542807353541,4,NE
202228,295.711640889671,294.42304064061267,4,NE
202229,293.164484825489,294.2691581674531,4,NE
202230,294.81512208981,293.3059004893321,4,NE
202231,293.682547298838,292.53483536376206,4,NE
202232,292.08846135425,291.7519919536196,4,NE
202233,291.333915369299,290.5726223296553,4,NE
202234,288.929571562513,289.36061364211787,4,NE
202235,285.41778968924,288.1885539361187,4,NE
202236,284.694290249616,286.38455699049916,4,NE
202237,283.730053422591,285.2321425142374,4,NE
202238,282.135670634068,283.57014109768033,4,NE
202239,284.968382874387,281.61620285253764,4,NE
202240,284.136655382136,280.03441811360483,4,NE
202241,284.461426874849,278.8102133657209,4,NE
202242,275.563120975709,276.4789071552203,4,NE
202243,272.786476456908,275.34228446512884,4,NE
202244,275.05510505158,273.9882378756982,4,NE
202245,276.026313282222,272.4207968428722,4,NE
202246,270.251126634664,270.94079894798864,4,NE
202247,270.820773891895,270.02572389025346,4,NE
202248,269.696001187887,268.70834281614077,4,NE
202249,276.145075190422,268.3750343946757,4,NE
202250,270.570556892165,268.40100046445326,4,NE
202251,270.725675516625,267.33931208837527,4,NE
202252,270.623883716089,267.81256649691227,4,NE
202301,265.342005170457,267.86799785077716,4,NE
202302,272.212067955122,268.09368075255037,4,NE
202303,274.676943229093,269.3996286102619,4,NE
202304,270.97193724589,269.4798838168234,4,NE
202305,271.30505172213,271.4055729152854,4,NE
202306,271.978289538475,271.47580529196955,4,NE
202307,273.510263059382,273.5759353930134,4,NE
202308,274.859866747044,273.8165045923561,4,NE
202309,275.966591985521,275.85958913742587,4,NE
202310,277.9192516711,276.89661448518524,4,NE
202311,284.986942819537,278.79203346393297,4,NE
202312,282.492193656848,280.54312014244454,4,NE
202313,280.49688193784,281.5507586165009,4,NE
202314,281.212527859337,283.8162445343817,4,NE
202315,287.305082609705,285.8640494847532,4,NE
202316,284.239460798116,286.46760956989067,4,NE
202317,286.372473826573,288.00239911252373,4,NE
202318,291.774865685511,289.1583604786996,4,NE
202319,286.34147391877,290.9399815307193,4,NE
202320,290.086390437906,291.6916389898273,4,NE
202321,291.147472985663,292.8886591538848,4,NE
202322,293.323781777725,293.5663028856128,4,NE
202323,295.889891447498,294.3008139014676,4,NE
202324,295.133770487797,294.1973082267027,4,NE
202325,294.831801555672,294.8298205754469,4,NE
202326,295.73538451736,294.875070292587,4,NE
202327,291.932452171776,294.7722612398773,4,NE
202328,293.34196704907,294.5142931136487,4,NE
202329,293.20920904091,293.95121852017803,4,NE
202330,292.661516189846,293.6618663694845,4,NE
202331,291.484403403004,292.55712599616635,4,NE
202332,296.220986972103,292.56296420211413,4,NE
202333,290.774468561615,290.8833345809797,4,NE
202334,288.45506165788,289.43099405609746,4,NE
202335,287.479004413289,288.1736717801059,4,NE
202336,291.21303695113,286.7930784861711,4,NE
202337,283.308625167789,285.5778432392845,4,NE
202338,283.405714022139,283.7857970995333,4,NE
202339,285.58053710437,281.8434310723056,4,NE
202340,277.726438171173,280.12716310645186,4,NE
202341,278.206042012872,278.5364413670407,4,NE
202342,277.165711844317,277.5125765837896,4,NE
202343,273.613269287712,275.3423500266917,4,NE
202344,273.533588322212,273.90043066810495,4,NE
202345,272.757444098737,273.06682033191913,4,NE
202346,273.982309527289,271.54873497715573,4,NE
202347,273.241611514812,269.9250125691199,4,NE
202348,275.834086676295,269.55931499454033,4,NE
202349,269.688523411662,268.6927206821114,4,NE
202350,272.134459709214,268.03467272466474,4,NE
202351,263.848140321409,268.3304717186931,4,NE
202352,272.432346134652,268.501649603763,4,NE
202401,270.696594707257,268.7401075752776,4,NE
202402,273.628811402461,268.5412051550513,4,NE
202403,269.135510692025,268.5878863622597,4,NE
202404,269.80616322348,270.30324741080585,4,NE
202405,275.160748647266,271.3012196312099,4,NE
202406,277.607825670753,272.63957842160374,4,NE
202407,277.982123726754,272.73230197121205,4,NE
202408,271.294443480173,274.3813060008992,4,NE
202409,275.732365297571,275.43288956378507,4,NE
202410,276.299027885207,277.92843774893163,4,NE
202411,282.603986398696,278.79309460883707,4,NE
202412,281.29902076528,280.22449550315304,4,NE
202413,280.193394707989,282.0764970721186,4,NE
202414,285.582776104167,284.0010921313772,4,NE
202415,285.020808910222,284.64975960067306,4,NE
202416,288.227615648812,285.71714916961577,4,NE
202417,291.958196001878,287.98738503727293,4,NE
202418,289.190797361705,289.5062735566393,4,NE
202419,291.913357710668,290.5930928750128,4,NE
202420,290.0459205515,291.1573078279849,4,NE
202421,296.022237252463,292.4395197373887,4,NE
202422,292.973746085704,293.15747180894715,4,NE
202423,294.673496296667,293.2448130534484,4,NE
202424,296.984318058709,293.8263773158667,4,NE
202425,295.594377312129,294.2887675680273,4,NE
202426,294.290329076456,294.1763790119511,4,NE
202427,296.639688189338,294.09581041137017,4,NE
202428,293.644743790849,293.75726104161856,4,NE
202429,293.329975420298,293.5666008666462,4,NE
202430,290.99089306992,293.03041932677536,4,NE
202431,293.727364510484,291.85570867272133,4,NE
202432,289.650402634079,291.31057333746315,4,NE
202433,291.366682181917,290.3285956717787,4,NE
202434,292.351033030765,289.1437546911992,4,NE
202435,289.077608847444,288.0627346074776,4,NE
202436,288.433471803944,285.83338652504665,4,NE
202437,283.989401241584,284.9086454572781,4,NE
202438,281.686598670961,283.22339750918604,4,NE
202439,284.866122003663,281.39023501812835,4,NE
202440,282.818073873509,279.85570804635495,4,NE
202441,282.406427130836,278.16518249841926,4,NE
202442,277.774839135975,276.26852854753946,4,NE
202443,278.211800378169,274.9627099230799,4,NE
202444,273.972124405391,273.9557642322608,4,NE
202445,270.273173634204,272.81179042269224,4,NE
202446,271.626280094375,271.2530292175378,4,NE
202447,271.079631750401,269.35155547733495,4,NE
202448,271.777793472733,268.5973958541369,4,NE
