Date,W,SW,MW,SE,NE
198001,1.0377918705142974,0.701990234442917,0.28070558688955316,-1.7040546605896338,-1.3972839469537348
198002,0.7027090610278037,2.5914400518675507,-1.2861900858612785,1.5907803752809286,1.6866902410981197
198003,0.14380138584272117,3.6289617361347837,4.487431043401216,4.845282227422842,4.55288457851367
198004,-3.14018124402196,-1.0750654212272366,-3.1950643298268915,0.83860087998778,-1.2254428255766356
198005,-1.0238351824094138,-1.4206589302745556,-4.888593666810323,-6.223711191786094,-5.890222080162687
198006,0.219512267663049,-2.249435419709698,-1.4539637369250045,-4.964850472177716,-2.1916665758386102
198007,-0.06804908061559445,-1.5542578145355037,-3.8907482425099147,-3.314091326932953,-1.467903961331217
198008,1.2759045302674394,2.428502031162054,1.4582226683443764,3.7338296030512197,2.9902781845192976
198009,2.8922941203956043,-1.3710884716958276,-6.08911619975521,-6.906758185084868,-8.223334652618291
198010,-1.248926510697288,0.6205317721169763,-3.882917528212886,1.1377124181603335,1.3520475055112229
198011,-1.0741228712868747,0.22966893926934517,-1.8449389095229094,-0.8437802308181972,-3.5751001389027124
198012,-1.3577525558085313,-1.8369014669410717,-0.5020552041054884,-0.7426502234004033,2.2329625404618696
198013,-3.266445850612115,-3.334941040503111,-1.6114605770355865,-0.5455108977224654,1.599655316886583
198014,-2.774034621491694,-1.1827466905493225,1.0050030806433483,0.1464000589659804,1.6434719008182128
198015,-0.48241834188360144,-3.6976321247910846,-2.9716009811478443,-0.09261748659690738,2.6191984200082743
198016,4.680363272965906,1.2573456283762425,3.3200537906965337,-1.700753609218566,-0.17046008115994482
198017,2.0276053239991256,-2.2807310654172284,0.7318914979381361,0.23042783908329056,-0.2715406290699889
198018,2.4497210951444686,-1.3124520338176922,4.25563060098068,-1.1005617245351687,1.2992431432303988
198019,-1.63620649634737,-0.7690430242731168,-2.4204225914191966,-0.9284522626066405,-0.9985687577939757
198020,-0.9452899404277559,-2.5378299031298184,-1.9277807630924144,0.08680112549507157,0.17749740806453929
198021,-0.7178560457709295,-1.0166584271063925,3.523654151583287,-0.14913941028663658,1.7321821339060648
198022,-2.8704605695123178,-0.3391184686902875,1.8319537089909659,0.5424783585416435,-0.16444565936433264
198023,-2.065472584437714,1.433341687118741,0.29554949538595565,0.6429489000065018,-1.9868677254884233
198024,-0.5614084481423447,1.4523759413774542,-0.3844277909411744,-1.2405321809112024,-3.9174100854988865
198025,1.1895370761765207,2.7577469719692544,-1.1196641384995587,-1.1884056506463025,-2.490295808621397
198026,0.060148466329906114,4.682725461511268,1.9898950741376211,0.6662852225274492,0.761757709788867
198027,-0.31880372589660055,3.03279046452667,2.142126805128214,2.0231102103472836,-1.1014129608055327
198028,-0.009965513628742428,2.4655707872038306,4.586064481954622,3.384876711472714,-0.9737002532808674
198029,0.21784462998567733,2.982910033101632,3.1034347235072346,2.9055187582702615,3.2149990026494493
198030,2.8745680503942594,1.753129450787867,-0.04325959562913795,-0.4180840050353254,1.0474718509637455
198031,1.0433845345988288,1.9094442542146908,2.458758069123917,1.9635883791169704,1.6065751455601003
198032,0.24264687807306018,1.1229032423170224,1.856937178296164,2.6726182358900132,2.8273119036163052
198033,-1.4774445640228464,-0.754982901058554,-0.8813024575666191,1.5734413333451585,-0.6226159899968593
198034,-2.2479025544241154,0.14133682058047725,1.8441043179785765,1.5543605477533902,0.9915869386792338
198035,-2.912543753170496,0.7699244717485954,0.7280528754374131,1.5190990218595743,3.9805140929569234
198036,0.3817182228928573,0.8100615705142786,2.859507669656125,2.6846654577873323,2.3509761385611796
198037,-1.2301437910977597,0.5878983630549328,0.054917465423443446,2.9854793309744423,-0.09856965322143196
198038,-1.2436161849119571,2.6567241503117316,-0.657962092783805,2.9047070274768885,1.3001830158710845
198039,1.6965624792343874,-0.4561085804513709,-2.06838970151324,0.6154331392519907,-2.0307627111398006
198040,5.930173686609805,1.9179995504599674,-0.636725673989929,-2.6313679391232085,-0.354670258880617
198041,3.9576321779275077,2.203986169432369,1.0802566196530279,-0.03721941017374775,-1.7879522005631543
198042,-2.30719049321101,-0.6934298797739302,-0.5602083070046433,1.5234089366442163,0.10106392677857912
198043,-1.2042063801242193,-1.1265013230860177,-2.910352689037211,-1.535552105706131,-3.1532272986378302
198044,2.260406333835249,-1.6742597828416592,-0.7213949704350853,-1.5111481033583232,-3.307313376895081
198045,5.615126773959901,5.622110169755786,3.8944522939250987,2.312773632518031,0.12554223401747322
198046,-1.529729100099587,-0.8882138750998365,-0.8696997539431095,0.262480237837849,-3.0382621091359283
198047,0.46829783632136923,-3.989820597988569,0.14290133278518624,-3.3275879105378863,-1.8868359691222167
198048,1.5765167314691553,-1.728140247772501,0.687276497370874,-2.6787863384503225,0.1461990439671581
198049,-0.5153370704176723,3.0084926443966538,0.2948350578047325,2.48866272658654,-0.8670962540774667
198050,2.6862711611087775,0.10981896860596407,-0.5592170013886744,0.6888755422483541,-2.642732261843321
198051,4.724744514228291,1.0901662033432444,-2.636749185558699,-3.5128970051066517,-6.2706263311271755
198052,6.8918868598943845,2.96554359491239,0.4594745917761429,-3.2973225652571045,-4.208061366734739
198101,4.398525978674343,2.7412008034414157,-2.368498251798485,-3.590555344570987,-8.058983933798231
198102,3.9450253900927805,0.658008639919899,-1.9062412264648856,-6.407670026117955,-9.43952426603363
198103,4.008589803730615,-1.7899463267483497,1.3392871217610605,-2.8623352094071493,-3.012834479731225
198104,3.031679567627748,3.27438372219126,5.946209372352882,1.5873707067257214,2.593157677146337
198105,-1.355911052396607,-1.223753117253466,-4.2617279862737405,-2.835249649766922,-2.1307528820147468
198106,-2.7747512173921223,-1.5459223520030605,-5.560997840228254,-2.1581058048078603,0.4202868470098906
198107,4.607539958287134,1.492742187084275,3.7977502587872323,-0.6487254005671161,3.345057523599394
198108,3.7770659693459834,4.800011952240368,7.127160696551869,3.9544558068071183,10.062131645556121
198109,1.715398123365901,2.27889025266046,2.3593082924351165,2.3284163582492283,2.2663687965199983
198110,1.6078270540155586,-2.3102104335959552,-0.10750929279771526,-2.1012050091830474,1.3443629132483466
198111,1.8548533733040244,-0.39827366544096776,1.447046236001313,-1.3124280305029856,-1.8882747694196382
198112,0.9760577271931652,-1.0284348651225628,0.522732136024672,-4.449352852575373,-1.230869900818675
198113,-0.07481901609645547,0.972223813246444,4.947674962856411,2.8585876105571515,4.901454557140028
198114,-1.428589443852161,0.6236930806493888,3.1538018060687705,1.8409228089430485,4.827473561468196
198115,0.9866939064647227,2.910931028808477,3.219603399498851,3.851408239631212,1.8460343401685009
198116,2.2994156992240846,1.7926177125694949,1.5692475537726978,2.028240178383612,-2.173718022540527
198117,3.6884402285118085,2.3667284848503414,2.7005553451392075,2.0547364788850473,0.04243366001441018
198118,1.8672074984390292,1.2516753190830059,0.4512309140885691,0.4382402089833022,0.7724850513225192
198119,-1.681654336365284,-1.3288835609970988,-3.8734706492906525,-2.3044511255096154,-0.9469156863040098
198120,-1.9666159953877695,-2.3483158040025955,-2.5363145403987915,-1.7227286773148762,-2.2855334560255756
198121,0.027658166265382533,-0.18783017796187096,0.18368184935405907,-0.4875685804037744,2.424528678930244
198122,1.1748368481291322,-0.4271837154865352,-0.1996053886811069,0.9969388196261093,0.7156193324172477
198123,1.5621592189856415,2.254574597416081,1.540187992035328,1.7800234525352607,0.7450424291518516
198124,-2.72477292914175,-0.49406335108920985,-0.07760359685573803,2.0890304114460037,1.624853267969172
198125,1.0480774210034838,2.5507536279109218,-1.4815441663769775,1.891277888175125,0.02950368036687223
198126,2.0280135113265487,0.12462220423140025,-0.15213345223486385,-0.13121825983807867,-0.7673570598622632
198127,1.5437375477579849,0.3203827044392824,1.5712299451137142,-0.5158691217898763,1.519156241871201
198128,0.07635530429195114,-0.2031816501847743,2.425243825904147,2.4579741150278664,1.590118020926468
198129,0.7695813263462696,1.3632633281459334,0.07107071000137921,1.8508997161017646,0.4964628078344049
198130,-0.3975370718952149,0.23942966191964388,-2.7824737542797493,1.4575667853524124,-2.0534429563957133
198131,-0.14853624765390805,0.24487240310537572,0.2439917270680212,-0.4918713925903262,0.24504446128310065
198132,1.60369268275997,-1.3830784188025973,-1.2961516085528046,0.2889317597578156,0.17680461685728233
198133,1.2053038439972283,-1.7846858001283863,-1.7132846006790032,-0.3166939486791307,-1.479276641986246
198134,1.4409524050863638,-0.18843190679541522,-0.1738328696507665,-1.7601783873383852,-0.6358607058228927
198135,0.8992604482957063,0.26254173188965524,-0.0864693431853425,-0.21296264671087783,0.6252242787617206
198136,0.6368357612989826,-1.408517894175361,-1.173942350532002,-0.31481566987395126,0.03818707489284634
198137,3.1196517143949904,0.20764075128408876,0.8852831067044917,0.6763841293484347,0.4050165845246738
198138,1.6367453524177336,-1.0338826476664735,-2.4385053818916163,-3.2594683808515583,-3.3655853426265594
198139,-1.294201912688436,2.371962328175698,-0.25463946935025206,0.7771204863244634,-2.9271083416840042
198140,-1.5753096951004295,0.4681610527644011,-2.526319526578334,0.08440898436975885,-3.729738282459266
198141,-4.089843149849287,0.26010978504842797,-0.1918474777507413,-1.479931521209835,-3.9880315302639815
198142,-0.8909971654341575,-0.10872940456044944,-1.3242055356327,-0.5422595829577972,-1.7957654170164687
198143,0.5074451727757605,-2.878598174605031,-4.317831293494692,-1.567826323022814,-0.18524581178917288
198144,1.5096385905277998,-0.18825717333197645,4.7140236310480645,2.20035685004774,-0.05441298164731734
198145,3.3669174839363905,0.315666697353322,1.4402163714619292,0.6120973051274063,-0.2164260629363639
198146,4.054113144677046,4.536168587993473,4.980221102117241,0.04380870329714526,0.38695126412432046
198147,1.6796555318805417,2.450428105867502,-0.43064194985799986,-1.7577789184453536,-1.2083481574237567
198148,-1.9232222420102403,0.13749176280043685,0.5442497551825909,1.9467540334117075,-0.7363320321261995
198149,4.4709211101588835,3.31426391916159,1.965353469612353,-1.021932249212398,0.185201220660133
198150,2.4206165807900106,2.4929546653211787,-0.8650775651865956,-3.9988737936507164,-1.3020058025725803
198151,1.1023499837248778,-0.3996496383713861,-2.886013657646515,-3.954548098555449,-3.202694819446151
198152,-1.8958152006559317,-0.5048463799719798,-1.6858026403904205,-0.2513434080839261,0.5330914367043533
198201,-5.832835625617747,0.39753411278258,-5.0453404087634794,3.200555916320752,1.1583584749029683
198202,-2.7165273064808275,-5.280304811152689,-11.038055929236862,-8.337860442943736,-9.128181344706036
198203,-2.03541690431706,1.1957320075471785,-7.163067566836105,-2.2107244295019086,-8.407488755724103
198204,-0.7828738950555021,2.060622963460389,-4.38707642668038,-1.0863251413657053,-7.384075459092969
198205,-3.804517882324035,-2.2240101824187377,-6.335179247583369,2.111186382590688,1.9544140076077952
198206,-7.864363992650624,-5.829006073130529,-9.577491222342474,-2.2761405926918883,-2.784755413238031
198207,2.374042371116957,1.3003237716151261,1.184356957228033,1.8015680801370877,-0.9774470451477555
198208,2.5400405193412894,4.091647966514984,3.1003434413809714,2.1169428265124566,-0.6641546255954154
198209,0.8794890612378481,-0.37382241672446526,-1.7408443255723682,-1.480295101607112,-5.263031828172586
198210,0.44945191132467244,-0.5951616342971988,-4.427919405498642,-1.0907168244348213,-1.3434437424911039
198211,-1.1090746725528788,3.5832968009185606,3.0442589409968264,5.946800170468805,1.8576323129835828
198212,-2.4589896032820775,-0.03324109882993298,-0.6993067353828906,3.3342361660281767,1.5998885352125853
198213,-1.9259258501749628,-1.7039375849187763,-0.9341733875948535,-2.1454782423723486,-1.5609781212695566
198214,-5.234406345399691,-0.35139907658629,-6.521407880123149,-2.0440202999515122,-6.674086593858817
198215,-0.6797517014140908,1.3687969216961733,-0.2693942628538366,-1.6156375624520933,-3.005969707726308
198216,-3.364460443239466,-2.1105300265161873,-1.324845769544254,0.27578875607878217,1.3117971815801184
198217,0.7227165671810667,-1.6528820474846952,-0.47547788571625915,-1.9599609362242063,0.8580410193395096
198218,0.47349981331524305,-1.1543415561816346,2.571097654881271,0.39605677761932156,1.534486786706509
198219,-3.024955361796799,-2.0249061522656007,0.9114871637055444,0.47451504115161924,1.7120491426732656
198220,-0.6368668721754602,-0.39709076272248467,1.8801445241305714,1.7461925018181432,2.002844532650215
198221,1.1580410934190581,-0.1730432799100754,-1.1787239295894096,1.063661548075629,-0.42761440059632605
198222,-3.5685259979890134,-0.6750197765242092,-2.4607739553084684,1.4854307862108271,1.3772133144523195
198223,-3.2749842298836143,0.184082313005149,-2.3638229810892994,0.4693604481063858,-1.8394913476586225
198224,0.38444239148742554,-0.5735987707047343,-2.592147283300335,-0.6467629056905935,-2.435306585921694
198225,0.9153076632551347,-0.7837615078366866,-3.3589843551103513,-1.0836782014747541,-2.604650753630267
198226,-0.7537255418441191,0.1658317392278832,-1.9984415852359234,-0.629682418029347,-1.4100098885651846
198227,-3.449241694190846,-0.806295892173921,0.6638173513975403,0.28829403678236076,-1.442779856704533
198228,-0.35973932839226563,0.5894198182807031,-0.30795338975320874,-0.0652840720137533,1.1621770357412515
198229,-0.1532445508854039,1.0730917507939353,1.3100509698531368,0.4823247391144605,2.0520218201860985
198230,-0.10353363239107694,0.08865717586149913,0.142323485066413,0.3745685730432342,0.0797039164494322
198231,-0.7303740207918281,-0.2571287022614115,1.3648970571476866,-0.0067272851856046145,-0.4914845962138088
198232,-0.05579204313232822,-0.36009878515551463,-1.9860433249019138,-0.6530228652630967,-0.8407878005519365
198233,0.12839747927529288,0.949364820093308,0.748541057649561,-0.8633768684405823,-0.6747180586531272
198234,1.5170716656762124,0.6132458416591362,-0.9934572209829184,0.26349677594907917,-2.0349919588650778
198235,0.2626573726163315,2.0976905380552466,-1.3790418932578632,0.20349593910373187,-2.268330952988663
198236,1.95720814548514,0.9716452644494211,-0.1385412305676823,-0.9688778838092276,-1.3407453608085689
198237,-5.507982566223632,-0.3954258063273528,-0.4151900993348363,1.2102678598941452,3.2483585006242492
198238,-0.1597001709368442,-0.3687352594701565,-3.2545501089173854,-1.5733302993820075,-1.9574195671809775
198239,-2.9389428068471943,1.1264179500402633,-0.32364797290671277,-1.443919576311714,0.6948597989591576
198240,-3.6495030592229227,2.010073357576971,1.2269854564013372,2.870030992722718,2.3639730821877265
198241,-2.3313620710538885,-3.316812987356627,-0.9252120842792806,1.6232199748073413,0.20688699899494623
198242,-0.2143710913953214,0.46209860677919323,-1.2163269075206244,-1.5870328368545188,-0.9785195266360347
198243,1.296599082983903,0.46622105084389887,1.6092265545708528,-3.580388511556748,-1.6711092682403432
198244,-1.835621318892379,0.3076126747931198,1.5491818259542356,3.409236949245212,7.497458550595184
198245,-1.3423793370562294,1.7555461393006908,-0.10955194837896443,-1.463533789022847,0.34699900453097143
198246,-1.7592471845263162,-2.297992267681707,-2.8597391440708293,-1.7832574386111446,0.5719587490706317
198247,-2.820010472201659,0.6494110470623582,0.7514599454757445,3.791912426514102,4.297916278920525
198248,0.3149186520813032,-0.5819738780367629,2.754397536713043,5.173248553243923,1.850865849296497
198249,-0.2780096240495027,-0.737657911629185,1.9585635956663623,5.133138907060868,7.523223471417566
198250,0.7857678948226408,-1.934653061486415,-0.884962440372135,-1.81186381224677,-1.66262486765811
198251,2.986552489073631,4.4413839548832925,4.903078697899048,0.037417648998484765,-0.6163425977095471
198252,-4.2141673935227,-3.4209402191595473,2.1207569560163506,5.906312690434561,7.391674699736939
198301,1.9602764379000632,-1.2257909729035532,2.6849816582690664,0.3180796229125349,2.61572367228581
198302,3.961126501372007,3.2699436554756858,3.8304120412640827,1.2754949302013756,3.427883734254351
198303,1.6832949112335882,-0.6085310643759385,-1.275201106458269,-4.105246619436173,-3.64929552342403
198304,1.373341701124275,-0.6484661940227738,0.8662786966626754,-0.8561154823219681,2.6354181683287834
198305,-1.563385323002251,-1.1079337563950844,-0.28805116247497153,1.9281874688904281,5.544952859691307
198306,-0.05824238358070488,-0.5907629720857699,-0.8193190447260008,-1.9876951494457558,-3.823292253947443
198307,3.2502229482325333,1.7777141976332018,5.303091410654815,-0.19875045435338734,1.390455258327279
198308,3.204659750164467,1.9242521356677003,5.045893110960549,3.159989181791957,4.29777382622251
198309,2.8223298889229795,2.264650297332537,7.188626586113571,1.1244008937126182,3.876746356771662
198310,2.7540615915520448,1.0020290038484632,2.3806006041135674,2.142701856116105,4.645755584549477
198311,0.309608825563771,0.11495775162313748,2.137414581073415,0.15550800065892645,3.4153873274891566
198312,-2.8033927144337554,-5.183237478191188,-4.9429325096975845,-4.065368836196342,-0.5035794868610992
198313,-1.2998846666370696,-1.3774636199967745,-1.3280030709868242,-2.946762460704065,-2.25737979156105
198314,-3.9798416788253235,-6.220717127377952,-2.3966955631697715,0.6518183397866437,2.130649495064347
198315,-4.014767978478119,-4.0014732964475,-2.5487697880955693,-0.6898686862373893,0.7196669807270268
198316,0.9203245060571135,-1.5385803555603843,-3.4908942790578408,-6.330785911997566,-3.2722698364873395
198317,-1.7443938843999263,0.30987297771980593,0.6996606044685336,-1.0808920916279021,1.5404460329515928
198318,-2.1815197806331525,-0.30688967965937763,-0.5684581995197391,0.3104748082744777,3.2388637277815064
198319,-4.0658334851597715,-0.37266160634192147,-1.1303902569442243,-0.8568423193046897,-2.110800443654057
198320,-3.169337530200721,-3.1296215315970244,-4.019280255900981,-1.177040402558987,-1.8442841458128214
198321,4.267462910411837,0.5582637082633255,-1.112017602632477,-0.6462559155073109,-0.8054550766593138
198322,1.0589215726606085,-1.021353490763488,-2.990170424198652,-1.637699489996578,-2.231398639527754
198323,0.2740802762707517,-1.204256220546938,-1.691516594598795,-1.2395702802658661,-1.4770134330345854
198324,-1.6150936152110376,-0.769343947416246,0.21098371887910616,-0.4005751127039048,4.0832617806868825
198325,-0.9870916696858671,1.146206737693035,2.0068264815388943,-0.6055430066645613,2.9585945733213634
198326,-1.7343777089610057,0.3148320515509795,0.5792702237736762,0.2202188157417595,-0.39965687403645234
198327,-0.8648258492017362,0.779417330001138,0.05585590765326742,-0.4121820915518697,1.3975308052840774
198328,-1.2618181973413698,-0.17389342699829058,3.036381208481373,1.1817315581610046,-0.051485575614606205
198329,-1.2473389514155997,0.23865525550417033,3.639661581517487,2.3622692609848173,1.8601178184006812
198330,-1.1744033355219017,1.0869876367932534,2.3449033689072394,1.5910021163887222,0.8010008423236172
198331,1.592206976012676,0.7600087973615928,3.3647610595126025,0.8848066426055539,2.4382347369651143
198332,1.9034397005548271,0.07907348136416203,2.7271127045332264,1.8054916639179623,0.6363382907327946
198333,0.4127980862103868,0.8047583551973503,4.0547262692469985,0.7514923226457313,0.4667314170476402
198334,-1.1676474318817327,0.6871298540775683,4.25616842878469,4.0432833423298575,1.5181304192357743
198335,1.6993461957562204,2.6933740299012925,5.307808079693018,2.5506145388233676,2.9286585914856573
198336,-0.21342033788425852,2.5634844431392025,4.187437211458587,2.613834542626023,4.616174802182741
198337,0.9852780522941202,1.8975147129369816,-0.7490902429604489,1.436114599598568,1.1821960710699386
198338,-2.239197231224921,-0.5393647223481253,-3.356875116986828,-0.6590121373952229,1.8178376626606791
198339,-0.5658936166631747,0.5088085416229546,2.9253928441946186,-1.7758953103011663,-0.2704871375702851
198340,-1.1031675715049687,1.489775174560748,2.1820576098014612,2.1099372393136946,3.863285519611509
198341,-0.2502291492548352,0.1939126164182312,-1.3225976327696003,0.768482521958731,1.6331945974380346
198342,0.005146272536876495,1.5289658610896595,0.20347281198974088,2.5330317667196027,-1.6576066194596137
198343,3.5979321892767757,0.6227821203192434,2.8419527734588996,-0.2282078620726793,-1.5384138049631133
198344,4.809943715554368,4.324375857772111,4.2611200206058015,2.699141435348338,0.31897714428674817
198345,1.1745754245600892,1.3370298825951181,1.9223979573365568,-0.20518650751284895,1.223477460965114
198346,1.3795492290639118,2.3843799981141274,0.7121947849503272,-1.9376630961050978,-2.072737030918802
198347,-2.6492811028489314,-0.8612166367612417,2.1093739700883702,2.9186184487003857,3.2088775795453444
198348,-3.4711913744699245,-2.923918283830062,-2.6400314694936355,0.14094043497664188,0.7839742298211263
198349,-1.5723184063908207,0.2055402652301268,-3.1565290911176476,1.7593004468848221,-0.5820720541445326
198350,0.4131167956436457,0.4688641691797102,-2.4573242023284934,1.6411195791018827,3.4365209826059413
198351,-8.541264709823793,-5.902083311031788,-13.811580404020901,-3.4480538876948117,-4.549251858857531
198352,-3.795893761346406,-7.052364007949961,-10.151658693195657,-10.435686577824072,-6.386949482515206
198401,3.261834182871098,1.5797604081766963,4.296094205070972,-1.0308489400084113,1.5891447286109042
198402,-0.4956609991069172,-1.3691439798421925,-2.5807827168464996,-1.1585780162425863,-5.162996409924631
198403,-7.151895409105748,-6.511348806118065,-8.67322756883533,-4.9493703047367035,-5.278897907899932
198404,1.4724183423829231,-0.14936002680042293,2.2949315262059145,0.09875261554390136,0.2208347276550171
198405,2.098125841260128,2.217194626607636,3.835036548225048,0.7281356343237348,0.9104072882423679
198406,1.851471758189291,1.9236829423836639,1.5178704632224935,-0.9336073658419082,0.4060719155922925
198407,-0.251700051134776,2.2054592554102896,7.515638337829728,6.387222262957209,9.077183835179085
198408,-1.274315980492645,-0.8769769237108562,5.1223300232850875,2.3997567733209166,6.7684466825057825
198409,0.12381650945059164,-1.1988603581691564,-0.9116031076341642,-3.453708692862847,-2.591710984937265
198410,0.0399983271645965,-2.287264120535326,-5.071028732830314,-2.760334045632817,-5.826031855269832
198411,0.5404491034980765,3.1479655659748005,-3.4960589707812346,0.8588618500414782,-4.6464775810619585
198412,0.7214852884563356,-0.5815670010611029,-1.281234983135164,0.6344762034401583,0.31327125973206194
198413,-2.219254976646255,-1.933672012310808,-1.0487634077122152,-0.8910094242835385,-1.957670721172974
198414,-1.2956019455865544,-2.0864149890538215,0.23905988197611805,-1.482415886634385,1.6873991497780025
198415,-1.2592872676766547,0.494233086350107,1.0077641223900855,-0.14434475944955238,-0.8372443532730927
198416,0.719660990837383,-0.19026671471027612,-0.6200931536855023,-2.0053627494409625,0.12459880593564776
198417,-4.685657848588846,-1.150650830533209,0.055845263428125236,0.7619520982259473,0.050766185156533084
198418,-3.7994379895773136,-0.14889993652951716,-3.2206632428490707,0.970300263284912,0.21114951915416214
198419,-0.13967679822167156,1.610365424292354,-1.7423583185512825,-0.14206331793775462,-0.08750316069364317
198420,1.0803283048917933,0.9878259029902097,0.9080896544962798,-1.3208945353803756,-3.6482181593722203
198421,0.1657587506923619,2.724553620777101,-0.13945250450382218,0.7008359990206259,2.5254961288113122
198422,1.5909613115137518,-0.017640024219645056,-2.5275506259064286,-3.385981230358027,-2.765254732532412
198423,-4.226070756400418,-0.5799325455511735,1.6907692872343887,0.8579859449075684,3.281888178886959
198424,-1.739089570105591,0.22075723761497557,0.14127149399223526,1.5355804762523348,2.082640170553418
198425,-0.779860941652089,0.9938503601544539,1.2916438239889771,1.560065314692281,-0.15491877112583552
198426,2.0744388159428695,1.2047308265299534,-0.3125423488332899,-0.2500551459357325,-1.0213142976666632
198427,1.6576930015380071,1.0748493352546689,-0.9148735522120433,-0.32860841584090394,1.1725805261548885
198428,0.6657621694899944,0.529352843181357,1.5419818803055136,0.4403196398637874,-0.517125960354349
198429,1.3427937001761734,0.24279430744576302,0.1574785164490322,-0.8368786620599167,0.25458901325032457
198430,-0.7071826195595463,-1.4396269773294534,0.26093144398987533,-0.7560587572256168,-0.7243942252864031
198431,-0.6553468440402526,-1.2704918798990548,0.906217676335416,-2.149469546287321,1.0359960214661896
198432,0.937741589610539,-1.446830711785367,2.557059073778248,0.031300674619103575,2.709091178323604
198433,0.5519396872575157,-1.2254966341631075,2.5950206598740237,0.2917155099594311,1.795734143163429
198434,-0.4503205660132039,0.08152979833863583,-0.1498365254348073,-0.8045299793997742,-1.254131750727879
198435,0.19354037331311247,1.9413034642608409,3.6040821998078627,0.46333567498231787,1.8107720668263596
198436,-0.0012660154701507054,-0.4959298883571819,-0.6949789853472907,-1.4367053159552938,-2.5501848374374276
198437,-0.35067366077129236,2.1696826812122367,-0.3461624310494358,1.5902467131610933,0.39747180912701197
198438,2.076088607508666,0.09212932801722218,1.39660258436993,-1.6014658958642372,-1.4074147215861785
198439,-4.682023337321539,-2.322126822690734,-4.996989896733908,-0.349736285260974,0.34876396446526314
198440,0.10722541281336362,-2.1644397810756004,0.31538401825963547,-2.5997009767743293,-3.7893877464063053
198441,1.548269085355912,1.4748039392534338,4.580166715509222,2.1785178669106244,2.119234242035816
198442,-7.171961969458323,-1.6057372084031272,0.7548129156355117,4.6831885561964555,4.344795351417645
198443,-4.166005710909587,-3.5462468665008373,0.19400413534850713,5.1012153275484025,3.9242986583860215
198444,-2.387080720170843,1.8611393235439664,-1.6179537778915574,5.373972355569492,3.6553379404137445
198445,-0.5682145428788203,2.154139051843117,1.958153620701239,0.15339818340828515,0.9820402098200134
198446,0.7371877257508004,1.1445824062392376,0.03332217389339576,-2.316667519636951,1.0747150953972664
198447,0.9277917602162233,-3.3458196070644703,-0.6114903023997158,-3.4087385009019044,-2.4663188301168475
198448,-2.0155607719479463,-1.5241784141683183,3.028983352617786,1.4117200983657199,4.919658817125139
198449,-1.4993833392627494,-2.509302554621854,-2.2274482120727157,-3.18415328396469,-0.9102109539669527
198450,-0.6371669628897507,2.7316557518342393,3.799499221306519,5.253779655569758,3.7602740552731575
198451,-4.187003654904231,2.386614803793236,0.9150234415021146,8.515615800962621,5.51168016148182
198452,-1.2441384707515226,3.3899591455008817,-0.08827197287456556,6.895053379435183,3.850686779865896
198501,-0.9263692732849336,-2.627017427740725,0.39695358721974117,0.30508633372687655,1.473380705441798
198502,-2.207085388169048,-3.53526919941379,-3.1083158189608184,-3.2070137577998707,-3.799802638661106
198503,0.5541956267564387,-2.1218312574288234,-5.937856785815427,-6.036196761319275,-4.787211900127261
198504,-1.7972246553893,-1.326128483753564,-2.3880864960053714,-5.315847558358996,-1.586258806502542
198505,-10.01433266631284,-7.414220540900317,-9.362147244037885,-3.5388324352555856,-2.1843372224798827
198506,-5.348793053833219,-3.838976198911837,-5.710782151322007,-4.467193656200607,-4.9215741910537645
198507,1.2995360015822257,0.9143086158844085,-2.107816981380438,-4.292862891747916,1.9511218689488032
198508,0.8738822947592553,1.7956057694708534,4.5990978312200355,4.117287493068943,5.6544301228794325
198509,-1.4827846775577314,0.8942439174306855,1.5893132242389925,2.5322011313364214,2.014787313067245
198510,-0.9435096933110003,3.0719311259113624,2.267342811556773,2.6057871420247807,1.573594179709005
198511,1.4333229227265178,-1.018799258246304,2.0094422327698567,0.3777588413092303,0.6228138366163307
198512,0.353785811275543,0.07437798662942896,2.441140695737147,-0.8797356219455992,-1.3005346541202698
198513,-3.0626726792810928,-0.6008045570050058,1.0620627308338157,3.1786006310052244,2.5824081330159743
198514,3.0282608273871574,1.6207009839175726,-0.7947698147813185,-0.3828123657236233,0.7915486352264907
198515,6.182221819155757,2.3664885662396955,2.631981820174815,-1.1041967956867325,-1.3763212076901823
198516,-0.6839184200617296,1.8639420844423285,7.057445836034049,3.606206361311081,3.750776114483074
198517,-1.429057448179094,-0.42897393342667556,2.1212549756900785,3.6899444721250916,3.108614255056523
198518,3.5619782306818024,1.573652258087634,3.254889449513655,0.6875425649172939,0.756393754373164
198519,-0.8730857809536587,0.9500615209437342,3.6075229379421785,1.5293548218376145,1.965749881956981
198520,1.1030492132559289,-1.187245147611634,-0.36286628936079524,0.06411606032384043,0.17400411841720143
198521,2.9012907406155932,0.1600476114273306,1.02976012983612,-0.2235381072368341,1.243683491228012
198522,-2.172618296783128,1.4749865622213747,-0.8269078795719338,2.1367283883514006,0.3224162500675902
198523,1.9775036168756515,1.5486624379594787,-0.29034978722575033,2.857010832655021,-0.960609465549112
198524,2.7275298915148483,0.9829138532672914,-3.0800093630401193,-1.468317838686687,-3.126088560710002
198525,2.309563352958321,0.0213001100083261,-1.6787345844079482,-0.7004279159303337,-0.9233305412741402
198526,-0.6546339687897103,-1.1682150340831186,-1.9154436078065942,-0.9213155883818445,-3.4900170889878837
198527,5.008785982078848,0.6044799130107776,1.3531488072005118,-1.1247279300588957,0.0538294427171877
198528,3.1786279331420246,1.2182054700975868,1.7481737710621132,1.3937667256487885,0.32496255973688903
198529,0.6958315205354211,-0.7905720151142077,-0.2680077318724443,0.2526466555515299,0.48575129795318617
198530,-0.16293445712085486,-1.2293319741824007,-1.0427450249169397,-1.1213893836609259,-0.8873504283260445
198531,-2.562127450801597,0.06107490377905833,-1.7190399530371678,-0.961628802646942,-1.183558570733851
198532,-2.9461327136392583,0.8759364542749495,-0.4278377930922943,-0.1432349859308033,0.8399617296030328
198533,-2.3380649886849483,0.060372198232585106,-2.559732327768927,0.183820938079009,1.0786369304005916
198534,0.5282784119533517,1.3769379629920877,-2.881962480174707,-1.0875566654337376,-1.1954397017828455
198535,0.7681510214003993,1.9684928563794415,0.22330357498822195,-0.4718613721718157,-1.3540242629512704
198536,-3.6290829566523257,0.4698515978278692,2.548632252805703,1.8055327651521225,3.2756849207547702
198537,-3.7340124898262275,-1.0458652103592954,-2.719571711176286,-1.9958768147112664,-3.7253521218566448
198538,-4.734400097790569,-1.1879008032390175,-0.07857678150912761,-0.09926433190611306,2.83320334968181
198539,-4.041791611882729,-3.43564425100368,-6.636096021301512,-1.890545835173441,1.313215226502166
198540,-1.2929915280847695,-3.101995921787193,-4.510834603769069,-2.633165366456467,-0.3607741595501466
198541,-5.765926025683541,-0.06762352184097153,-2.051096718750614,2.8288370889459316,0.2786700365263073
198542,0.8975596389082057,-0.19055637929318436,1.4457995316022334,4.090613468604886,0.754912623245275
198543,1.4392342369870335,2.8080677870293584,4.3386119413654,3.356555827204261,2.2117892058548136
198544,1.279885042019771,-0.7405709851747702,0.7080401915218317,0.29132664832167166,-0.8472961540512074
198545,-2.8449011200954146,1.179138066876419,-1.9935015066103574,0.07963528370106587,1.8627091716729183
198546,-5.192375386334106,0.16914409063792846,-0.2549922649497489,6.646083586855923,0.4674836134620364
198547,-7.7638963611581175,-0.42332539201578356,-5.975974377828948,3.8312938317521343,1.8790915017913221
198548,-6.4138595089749515,-1.4948787042824847,-8.760176516020579,4.625846463535652,-0.27762213625817367
198549,-0.02180124696207031,0.052111565949076066,-3.6530128561248603,-2.9230880655609894,-1.9843995738318654
198550,-5.073627548332354,-5.4278440074597825,-7.194530903065868,-0.5887803727211463,-0.5734631804413084
198551,1.5727590520090189,-0.19946798817187528,-5.658576573056507,-5.29997902181924,-4.831336393352217
198552,0.3041656728332782,0.9245385329446094,-4.205139961344173,-3.8171155371956047,-1.999866348720957
198601,0.5667151069384886,0.2891352991669578,-2.620780232224888,-0.7533276690433581,-1.1350810980290476
198602,4.450724064011695,0.36595604984978536,2.4095068376665267,-2.4975149014151725,-1.631874516290111
198603,3.8646585076360793,5.556664594054553,6.405769575125021,2.9939063147027127,3.188944321428835
198604,2.1637395829924344,1.8441697804520913,-0.9173029440891014,-2.406270166807303,1.2007769418539738
198605,3.367327444489888,5.436701856011325,3.3719122948592144,3.000538305759278,-1.700866634508884
198606,-5.079836359322371,-4.733298169307886,-3.37937124640041,1.910992712126756,-1.5210218710672052
198607,-0.32472265614103435,1.2248506743669623,-3.2374242865676024,-2.3533438151114296,-2.080269733430896
198608,2.4162960317507896,4.044994963230522,-1.6118659111214129,2.1882668394903817,0.7986461353968934
198609,6.534891458034508,3.8281247974436496,1.3327918926422058,-3.0897195269146778,-3.279689845874884
198610,3.3625191332923237,3.1696166186019354,-0.2038404646360732,-0.22274552913489742,-1.9583886554397054
198611,-1.5733204148784807,-0.8789456483642084,1.5269590226302512,3.259747401603306,1.9482686517864067
198612,2.698085097516639,-0.6512095577597279,-0.756160538575898,-2.951330226061998,-1.6606799357910518
198613,5.291211926060441,3.974560257133078,6.867995162529894,3.102695924885097,7.072244703665547
198614,0.6751129627666046,2.529872420401375,3.6196494638168133,4.505919763927977,2.672373230169967
198615,-1.4196698046513916,0.5957885407602816,-1.280801107535126,-0.8907312128164904,-1.0514225600967393
198616,0.45769064545061156,-0.41378257941499896,-1.8363415767897777,-2.7592267088459153,1.5329496507387717
198617,-2.3340083329932213,1.0812344374999725,2.2449057045544123,0.07900426807276517,2.6073038734079432
198618,-0.5142394862365336,1.3359941887404716,1.0730070875740125,0.17417905563138447,-0.977012029989794
198619,-3.7459265950689655,0.07134996273174465,1.5277939203012352,1.4699964475369143,-0.11123863821626401
198620,-0.520410524760905,-1.3775223132986412,-1.494611347306261,0.17073256129054926,3.349618769346762
198621,0.6518321403993355,-0.15307021436899504,-2.129278524453923,-1.1907673777212722,0.5359530630009317
198622,5.227344888838616,-2.038730840516962,0.8965287819882519,1.0874047739257549,0.7906189976533824
198623,0.569186033054109,0.013169112903995028,-0.1826166969843257,1.0740344649308895,-0.039596420567363566
198624,2.850091793500667,0.7889452293769068,-0.9108729915346885,0.7805146394401845,-0.5545305396469189
198625,1.128785337571287,-0.545954839765102,0.4941742065651056,0.6868427661324858,-1.9557671165498505
198626,1.8864319242872511,-0.03944094731042469,-0.2283031236946158,0.8688215363717973,-2.7127342426396694
198627,-1.3286265189585151,-0.7264720718920898,0.07291999295989626,0.7265090902440079,-0.7263102537709756
198628,-1.4517842881338652,-0.4439784781874323,-0.8690526865821084,1.5639615955764157,-2.1353005844164272
198629,-2.4039710883380963,-1.4132906279128292,0.9975991725510198,2.4640205727183115,0.3079403710383417
198630,-2.5928779339118364,0.9447475057852444,1.1180010375363167,1.8549932927548411,1.238294023109347
198631,0.2103656233235256,1.2974819990188848,-1.6238509690850833,1.091315742928316,-0.9480574184770489
198632,0.7169562957563471,-0.732778786489007,-2.574504202891603,-0.5581258049438702,-0.17011332006001112
198633,0.994752501938649,0.47222814893018494,-0.5660161501729704,-0.5334953851197497,0.21540358153987427
198634,0.18640582146429097,-0.7535765792170537,-1.6073172977521608,-0.20147284761134188,-1.9043408784579583
198635,-0.36094579387554404,-3.002361752119441,-3.8647881606311785,-4.1411659853590095,-3.404610326247223
198636,-0.8404228593457219,-1.9291390007805944,-4.112745247931343,-1.7383047145959267,-2.5099524257616963
198637,-4.262356354099154,-0.989387724613664,-3.124142093910848,-0.42445575402331315,-1.7435938707147898
198638,-4.729168056229014,0.6941901284100709,0.21210443549603042,0.9610137842307154,-1.866078930845788
198639,-6.358821326303655,-0.3489870629383063,2.9669988982669224,4.332339532550179,2.59362960087509
198640,-2.714347600549445,-0.7393969686390278,-1.3151760003415234,3.3746546366479038,-0.013609308511036033
198641,-1.6877660345186882,-3.776962661584946,-4.588016445935068,-0.09533131932158767,-1.871107112148593
198642,0.8770366161954826,-0.9897512272332847,0.5504706883447739,-2.827873100447391,-2.379634730800717
198643,3.012800057701156,0.45381628700448573,2.617055483922968,0.766930974539207,1.1451712812572055
198644,0.6966632332607219,0.42392123127245895,-0.5866874394160959,1.7642933021927547,-0.07118036022978913
198645,-3.5745682787818396,-2.2498069990613203,-3.2453461353048283,3.3174535845971604,-0.6712384444934969
198646,-0.06369227702265334,-2.1054279362784314,-6.835039704123631,-2.4373657717983406,-3.212782607831059
198647,1.9275254003960072,-0.035365777722915936,-0.898428321110714,0.68441623591076,-2.516841006635559
198648,1.6689781083549633,-1.0336636561570458,1.4915619814141792,1.4548185198555643,0.33225061625813623
198649,0.10217211761113276,0.12704996223277476,-1.3524241183444587,-0.8959590131223649,-0.17084576031919596
198650,0.21906961529168711,-2.6025791972762136,-2.018529441946896,-1.5051987023904871,-0.9838263384646098
198651,1.5273747580453119,-0.9163777929686034,2.6599908012677247,-0.3657593361032241,1.4188013522159508
198652,1.638307006887885,-0.504157771649318,3.809960589937191,-1.2433460616053367,2.6066727411451893
198701,0.7010930530056498,0.44825649919818034,3.7657527297229763,-1.867595920474571,0.5994211828871698
198702,-0.6988305631350613,-0.043164721464222566,4.395442243452976,-0.21142699174345125,2.399791397023421
198703,-4.948880155491793,-5.140407064607757,-0.8059507877644023,1.2390538746874427,0.2967060489978053
198704,2.003938545261576,0.38246686658965245,-3.1769828318395525,-5.356433492911663,-5.310675980070698
198705,2.4442922061320473,4.637563152509188,5.205953323910762,1.623145215497118,1.6196703627172724
198706,5.141001743001993,1.9893845069627218,4.9105954393927504,-0.8088654034724527,-0.6247408728327741
198707,1.554020871828584,1.0208807273673983,1.5069393223503198,0.02363157445000752,-7.75326020612539
198708,-2.5520780988896945,-4.030543900329519,2.6054623937208135,-2.4833471439714003,-1.556605155904549
198709,0.24135964043733793,-1.2180135101989435,2.339438668199932,-0.27528531568572134,0.47306246726634527
198710,3.0017653567398384,0.7012302523405083,3.180482197338222,-0.7912750725706701,-0.0856087931622369
198711,0.701296049167695,-0.2594297525770912,0.8389992685665675,-1.8863098719732534,-1.5747446891210757
198712,-3.2954459972320933,-1.8177028361179168,2.997319658000322,0.8619339495973577,3.2204673212789316
198713,-2.078714429223851,-6.23501235771522,-3.476317186448,-1.1540024600864172,5.072918628359787
198714,2.075814219890617,-5.0652470963440805,-0.4741441749736168,-6.485510598206133,0.9640306846000612
198715,1.1991504425037078,0.10374250132156249,1.6421957716443671,0.37497540291764153,3.201017634516802
198716,2.5297576016153585,2.3147357234327615,5.49086189767246,1.2580553411733035,5.33309383910273
198717,6.705935150288951,1.6516018095783807,3.150971403560277,-1.0236839694895252,-1.4824997399461495
198718,2.7910206507633575,0.30508386869985316,1.348979292973695,0.6829665616779721,-2.6287849650632893
198719,6.730487951148177,0.5281931538357298,3.9943515101967364,0.24979096154032732,1.0470713932408557
198720,1.8047739782301164,0.7845107826736921,2.906245382895861,1.2634083980968285,-0.7247649267910106
198721,-2.511556359630788,-1.6174684925894667,-0.8937661147946301,1.102051965709336,0.3421622142222418
198722,-0.8195921357266798,-1.3690997238785485,2.200841272822572,1.5632410760567836,4.86669668997672
198723,2.6184407269299754,-1.9837528522688217,0.646084411389154,-0.0774479893299258,-1.2006126226701213
198724,3.0801263908813326,1.5215105577045733,4.299796967032307,0.3315952620283724,0.4531383008886678
198725,-0.2608566819321254,0.976316904001294,2.155588238022574,0.2432245025865427,1.4719798179862096
198726,2.2548226376162006,-0.5356864876913505,-1.2052514677694148,-0.654689114684686,-0.5154897807411771
198727,-0.5700545044122691,0.6802303195815398,0.3475168487167366,-0.1263781808468707,0.15321264922539513
198728,-0.8310535462418898,-0.9559958951116414,-1.2818080948243278,0.3763144791977311,2.5809626100284504
198729,-4.371590441890078,-1.6992081846633482,1.5097698509312636,0.12167853257869865,0.41304123813864635
198730,-0.3555343967142903,-0.8640435495862562,2.8993398279490634,1.8623769363405813,1.1466341348098013
198731,0.1230138734376851,0.2876586236591834,2.712964828258407,2.1537651227871493,-0.2577610215756181
198732,-0.6289560143767972,0.09195718695787036,0.062059010950747506,1.3274188602956087,-0.942981398416805
198733,-3.455879439786088,0.7294172444186415,0.23318580912012976,0.8466393969701471,2.4961281068017342
198734,-1.9642625638451818,-0.33667734630211044,-2.6136595864151104,1.5334443213115492,-2.2318140403905886
198735,1.687146246690645,-2.1509021935407873,-2.6632248097726006,-0.09762653724271786,-2.8499236775496684
198736,-0.18195248367737804,-0.5741981871260577,-0.09568576713212451,-0.06763741881604801,-0.7818727903880927
198737,-0.3977280427443475,0.011292474570780087,-0.24073277301664575,1.3278118504052259,0.7212951858693373
198738,1.801328773682485,-0.9077677515553546,-1.329876652665689,-0.0016033997680438006,-1.4534896117911558
198739,2.07028811443638,0.5362926093008014,1.7461613849301898,0.3951438399566314,-0.7496143219015039
198740,4.919772942087775,0.2857205014527153,-2.768585432073735,-3.9019707588211077,-2.7436645015280874
198741,1.3348225995490566,0.5876955152264145,-4.00494636470512,-4.078846504842545,-4.885743196731255
198742,-0.004987098969479575,0.37273566679084524,-2.322954476194127,-0.6044065519744777,0.8657428928279955
198743,2.6756250417524257,2.0806053122684602,-2.20119389318171,-2.0562449917948697,-1.710774293942677
198744,3.3727978725875687,4.0603421344661115,5.69929219404662,2.8503190485154732,1.0450301336051098
198745,2.6383662346730716,-0.21775322512962703,0.16535218625421066,0.17103802580140837,-1.4973392612768066
198746,-0.04260970828795507,-1.0710770180362488,3.3171979144848933,0.822112686490982,1.6454035892636512
198747,1.2053153279856588,0.711630772608828,0.6241582668075125,-1.06148081216935,-1.4980725970163462
198748,0.17340586937820035,-2.573681620309685,0.7230892138957188,0.6413240112516405,1.6207281723130222
198749,3.9760672009842892,4.052948126301601,3.421528121135168,-0.047456335462982224,0.19449615037729018
198750,-2.02266276845387,-1.6529749566068404,1.9885247287362517,2.02734389673725,3.653847716255086
198751,-1.1336759378584702,-0.2072664016793624,1.960925612325866,0.2211022212237026,1.1645562996658327
198752,-4.232351608809154,-4.280851780732405,0.19019049694986734,3.017013953764206,-0.674261519027084
198801,-4.423146080843992,-4.352811072456632,-8.434609266084635,-4.605128327307966,-3.3216218444343895
198802,-0.9414283122886786,-3.740037804555925,-5.5338115279588465,-6.280660764804736,-3.503779774685654
198803,-2.445168032378035,-0.4783925808994809,3.6044950662363817,1.8553662210412085,3.0072138816768756
198804,0.5720923438497607,-1.4873862045558326,-2.263617553647805,-3.3843739047400163,-0.48664760741536384
198805,-2.499398009561503,2.2566343639016395,-0.677495086762292,4.912725726079543,4.1295871133805235
198806,-0.15572780239841677,-3.691092227385866,-8.10977620242943,-4.850973998378095,-3.844880648209937
198807,0.7593138391910657,0.34166871482608485,-0.5317939304181891,-2.796561706722855,0.6982848574812692
198808,1.9067921941749546,0.5678064901551352,-0.8304224543874739,-1.1676891289136506,0.9515343027763379
198809,4.037306283000021,2.9873412584322523,2.4249773025417767,0.3321873425853141,-0.8225487053985603
198810,1.0064819384409134,-0.03814024470034383,2.5137155647764757,0.8726700815554977,1.0932027489903362
198811,-3.2753676094932302,-4.514743020433741,-4.259446424899409,-4.525385131506596,-0.9245505921577433
198812,2.6879559612808066,0.5620610523517939,0.8329180439207562,-1.8177980742823365,-3.5527249447620193
198813,-1.1588567307945254,0.7080018782922934,0.7350968686191095,2.0523768226213974,3.9281327270431916
198814,2.411515417439432,1.1397397935746199,4.099776014713996,3.1307209649770584,5.335656154246919
198815,2.832759783435449,-0.2316613040400739,1.3231439152242501,-2.1694569726535633,0.03970136178782013
198816,0.8544031095121909,-1.3987103869283715,-2.2552030630859576,-1.5459449552977844,-2.9235785207160347
198817,-1.7857431564015656,-1.3061993617612302,-2.863251572917534,-0.3240971689011758,-1.8927010411698575
198818,-2.410957671260519,-1.8177015934925294,1.3337361865508228,-2.551248141738995,-1.7868497911572376
198819,0.4414553114102091,-0.3346335353131167,2.492606984297538,-0.2809492795136066,0.8311693941320186
198820,1.5882885543102816,1.9044920980870188,1.3198404999203035,0.7347055252899963,0.35109936324778346
198821,2.449288492684616,-1.562336777871451,0.3082698079716124,-0.8122983673334261,0.23303842681065134
198822,-1.2227749673877497,-1.2933100126614931,4.071731525210794,0.440533618106997,1.383669288092733
198823,0.728166990195632,0.46130215158035526,2.7279316381601575,-0.887000408977201,-3.3959433735876132
198824,1.4315871797889486,-0.14745349131499097,1.9798881889180393,-1.0760478106655,1.230249524633109
198825,4.643241141078477,1.827550073567636,5.479786226628391,1.7823096989570786,2.1513970921949976
198826,1.6658552759076315,-0.08727606702728963,2.089445452680309,1.6030215744134466,-3.0592959925388072
198827,0.4012800577530129,0.13677333385726342,2.243238845012968,-0.7914013020128436,0.1575501467695517
198828,0.8779989542985049,-0.4785733498077889,2.2649198325426028,1.1646971363743432,4.258184114596247
198829,1.2290701348364905,0.06764772777694361,1.4880341976689238,1.7188420396555557,2.0036499075522443
198830,2.6939768863010727,0.11368405539064952,2.1355302779253975,-0.438617787153305,0.5846399013373684
198831,0.5034817624695052,-1.2484127828337819,4.2160546968201515,1.5612005182901498,4.229744701021843
198832,-0.5205544060527245,0.14577172297850893,2.9705385861224727,1.0973708878175898,4.147982471227692
198833,-0.6979294439947807,0.481468294891215,5.130418740087862,1.9677681672987433,3.8181345330032173
198834,1.3657961540356496,1.0507144345723987,1.2928839966784267,0.7820464371117168,-2.6764810457424346
198835,1.877175000382124,-1.1598952009202321,-1.23823312771475,-0.3625483788010797,0.15930147526808014
198836,3.856546920765709,-1.4835033390765489,-1.0803292360004662,-3.109419553925079,-1.8268417238246002
198837,-1.972769212467142,0.9092528180217414,0.8487466320125918,0.6381232167586859,-0.8936550951721642
198838,-3.039354404608389,0.5147390756790742,1.208711456650974,1.3242372206848358,0.7005575042739451
198839,-0.25905548897185326,0.8721187492713511,0.6236434345149746,1.2213339146798603,-0.46759574310669905
198840,3.3710119841437063,-1.009044792776649,-2.530709681063229,-1.7485563096445844,-0.27406392850906514
198841,4.230784395364822,-0.31257318736368234,-1.3963676267343317,-5.15809953541509,-5.039006322284763
198842,3.725847024183679,3.4444162022972478,1.9129889295264206,-1.2660757409085477,-0.24604318099324018
198843,4.276004474213835,4.043680708075669,-1.3223932993307699,-1.8886805703710934,-2.4842938940554404
198844,4.045286990318459,3.111962909580427,-1.2978793710230434,-1.294136210337058,-2.8017771677914425
198845,1.4031687987470036,4.460148242627781,1.4819959691074587,1.8999969189313788,2.695505178802591
198846,-0.7707585892334805,2.225721349576588,1.3584415204218203,2.44542451660044,2.3208977856858723
198847,-0.529528909737337,-1.02274459257103,0.5434363511694187,0.4274921809160901,-0.1739460384280278
198848,-1.2068496183038633,-1.0448816290339664,0.951151022257477,0.8402757644612961,3.014549690948286
198849,2.4906960856516207,1.3596615597763844,2.7418167690834707,-0.7555282617523176,0.816587779338704
198850,2.2190364123315476,-1.1506390677370177,-1.846424039744818,-3.592444622539233,-4.4908607052338425
198851,0.4010680675918934,1.4239316809412799,2.305495088598491,-0.9333512596870719,-0.888307417907356
198852,-4.476932278245158,-0.3813482056249313,-0.19173189829444937,3.093001598435933,1.9652673303153279
198901,-1.258986445807409,3.7828098758682813,1.725019771891823,3.16949174708742,-3.314661879890764
198902,-3.316942006401632,-2.055466467438464,-0.7896781376313697,2.7963826073686278,2.226323974515708
198903,1.5133589325121761,1.3506840372307352,4.852243270132021,1.8626613987607925,4.165491043313921
198904,-1.5167636854615125,2.398798286706324,5.579389481144517,3.9817756170257894,3.658825615681849
198905,-4.481970037577298,0.43553860801517885,-1.8888212150512231,5.877647527975455,4.4947936275449365
198906,-8.074218182528,-5.957634598331936,-5.7736227404124065,-4.2475662476724665,-2.4231197035363152
198907,-3.5244475301903435,0.05170043011924008,-2.3695415660773733,2.827889663130861,0.032650252635846755
198908,1.8766450496376592,0.4215373952966388,-2.9508583751398874,-3.7175184706670734,-0.6653468789534713
198909,-3.0552533135219733,1.0541880651737188,-5.512660815021093,-0.7878797251843253,-2.012851102917182
198910,4.422218167053586,-0.8495115819504804,-1.2606666800462563,-3.5390514654819754,-4.484861432308207
198911,0.8440590190045896,5.075469201138674,-1.3779718121469955,3.1435873374501853,1.3431909986607025
198912,1.2776434098514073,0.48511767091957836,-1.4581917667786684,-1.6782943728570672,-2.1344628583636904
198913,0.6741200029683228,2.163222415640803,4.005969743613264,3.560770853694919,4.361516231463725
198914,2.7815693519365823,3.8199980921307315,0.006069007765290735,-0.6340682620560187,1.5818720938250976
198915,3.2847492336399,-1.7396055632157754,-3.3017248740649734,-4.764347286046473,-2.601625292646986
198916,5.353375616544554,5.232385886943916,2.5727435976013453,0.45272692705009376,-0.790976433092851
198917,-1.5867727748868674,2.088698454235555,3.7256632963890297,3.234274754069986,-2.0604260700185364
198918,2.5970138225741266,1.2956019970725379,-3.329510851436737,-0.9970759468881738,0.17266161309225936
198919,2.045775798041973,1.0506580337496985,-0.4611361869774555,-4.156418467363835,-2.4707313067187897
198920,-1.0019327149594233,-0.15004122112929963,2.203791442235854,-0.5010107258353287,3.0092723562593733
198921,-0.7899220664093605,3.170781512440726,1.106873544692121,1.5202759138925899,1.8772150042377689
198922,-0.8358046602374998,1.1786920900271411,0.31992365211533524,1.2975468542277326,1.496327856087703
198923,0.9875972723418727,-0.5252968799222231,-1.3139961196967533,-0.5802345339390627,-0.25818200859907847
198924,1.287076281835084,-0.8158055299250009,-2.895225308635702,-1.2597978420051277,-2.099442415505564
198925,-0.7649308092842375,0.9974685066254096,0.9879891439192079,-0.6053734970747087,1.627474797847242
198926,-0.25678452696161,0.4065406629888457,0.38371688590973463,-0.5186678385222763,0.5332826804874458
198927,3.2020209066183156,1.974897876222201,3.60000564167467,-0.894240841266992,0.7426349398485286
198928,0.4975781995523789,0.5630240078721158,1.4129317767082057,0.029724032586955218,-0.8714377406508333
198929,0.8982402667952556,0.3867774092390164,-0.7762076329257184,-1.8544690316003312,-0.9734430895391597
198930,0.7660646421778097,-2.687164448913393,1.5016867939147573,-0.4627245574808967,1.7656993035056416
198931,-0.777834719050361,-0.4785431545838037,2.6220948549316176,-0.014872506642177541,0.0675934886942855
198932,0.02481748852966348,-2.901770014863189,-1.3563998786792695,-3.347030386431129,-1.8262815204744243
198933,-0.9285966587633538,-1.4735682733198132,-0.8267352647194457,-1.5987611408833686,0.14958576916438915
198934,-3.045210570112829,-0.4181074376693914,0.8846767080018481,0.9017377181029929,-1.2064947337695457
198935,-1.2452159504236988,0.6777792907977869,0.9188404180154066,1.4220708261286745,-0.02303703317198824
198936,-1.465973511158154,1.5478706210573705,0.8151529809624094,-0.03391293397089612,-0.12318248505215479
198937,-1.5167932221121418,-3.1978780946303687,-4.228299155735954,0.6026708581850926,1.7457065989111697
198938,-1.075360818801073,-1.4597456619278546,-0.32824079238434933,-1.0080005505190002,1.7440174926877603
198939,3.6307346716172333,-1.4759437731744924,-1.3255853474129253,-3.9869238736610555,-4.29156776981057
198940,-2.3178973487762846,0.7496771098646491,-2.8252640517477516,0.16461402569723305,-2.085510716007036
198941,3.2495370639695693,2.645879493447012,1.9375465196492314,-0.8759126683276577,-2.844770936256964
198942,0.28184270776256426,-2.299093817190169,-2.8350924526043286,-2.0443986273396035,-1.0214220101938736
198943,-0.09606392604428038,2.48270935779135,6.828441700724397,0.10450729191654773,3.217631939940702
198944,-2.255520903561546,-3.208488679375364,-1.5002421255846912,-0.6787498222334989,2.1866958586973624
198945,2.0466118267661955,2.736333769511191,1.9100104300624139,2.601235743616826,1.461344218969714
198946,1.4253939166622445,1.2818442228588651,-1.5081963453504272,0.8123659923321043,2.7890087141360027
198947,3.7979151478529616,1.9621087775787487,-0.5932518442820651,-2.6622891299194293,-5.096012659412395
198948,-0.19366099131951842,-2.381466539654582,-0.05662861235765604,0.34616838059776,-3.5820479986228406
198949,4.249211088672837,-0.48483024614790793,-1.1720575792420505,-3.3391210632410093,-7.363353457476364
198950,-1.3654255104229946,-4.7447699625217865,-8.088904388913022,-5.901578627073434,-7.661760895314501
198951,-1.5889453285679451,-7.179904516178567,-12.616119334962377,-10.846633512012374,-9.3863536283244
198952,2.487691251635681,-0.0051835556533319505,0.36179634775169234,-3.3739337632313777,-6.276515807390069
199001,0.6269414937690954,-1.4722865344698448,3.1309170947326947,1.5075306287758394,2.78974855721998
199002,5.028513828355528,3.613518643370753,5.127669105835821,0.46581113294945453,2.2692923098197753
199003,-0.6126267860184953,1.8115165889900027,5.22116171165635,6.5681179686504265,4.758614022275367
199004,0.16265665909486415,1.2677394520099483,4.949279812776297,3.147496398607359,5.776710981544056
199005,-1.7548264431086977,0.32704492010566355,1.1365740697238493,5.4410655675674775,2.3562636070490157
199006,-0.45853052826913654,1.9935892995954987,5.8379726129931555,4.088540581670941,4.332373000277073
199007,-6.154036249550757,-0.307497696698249,-0.9789394408257408,4.807261519933661,1.8670903928165217
199008,0.9190374884202583,-0.5464956331106237,-0.057624723212370554,0.30910404271787684,0.5626975971270554
199009,2.908446000736376,0.26984638944344397,0.274165967962972,-1.2702376208792998,-2.903648443207487
199010,1.1254949359534407,2.897410321336224,4.076843708909394,3.269156475604916,-1.0608275637920315
199011,-1.27595977774007,-0.9382300333383569,5.453284060990313,5.531433996683404,10.774914672782131
199012,2.266429423456202,0.3105685669081595,-2.7056709114503406,-1.9480797796788352,0.5618851675376391
199013,1.7710266589187427,-2.2036056014178484,0.08950539984471106,-0.33429429932584753,-2.485124112507606
199014,3.301915200941096,-1.55121855572105,-2.6931753486185244,-3.1974987448674597,-1.2290639455040946
199015,2.813756828192254,0.414827655289173,-2.611742847100686,-2.4740797500502936,-1.7729198504039232
199016,2.9431421039687393,-0.07876853808642181,1.2388423497448002,-0.47037055700593555,-0.47604692737604637
199017,-1.5841740233140627,0.15138317703201665,4.378597229813295,2.720437814475929,6.3006566359867975
199018,0.3894614618293417,-4.2546868628624,-2.7173510333170725,0.9175434386714301,-0.4591535438808023
199019,-1.889804063868553,-1.1780496720979272,-2.048975952374974,-1.8216077377800843,-0.8054013978443209
199020,-1.9871211443029893,0.3274221570674172,-2.0344515482382235,0.8175682381336742,-1.086069459995656
199021,-0.8734030011980849,1.0379423923809554,-1.334069846554371,-1.3908527145129597,-3.4997240313690554
199022,-2.760280401529542,-0.7863092222260661,-1.5206200675598893,-1.4623308302047349,-1.1458697679806278
199023,0.9743471718611545,2.4775083866540513,-0.8794995783698027,-0.03095611170488155,-1.7495122298696515
199024,-3.194131933018639,1.2034651892366242,1.2613191364770273,-0.10291567534261503,-0.021556080528114308
199025,1.9392722531553659,2.7634669938095158,-1.038415558253348,0.565687239879253,-0.052281059385620665
199026,3.9186359320827364,3.4003364515925227,2.4890294276697773,0.4194992692840174,-1.0990769510554514
199027,0.008455424161127212,0.40723150221293736,1.4000855192054473,1.0934605211748476,-1.1544811236877877
199028,1.98940137320011,-1.9654670928569544,-2.763248170768179,-0.3505430874907347,-1.5783839958751287
199029,0.20777953452648035,-2.471196799241227,-1.4075735068846598,-1.0737394395131332,1.139095868703123
199030,-1.6225267073600094,-2.3563301557699106,-0.7428468656310088,-0.34442704839477756,0.6373877371084404
199031,0.22366957201268178,-2.801411461599116,-2.0099809761489382,0.10841307396054845,0.37474571303579296
199032,2.2969313084307714,-2.5928061559887965,-2.5329864126177313,-1.6485438898563984,-0.08844444538300422
199033,-1.5642702807601836,-2.8688488019063243,-0.4864490747804666,0.9251377762477091,0.42820817517281284
199034,-2.9211158361503635,-0.5487945907813128,0.905696770684699,1.1684295047999171,-1.0309787227130869
199035,0.7102129866771634,1.8644121068927575,3.595280182195552,2.1023353995320804,1.828146017188601
199036,2.736763927595632,0.4391557196004783,3.7084752659122273,2.7273861007928986,-0.9730873887290841
199037,3.2027350894309166,0.5522951048430969,1.3666737501515627,1.0807844912220048,0.5785134986812182
199038,-0.1252925159571987,-1.1855650099580544,-3.3506293196606407,-0.3093625505744626,-4.619859207299214
199039,1.8514798230221459,-0.35252049924918083,0.3759867914958477,-0.7512009786984777,-0.308965223040218
199040,-0.7646821995755317,0.583398565968082,0.5302357156080575,2.1161860053462647,0.6772505866869665
199041,-2.4265099536377193,-2.9423809818304107,-3.58074523763986,0.989679874549779,4.09728530295655
199042,-2.2941724241713928,-0.559339888743807,-1.6458324128496429,0.2351163353256993,0.3710016489561099
199043,3.1112847605576235,-0.132955579338784,-0.36452263364810733,-2.5684242236995942,-1.1548322030430995
199044,0.12047944981696901,1.228527219433488,3.6366881842830026,1.5004523250522084,1.985324610415546
199045,-0.14405521638150276,-3.336910832946103,-2.754525533850881,-1.9895183602675388,-2.01288771855792
199046,4.463024219176134,3.2265794594563317,3.5571610299340364,0.5306295247014532,-1.5626398802482413
199047,2.2682327424650452,3.98671283741254,4.997394939403307,2.895895500840595,0.5219777554544294
199048,-1.347934698849997,0.03439819949977618,1.278221235393005,2.9084069136092126,3.692427166258881
199049,2.0301776681620254,-1.9359547233642047,1.6236287297358558,-1.5413701497079728,0.7637674798171474
199050,0.5452524902244704,2.658223647218108,3.5090676030973214,2.930983898612851,0.8866070405432538
199051,-9.933784492966936,-3.4332616808825946,-4.643408843077509,5.462207788217938,5.429806108163518
199052,-7.621176418401774,-4.680232187168485,-7.190802342535733,-0.6430220209616095,0.6379227344468745
199101,-2.6666505433838097,-1.6803456114923847,-6.219815075270276,0.6120361229375817,0.09429902532741608
199102,0.9563280830565191,-0.9273576949699418,-1.0453779769377434,0.4202438956635888,-3.231890481599862
199103,0.1920479810114557,-1.1087161158770868,1.4407949408602008,1.4063578148184206,3.0831210341744963
199104,-2.390267881555417,-1.53141363182948,-3.1980125798619383,-2.278621767750735,-3.590462774646994
199105,1.12519921892914,0.139854846447804,1.8921845420344425,2.6712699435157106,3.1122173420089894
199106,4.769490195658648,2.8332791311571555,6.061097433698933,3.33829532414768,5.7608628246675835
199107,3.273233996114982,2.6219530066705374,0.0930656944424868,-1.7137098977725032,-2.236053457668845
199108,2.9147613197866917,0.13270949034358637,0.9094435851100684,2.1794094190436795,2.02786169606685
199109,1.4850536843587179,0.13626735992079375,-0.7564393636087061,0.24614005024784547,3.4502996292497414
199110,-1.2059490208816328,0.9866836890963668,1.3038675705805645,-1.214663005204386,-1.1205218877587981
199111,-1.657305472688165,-2.5000121091167102,0.22085215477648035,-1.452747511966379,0.41071281473409726
199112,-0.9456968102429641,0.18434376774877137,4.589075998516876,3.2813352884222695,0.7914931087161108
199113,-1.036881616303674,-2.3651380538012745,0.19207549432354654,0.4245091508967107,0.5814555366266632
199114,1.9891230654426408,2.1907029292396487,7.059381113973018,2.4279162724646426,4.749911751197999
199115,-3.359900186582422,-0.04345373920421025,-0.6554220762098453,2.237955114431884,0.5909220650753468
199116,-0.9549915658961368,0.34582963409673084,-1.5166507588440936,0.04373372467415493,-1.0237381169987998
199117,-3.234031263162308,-1.165071864149354,1.1789154382455536,1.1157612156316645,2.1678876316972833
199118,-2.9160596890552597,-1.5683643569657306,-3.812706731664207,1.366691768272858,0.2614649435252545
199119,-1.4374515767774483,0.4520243429851689,2.833830856121608,0.8221727140210646,1.5743866389568666
199120,-1.3026344020630063,0.265039704068613,2.1435669231973407,1.815995242112649,1.8236590178041183
199121,-0.2002739963037925,0.6741085277353704,3.622247332468305,1.1368901078948284,3.8170620034559875
199122,-1.8490323813609848,-0.6760746390942245,3.4049365101401463,2.402797245225713,3.098151601618042
199123,-0.04322174229656639,-0.6233139512386856,0.13603491946150825,-1.6214955294182118,-0.8531685271804008
199124,-0.7403530350248957,-0.5155999703969769,1.5774272941724234,0.10471515944954035,0.08079793361497423
199125,-1.5953369173907959,0.8272460750291089,-0.3954722083747697,-0.38506225863028476,-0.012927569424448393
199126,-2.7761231676016678,0.08096303716365583,2.276203848563398,-0.44041314144647004,1.1896564925234543
199127,1.8392908774138164,0.17416409744754446,0.6013679706809398,0.23512184384276225,-0.3452823899650639
199128,-0.030753454887303633,-1.0684038984705353,-0.6107937106226586,0.21257132471242812,-1.4665495468918266
199129,-0.8818936291299337,-0.44308242248280294,2.9928250654865565,-0.06349355080169516,3.1509916102451143
199130,-0.5890809915715067,-2.2944309800211613,-2.7189008509035375,-0.6423344748459954,-0.23449588939200794
199131,-0.9173653095891154,-1.0212552105383566,-0.8353170153557699,-0.21185348220177502,-0.3217680011182438
199132,-0.4129502804242975,-2.027043278847316,-1.5337091008885864,-0.42762316775764475,-1.0459385773229997
199133,-0.0740504882740538,-1.4230999877922272,-0.2529688072718841,-1.3190259606286077,1.5401359997404143
199134,1.6964539737680298,-0.30784612466618455,1.8744665856533516,-1.4779743744158509,-1.3140748515882592
199135,0.6855183862654144,-0.7621299369731673,3.016255847763773,-0.017686871012301708,1.412429218108457
199136,0.17902170679769824,-1.2339993893112364,1.2427602199451258,-0.17538375047041654,0.5217747455914719
199137,-2.0890106481202793,-1.1613189684126723,1.9285130835966697,2.627353249449982,0.6679279595273897
199138,-0.3522040198495233,-4.56618906912928,-5.8907099784525485,-1.7542771803130108,-1.7732002871718464
199139,2.8833170899181937,-1.3979727854972452,-3.031401598385287,-2.7944824265860575,-4.595495643221454
199140,1.798376583943309,-0.13343829227744664,-2.696854664496186,-0.9634873845777179,1.2537996612053917
199141,5.470447090259313,2.7974697093075633,0.49108085261434553,-1.7560028564734012,-3.07052418466742
199142,3.5584125708805914,2.2366789192307692,-1.4490444492475376,-1.8872802106342306,-1.9214867694967097
199143,-3.948207044596586,2.0716559983921456,2.0149607578993027,4.516419544414646,4.240368214830482
199144,-7.701180451174594,-9.169024702223908,-9.120565365878974,-2.503386842936891,-1.1037805887807508
199145,1.5854171830020505,-3.5813731221974763,-8.279731622144936,-7.770839972273052,-4.797423750850726
199146,0.1127038762376742,-0.19812895854943235,1.3443406953792874,0.9036207108395615,-1.4062451973971406
199147,-0.9599278257966262,-2.8460913195503394,-0.41241967458790896,1.558768806784201,5.094111079143886
199148,-2.421514532579579,-1.297346954144416,-1.9638081369253086,2.368947341699254,1.9625118560124406
199149,1.37095820214563,0.6102988080058367,-1.0874422662564598,0.306617978141162,-1.2152156430672107
199150,0.5680732525447638,1.3369535258703422,1.90314378964149,2.694489173698855,3.1260562402780465
199151,0.7951203905456623,0.07516523179378964,1.0655316619015593,-0.053353819577978356,-2.085897955898531
199152,1.2030158899168555,-1.2960275364317226,3.2760442955627127,0.6533693133725933,-0.43543495359193685
199201,0.1585494884299692,0.7690158711308186,5.2042809017916625,1.5637053695833174,4.176415980076683
199202,-1.0646260332360953,-1.761716681678422,2.8496495376422786,2.443953734853835,2.1273648629806985
199203,-0.6657649444163098,-4.692391073371596,-2.5308326205949925,-4.974280658466341,-6.646808628500423
199204,2.63787887142729,0.3935418878446626,1.9061035347308461,0.9931342946499058,-1.5730851599922175
199205,3.8476601833807536,2.2244918778824854,6.483585114138862,2.1025628168203525,0.35402075869052396
199206,1.5844860088921564,-0.23984049067030355,-0.04851402701820007,-1.7199856532593003,-2.5423847690852313
199207,0.5919601126147427,1.4356025724113692,2.4977076528801376,3.4266114429686354,0.4070167516219385
199208,2.2372668739520805,1.1639371077312148,2.635277770303219,3.9886234705810466,3.0586090927213263
199209,5.336721156013709,2.1939526307028245,6.08434482551894,2.0620026933115128,-1.2808092426467397
199210,1.6717346676994111,0.5063203222790662,5.158836843408551,5.812631972923725,4.653003953233622
199211,3.8777990596369136,0.313432675725835,-2.134304819680949,-4.995090182515469,-5.967775458892618
199212,0.7494141145566573,-1.912405670504711,-1.8123234462596542,-2.5062298316742613,-5.187284069340706
199213,2.1010053228678203,-0.6764369946684496,-0.9557054736366126,-1.9904625748417288,-0.6103228895517532
199214,2.5347344485210783,-2.2856930576250534,-0.7525522075890194,-4.545990482854961,-2.0699889321011256
199215,2.2016924616826827,2.770325087900403,-0.9117360364976435,2.0170955745625747,-1.7518097387376201
199216,0.6813668377293993,-0.7907094432248982,0.5191239413380799,2.6732125479354636,-0.56711173929898
199217,2.4942712891578367,0.6554911683185765,-3.6854257845710663,-1.843518945830624,-0.34182552962778345
199218,4.76267709250908,1.619002915309693,1.8866071816945578,-1.2949230959740703,-1.4031864297727452
199219,2.7286224024949775,-1.4595153794223847,2.0814512646546746,-3.8439126925478035,-0.8534907982880213
199220,3.3198665612733294,0.2990587839537966,0.5841563413447375,0.8741423770987353,0.12994985985403673
199221,0.9938350557878834,-3.605769675895772,-2.551271477351122,-1.1896946672957256,-0.1057500052014575
199222,0.9310406682598114,-5.245298814664011,-3.2569438560713593,-4.096902277376614,-3.267058163118975
199223,0.9499902521742456,-1.5803392016025555,-1.8601767228710173,-0.7996757221350208,0.24713063849316086
199224,-2.2753433533848124,-0.9721730612375836,0.2337925874058442,-1.1668073764590758,-0.8821988708339745
199225,1.6891529632599145,-0.25869035265543516,-3.3750712821671414,-1.8821123866292169,-3.0051307562525267
199226,-0.0961036637203847,-0.1765062396328858,-3.1794384484607576,-1.0927993183477724,-2.0239715599755073
199227,-2.72389124302606,0.19069077577029248,-2.6375216459013586,-0.1841522892330545,-2.805614375096809
199228,-2.7738674660864717,-1.2949429173300473,-1.5465929501179971,1.7035477736558278,-0.36993975069503904
199229,-1.0038585681006111,-1.5803232087858987,-3.3143863913667246,-0.6060890943439858,-0.8482547398272118
199230,-1.540254230918265,-1.7222180974862908,-2.57635667235445,-0.332577617023162,-2.7567930708318613
199231,0.9272316481889789,-1.3265229247072625,-3.5215354515331683,-1.085970065068011,-2.3578399692721064
199232,-0.1668540552595914,-0.40471247300035884,-0.7752495884557788,-0.5645506816345573,-1.2599996046902788
199233,2.3799928032869957,-2.438570453640523,-4.117392833454346,-3.1905444056320107,-3.290390982782469
199234,-2.5205509131139934,-2.556543522913671,-1.513056501322808,-1.7206292061683826,-0.5091396611483674
199235,-1.8837796433500102,-2.015778425978567,-3.5818228389457545,-1.6406333922197405,0.6235571544279424
199236,-2.982853202480044,0.5169282456196242,-0.7758056097044914,-0.01956321418066409,-0.32019478705785787
199237,-1.091739835147905,0.3991728297858117,-0.6533554910387238,-0.45453967032733544,-0.03621304990412
199238,0.9307975670528208,1.2560324621588848,-0.32750809565936834,1.3418770348324074,2.5085607118986104
199239,1.6470586800835463,-0.28344786233753894,-1.9123854460685834,-1.9537639355401666,-2.093921311984161
199240,2.582710951333695,1.09375520925704,2.237882747156334,-3.276377206020811,-4.259695918184718
199241,1.4942481383998256,0.5119734369295657,-1.5474729726892065,-1.5840988994771692,0.8789771602765768
199242,0.4613276437593754,2.0837328001603055,-4.311996187056536,-1.613887539618986,-2.6209051275343995
199243,4.5918984878857145,4.001916932881102,4.517659731582057,1.5815416495128147,-2.0125559900795906
199244,-0.5362797490817002,1.0822229966192367,-1.1157515733277705,3.1245660402087196,-2.1531136558972435
199245,-1.7569946351775911,-2.6611035685332354,-3.2536559155270197,-3.3042447125513945,-2.9257876031974774
199246,1.4759625668184526,0.632328299572464,-0.573992317644695,-1.4081780956776129,-0.43782200154169004
199247,-1.8032620246119677,-1.5483977752575129,0.9063274122268012,3.6374195307175796,1.7711478621010883
199248,-2.030301396918958,-5.121469793965616,-0.6252702599048234,-1.7418678364225002,3.3439053765582116
199249,-2.752591645406767,-3.2347740990989564,-1.6905213101975392,-3.43977503687762,-0.6712397633908154
199250,-0.7398286831806331,-0.8155676647282348,2.2624324980519646,-1.7451487793483125,-0.2978343114624522
199251,-3.702805701694615,-1.6899060477024932,0.1304676686052062,2.682574975774969,3.4634590753821044
199252,-1.8077017580809525,2.247206530989615,-1.9982118522235055,2.1758088121140986,1.5536959247535833
199301,-4.477378455624205,-0.11399593248540896,-2.1747754807377646,3.8889334097191295,3.7145415168724867
199302,-5.370655601094256,-1.5911762510650647,-2.9952589214237264,2.507683598665949,-0.03317794788591755
199303,-0.521117763326572,0.774441602898321,-0.6281141374130925,0.9356970903654656,0.12020830217267076
199304,0.1768504239870481,1.3021497296114148,2.6921742109868205,1.4720131397375553,3.7295693293725094
199305,0.13262510370753944,0.4205405748371618,3.07922431007529,0.037224095123065126,-3.3394723264729578
199306,0.9026286044000926,1.3510037534764479,2.9751646125062052,2.283809987476843,-2.7264775299656776
199307,-4.658371234575668,-2.5424309097464857,-5.0072649902950275,-1.5307398740598614,-0.7108924378049437
199308,-4.152843674299788,0.0168642731429145,-6.032544017588236,-3.2202455399045675,-6.071061659311795
199309,-2.2249639801592025,-2.5979819150921912,-0.07861500751818085,-2.3943563509657793,-2.860098949391613
199310,2.2788953577888833,1.233280753511849,1.707289115537833,-0.42363933616331906,-0.28429941617866916
199311,-0.0665838610324272,-2.9212115188986445,-6.4087336103334,-7.236860983507427,-7.0846865833250945
199312,3.290462702606135,1.4743054195300829,-0.04568539158833573,-0.699758564879744,-2.6497619475933334
199313,0.5523449483376339,-0.19913145894054196,2.7344310267943115,1.6941525346555295,3.692049818078715
199314,-0.17727792668853226,-2.2320132648696926,-1.4882950829805282,-3.559128594200729,0.17831545985114872
199315,-1.5659027072092613,-0.30729991906019904,-0.6673811113702186,0.7349217879153116,1.8305404503678915
199316,-0.4071953120881062,-0.9263907892501493,-0.9740850908676748,-2.7033067127289314,2.1748931138394028
199317,-0.3959330423560914,1.1490783153660686,1.0029108139507912,-1.4258578437872416,-0.5751204996056458
199318,-0.565107883607368,-0.9100509935301488,1.8213923163185086,0.9608709764531227,3.6688736999432194
199319,1.0837801766480197,-1.344146074457683,3.113074631715051,1.5835583163059255,3.5024304245427516
199320,3.5138694685979885,0.047100492753259005,-1.9681633161748096,-0.6505033479574536,-1.434823209225101
199321,1.309633335297633,-0.5779795688104059,-1.297156886313303,-2.5230551128927345,-1.1842762758755612
199322,-0.28305863847151613,0.17760522880882945,-3.5103075683114184,-0.8228262279029082,-3.167117741977961
199323,-3.6217093929694215,-1.1450319367926909,-1.469871505705612,1.4145753439917144,-1.6132926228828524
199324,-0.9771077400302488,0.23159000471503077,-0.05638560656768732,0.9673744545936529,0.5490793606206239
199325,-0.9928268473811386,-0.24325234807673723,-0.10795524299891213,0.5479400452720142,0.4654540963231284
199326,-0.2590045914432153,1.1490385268411956,-1.5962325031461546,0.4008196772853694,0.5036534248832822
199327,-3.260946042024898,0.4190237708673976,-0.08024403918955159,2.4708627365157554,2.5528205866938265
199328,-3.2631786146615696,-0.3773147086370159,-1.3774187440824903,2.114676625387574,2.799968734667118
199329,-4.135782113318783,-0.859965031486638,-1.0127294440392802,2.1688241840723776,-1.3945706478596094
199330,-3.5302664258631467,0.9785702421625047,-0.11065881933660648,2.8210729904843106,0.13634071471739162
199331,-0.6253352741205731,0.9774819418047969,-2.1804121370382745,0.8445573228591456,0.4980972842387814
199332,-1.5341304392574102,0.4143727159233208,-0.5059431225466255,-0.5801895277984386,-0.9620923517845199
199333,-2.638426934591905,1.0093459398775053,1.639513622453137,2.1740224612512975,1.844391023940318
199334,-2.1906788912199886,0.783662235349766,2.0026499997637757,2.3490440080583426,1.3997812896504342
199335,-2.383214158522037,-1.2748353186564714,-0.08862442515379598,2.81054715956094,3.4980738424774245
199336,0.8755147717844807,-0.21967630062562193,-2.7404030066943506,0.7210503795005252,0.963383888771375
199337,-2.101793585948144,-2.0349184875677793,-3.3691404092562607,0.22226282007216014,0.5095743427016259
199338,-3.3320283428922153,0.9469132569870453,-2.4382762513017155,1.6142922802492876,-2.5666067941536426
199339,2.176421249986504,0.7923306030750723,-3.228839476664348,-0.3421695435147285,-1.8018124225497445
199340,2.8976647723866904,2.1685211454099544,-0.17646699687441014,-0.1525455597578116,-2.6687243645977787
199341,-1.615956274515213,-0.005233214491681792,-3.6733173515186763,-1.305834478753809,-3.9907726142373576
199342,-1.3589460843343204,0.19372363872992082,0.6604239528739413,3.3828219805211575,0.8884025870811456
199343,2.1944567091584304,-1.6848368690656343,1.4726651777008897,-0.2050296821511779,-0.41406145778148584
199344,-0.7385245508580169,-4.507821988064848,-3.350046303995157,-4.798526510149202,-3.0656432941356684
199345,-0.8987201268971603,-2.3935023919567016,-2.651962828967271,-2.5004822121122743,-0.6552539150741836
199346,-1.5980186384724675,-1.4756425794497545,1.165198343087411,4.785852910227334,3.60915929447782
199347,-4.077565830984099,-1.5044029486559793,-0.6167317913075294,0.4469752359469794,0.389294313680125
199348,-0.2428104412351786,-1.3104680024188724,-0.7218021574475983,-0.8828398430658808,0.8283285439757151
199349,1.2489654623458932,2.2101204202752456,3.052193322865378,2.304283201970236,3.463598981594032
199350,1.5687144343123691,1.0435397744449801,3.3683361570976444,-0.6797835840585549,1.9981538874556009
199351,-2.4806427345470183,-2.191157997472601,1.1015562341391387,-1.1984504375693064,2.4051821203880763
199352,0.8975576557153886,-0.7721628439887809,-3.478670311520432,-3.11585306310252,-6.599466456557536
199401,1.7161030540378874,1.6716889350789188,-1.9931450689988992,-0.1285095049459528,-3.7332795186324006
199402,1.4346847933477989,1.0544963499410187,-3.190569473150333,-1.5301156269470084,-3.5805750732049546
199403,2.6887993554789773,-0.1057293147758287,-10.84408828912521,-8.278830461593145,-10.78164266425128
199404,1.8397011498867073,2.2185353083858104,1.8263159786411052,3.0931190153884813,-4.221830772446253
199405,-3.203670565032155,-4.352912636742133,-5.541800727200723,-2.7271583648026763,-4.172367453085883
199406,-3.4072059229839056,0.32451557007595966,-7.102042367187266,3.2614913234687037,-5.6220657571569745
199407,0.4616748852269552,0.6557387509735122,3.2068312497328293,0.42104092247177505,-1.253362936147198
199408,-3.5998605170348696,-0.6470856729676484,-1.7113122073866975,4.295211755457558,2.5269641472485205
199409,3.602067190269395,0.03255324253410663,-0.474329067922838,-2.89044647873817,-5.67794965473945
199410,1.5424200678004354,0.8186666406398899,1.1395593044398993,1.3310545309567487,0.2778267521379121
199411,4.732177104855964,2.156847947364099,3.0339833430120393,-0.6385662644008789,-1.4472616533911378
199412,-1.2563563468968937,2.381090209410104,3.1712640706040247,3.6443163202027336,1.2667675661017483
199413,1.1666637747595132,-2.731695770824558,-1.117324521632952,-1.32385397971791,-0.05203810992918534
199414,-0.8624597034548174,-1.4620831864055504,-1.6338063837637264,-0.8866626895177774,0.7041038187487061
199415,0.11165058706308173,0.5558948301103328,1.7143202480972946,3.28024666624907,3.00394693401563
199416,6.579057667669247,3.1379135567640333,3.1453247293347886,2.4415479539306375,0.39434331187646876
199417,-3.4468344033901417,-1.4783472864069722,-0.040217324445677605,3.204684416459486,2.2366868443442627
199418,0.1790646025725664,-2.2764010805472594,-2.724307624727828,-1.3798895347464963,-0.5546621240040963
199419,3.334724398508058,-0.8140947710564888,0.7234441961638822,0.26365570046277753,-1.477936315605973
199420,-0.9111461805533736,-0.40146641129456384,1.6241185780515366,-1.2655671676577072,-2.5143133010773795
199421,1.8560911083142173,-1.0179135840986078,1.7211274432195296,-0.5237756607166943,0.6652449064521306
199422,1.3888790712855439,1.9394244265286034,0.7397923808137534,-0.4899565121164642,-1.2042377405746834
199423,0.17590466775544655,2.6102697923831215,0.6770408885745951,0.7129379121521993,-0.166856413834239
199424,-0.45333295124981987,1.6716683885321686,2.472875043026363,1.218136907690905,3.454872301975115
199425,2.3307391126976995,1.3875056112776747,2.7886320471171757,1.3062926181598868,2.7952494211178873
199426,2.773201766237719,4.7924504267822385,0.43305981304490615,0.09806223940188374,1.039274226882128
199427,-1.16361556957321,1.8627118835039482,0.32034136740605845,0.5722994669586114,2.21962539703253
199428,0.8929395731527734,0.5813495730185991,-1.2903295589213144,-0.6125270092166488,1.1096864423524266
199429,1.3501157423398809,-0.04095454617498717,0.027532514272195385,-0.008581198179399507,2.2857084853220044
199430,1.900923101314163,0.21109796247577606,-1.6656976537009314,-1.5059349820250532,0.9861544068942862
199431,1.2884115918755015,-0.6856733013498229,-0.5062899575253823,-1.5652087529387586,1.3381255873999294
199432,0.780871131853246,0.002240978833810914,-1.887508742395653,-1.6295925815923624,-1.9351332042267586
199433,1.6564726637421927,0.5756139296270817,-0.26867284301488326,-0.9121592475930242,-0.7957697811129378
199434,0.5183187275005707,0.3407004566768137,1.3035327829683752,-1.4082836240422125,-0.5526821921931742
199435,-0.45902542756618914,0.296913134643944,-1.8871285285260342,-0.04170914060716768,-1.0223411947319505
199436,0.9243610439907002,-0.03868021773195096,0.0045987149538291305,-2.0499301297577404,-3.0239405695776895
199437,-1.284227102473551,-0.4376820731525868,3.7568634912386756,0.6658371978926425,-0.45105279805829923
199438,2.2775327867042847,-0.9486255650136286,1.0754403923959899,-1.3548011018617103,0.3582382157144366
199439,4.014304796059207,1.756120422092465,-0.008810847285758427,-0.7565826066034447,1.0811718867519176
199440,-2.4141885499579985,1.793062332374518,0.3670078816516593,-0.1641767873188087,-3.7298751393776683
199441,0.3508598662237432,-2.25381138864941,-0.003725249970614186,-1.9700543260017866,-0.5527689611634514
199442,-2.296438706434685,0.38379151135103484,4.579569649642565,1.0270327211349581,1.2389172904542534
199443,1.6126397385110067,0.8874663196022539,1.0697980039354889,-0.42383460627513614,1.4156641245645005
199444,-2.772377534668067,1.6080956527871422,2.2592907983155897,1.6123019971420263,4.3621439747594195
199445,-1.4511457877042062,0.6503789707122678,3.0398904963782343,3.277336184812725,3.7649869737355743
199446,-3.543355773818462,-0.8335955435475171,4.243400295145534,3.009957773441613,3.8108117498319416
199447,-3.3828265510210827,-0.7261602815723336,0.8385111808773331,0.8082470108506072,1.5653255999018256
199448,-1.0858047040311476,-0.4371831316981343,2.055893010353998,1.2439752277803109,1.116969288030873
199449,-2.5670175852070543,2.37270286825634,1.066566644332454,5.682582431129902,4.546007043918678
199450,-2.034573434828019,-1.2505463206106242,-1.2390045230814053,-1.119106693697745,-1.5265332735332322
199451,3.828854708900508,2.273215760930441,4.965468236984236,1.0887320022031304,4.127323600735508
199452,1.3524960005332218,0.7740391374820206,5.305586141296601,1.452264062120662,2.2179169471705222
199501,-3.133960228449155,-3.5659397039304963,-3.807228920660066,-2.0861104420075662,0.5191430240455475
199502,3.6647213880416984,4.136226415020417,4.166139140308303,4.836758789773683,2.172288906223571
199503,-0.2153072778587557,1.0534905170923707,3.124750998368768,2.41705761546433,10.562868343370496
199504,0.5334177151454469,0.7391444832226739,0.8078419346967962,-1.065765177759431,1.0086670841971568
199505,4.775498855987962,2.154738443576946,3.377019069242351,-0.09486214340898869,0.34475941389075615
199506,2.3177464775386056,1.9062521624994133,-3.071985718765859,-5.299019898752022,-5.606171585167033
199507,-1.9501532022100037,-0.36233348114330965,-2.6441688774311842,-1.1728191159203334,-1.2776474208364448
199508,6.89330414597805,4.379619821946051,4.95475676327618,0.8295994171384677,1.942397488171082
199509,-0.19622353554092342,-1.0825177609260095,-3.710520919011799,-0.10264174195992837,-2.8794452871740077
199510,0.327009607093828,-1.6096737565913486,-2.8023093911639307,-0.8204225454435914,0.5728189488337989
199511,3.4878952569562216,2.5800630153659085,8.788232596141086,3.8173260317407767,6.076420901405072
199512,-0.18370312349463802,3.9843542811407247,4.4099286089114,2.98913091201905,2.3833763287706233
199513,-2.3487258613973268,-3.688903619319774,-1.5355063295809828,-0.5181302706841961,0.552140362482703
199514,1.902259383611863,1.0388692439648253,-0.25596497201303237,0.004229419558953396,-3.453939371779768
199515,-2.656370615093408,-0.8036235279209905,-1.6680083737019231,1.2655330466929513,-0.5631433776333665
199516,-4.395373220405929,-2.687520202909468,-1.612471857185767,3.461155964975717,0.6402217728908113
199517,-1.323868552024237,-2.845192827255346,-2.8287477395486462,-2.191170323526194,-1.1079932046636713
199518,-2.3809209219874674,-1.1973895470321168,-2.522517883191142,-1.5964894230450568,-0.5465796501680984
199519,-3.0198746874468156,-1.5751195753359752,-0.6356921808574612,1.0584809634393082,-1.7474782628182197
199520,-1.0246014321701864,-0.38040605338625255,-0.7392259540495161,1.7649860133445259,-0.9391771383090486
199521,-2.510695267802646,-1.454994734084437,-3.0478635904546536,0.8153483246376823,0.2822901009457155
199522,0.5372852589426884,-1.8384381095162894,-0.39260417458172014,-0.1656858106019854,1.1398425977453712
199523,-4.374508403371578,-0.7208073690902665,-1.2129606318085848,1.4395073970616181,0.6683682891506351
199524,-0.42755353296928433,-1.698792660066431,0.4328529019091434,-2.279213491700034,-1.0188743907152116
199525,-2.926320626080951,-0.963013933269508,2.840027472047211,-1.2058107611797482,2.6259263374115562
199526,-0.6859303585399061,-1.5347941811098735,-2.240694724833361,-0.6785865307542736,0.6285620837898591
199527,-1.1253961919363746,-0.6648148548550239,-1.9554956517452524,-0.6399775976373121,0.2724742775209279
199528,-0.9727929166582499,0.849147200985783,2.608697957598224,1.3296075160883447,1.137009199760655
199529,-0.9748055105847584,-0.6424885456149809,-0.66138628084326,1.1246651930210874,0.7351850925948611
199530,0.15636125023189607,2.6007601505328353,1.0742761029182475,1.1478619753596035,2.5661071128847084
199531,-0.2701524716848098,-0.473315423102747,0.035649900794965106,0.5358255056225971,2.4658500109719057
199532,-0.9243823322304934,0.7759255383261348,2.1932309118557782,0.06620961245869239,0.590028648720704
199533,-2.2894887295942112,-0.3419307529072739,2.4918029547251876,3.0954089638505593,3.0195908606122543
199534,0.447766744116052,0.41019872354729614,1.6887718111964318,0.8492976678647892,-0.05673456620417028
199535,1.5775029529810922,2.3132905998176057,2.641549013966312,1.4408511178386902,0.21247645644041313
199536,0.6655761618043243,1.5108191761730154,-0.2110076425641978,-0.39728975844144543,0.07922811150939424
199537,2.243717887019443,-0.45799957448315354,-0.2987553872322337,0.5556338346291341,-1.6415982454400364
199538,-1.6578639133408046,-2.639069491387886,-6.373240789462045,-1.1899284190876074,-1.7277425176845327
199539,-1.3415857081751028,-0.5840504284215626,0.26640536038149776,-1.689281080289959,-2.4623391171802496
199540,-2.861912013418987,-1.7342801436220157,-1.317726657271919,1.275008799588079,1.7187758598575442
199541,0.1779550866741033,1.6847715193891304,2.20583413313841,1.323500791208346,2.841370677074906
199542,1.8403905282879123,2.269098615112,0.24505504393533784,-1.1433964911725525,0.7406033705229333
199543,-1.3419568384603053,0.7784134088555561,-0.3504820086074574,0.7346444691038414,2.294922026736515
199544,-2.5271235491956077,-0.6621069953627057,-3.9917563854611444,-0.41710536201691184,-0.10311093514764025
199545,-0.41729077070067433,0.0679834146096141,-4.021200979679179,-3.3703650579523696,-3.0339012170983892
199546,5.17141892227653,1.7697112532210326,-1.9575805887296838,-5.480579059184549,-2.852527586266433
199547,5.320964897617614,3.3831343359263997,-0.35056191255080194,-1.7519948065533413,-2.3613806242440205
199548,3.6227645143367795,2.0685189315756816,0.34952129229753837,0.00796786119326498,-1.4619578905534922
199549,0.42403247914364783,1.9734270372081824,-2.472821850650746,0.2675304201005133,-2.4560491646962532
199550,3.3029618683103763,2.566956018882422,-3.569400961354745,-1.0912649784226574,-5.543778360190629
199551,-1.8336528537001868,-3.5624060505086845,-1.6003857430314383,-2.433960513036766,-3.827816238633602
199552,0.4226875449230647,-1.614845523807162,-0.27388802298304427,-4.991114958504113,-2.099544948870232
199601,-0.34730946093276316,-3.2426739712778385,-4.711463090057748,-1.643563804691837,-8.692591720405403
199602,4.656891232259397,3.1828528290020586,3.252194624121671,-4.137505646234615,-4.038162987607393
199603,-1.360027359905132,0.9147200160767284,-2.720191821973799,1.2669466244522596,1.8477510990915107
199604,-4.996973948957816,-0.7265894017086225,-4.523831608121895,-0.34413699732272107,3.1589875221596913
199605,-7.746634269883316,-4.716279084772395,-14.286653373185601,-5.420012228699079,-4.812623232300211
199606,4.186642861474411,3.6908540829924164,3.4253983324877595,-1.5650458952796384,-0.029236342387434888
199607,4.9966961479287875,2.4911536008152098,-0.585459024722411,-3.659395342294829,-5.005122956135153
199608,0.01988259570049422,5.6391382582777965,4.858607745132815,4.865345488018988,5.539548551873622
199609,-5.485664960863687,-2.935922416239066,-5.717393508863495,-0.11483537515005082,0.027813338478893
199610,-0.8518004374869292,-3.038347642538838,-7.9360688270188575,-4.915816865357272,-6.057415887535001
199611,1.464208714887377,0.9145847328990726,2.7048583229465066,-0.5126123728890661,0.9712268750431576
199612,-0.36182880189363686,-1.1558410562735162,-3.36416650948172,-4.844675547248471,-0.16577158752335208
199613,-3.8784894987087455,-4.520029397794644,-6.406849804079798,-2.5736005708592984,-1.5405544776676265
199614,1.1552699642534208,-2.811635163724361,-4.024490124525926,-3.751150125399363,-2.2551536199181896
199615,1.1094606351043694,0.7197581652445706,-1.6427990503189562,-2.9436881367249157,-2.494844873737975
199616,-2.4909840255025415,-0.44617523535470127,-0.15628823304245998,-0.24198233339620856,0.21250180682261544
199617,-0.8706557444754139,1.5045879184432351,-2.4856004050084266,-0.4315979757396349,0.14437166330372975
199618,-1.2030796464396758,0.6871658717547575,-3.532028520892652,-0.4363431930619299,-0.5440137841379169
199619,-0.11126895774827972,3.013315014247951,-3.3386592308547165,0.8157647507404135,-2.4323222146095986
199620,1.083443567814811,3.909684084723608,1.1699374973349563,-0.7073331111938614,-2.4413723504205223
199621,-3.5801027885997883,1.6328810294613163,-1.280960313333594,2.2859630374074413,0.2141307066847844
199622,-2.575493011725598,-0.13140330286569224,-3.6185878986235593,-1.5694679734976376,-3.2474285134638876
199623,3.495343673523962,1.3448359297682373,-3.083318176418061,-1.6124507269474861,0.004602062567414578
199624,1.4168311499794868,1.1228690505502072,1.0290846986824818,-0.429701925452207,1.9177314401098329
199625,-2.1023194392799383,2.467392758451126,-0.5535126689907202,0.7906177190680523,-0.96924499315611
199626,-2.4311260867839337,-0.3611429164942024,0.8347214489806447,0.13037097597333513,-2.2341701229789237
199627,2.0086803616832185,2.381534566936125,-0.057018026528908194,-0.015944438413498574,-1.3562606081932813
199628,0.43277916018098495,-1.0160368157291941,-3.5744715542298877,-1.1838372653670035,-1.6523590664376684
199629,-1.2304022189003376,0.10784737443339054,-0.3530218980807831,-0.21327630478413084,-1.0890093035300197
199630,1.1364527905329282,0.035863316992504224,-3.0288132909104775,-1.3048544681855674,-2.0921828091509838
199631,-1.1629941488107534,0.1630290961601304,-2.313107319507992,-1.863118110020082,-1.699027556771341
199632,-0.6433443103398986,-1.2383930373088106,-0.9061012350384772,-1.160356101057289,0.3249214117586803
199633,1.3843299214954072,-0.44689807712262564,-1.088078644659845,-1.8252309390791766,-1.1903941624864842
199634,-0.024500177569962034,-1.9735291326488777,0.35705919196897185,-0.15796549409174077,0.8662606184727224
199635,1.5108388005181155,-2.090822220848281,0.3343864748849228,-1.448612747706477,0.24558677990137312
199636,-1.173597839264005,-0.9865926890954029,1.869911044525793,-0.23238110985641924,2.3232353072189653
199637,-0.23189210532746074,-1.7042422421414472,-2.166092091538701,-0.9728958533208356,-0.005697092600087217
199638,-4.87941125344139,-1.7779342801857752,-2.768127425774935,-1.819106252965753,-1.4348755728561855
199639,-2.1717208829659285,-2.02374857491111,-3.4561737491989675,-1.0822612234742905,-1.9947550447872118
199640,2.46528041264321,-0.6811761285708826,-1.564923997662504,-2.6165100679356215,-3.2474208689415036
199641,5.164704768096044,2.2818792620482213,-0.5380276223049236,-3.537877682608098,-2.3653639078819424
199642,-3.0524412184807375,0.997294263056915,1.187802698908854,-0.7710525035008686,-1.0601063640960433
199643,-5.034660296000197,-2.9300464477034325,-0.006646274152046772,0.722823589300674,1.2770282923647756
199644,-2.6262912452845626,-1.7485995473762728,-3.4018421126780254,0.7105823412902623,-1.45089742780209
199645,-0.46197558651221016,-0.11745524119618267,-1.0611291743568358,-0.8474855109963642,2.28826709597206
199646,0.28061479158611746,2.022872504939812,-5.143121865618525,-4.895450680055774,-5.005531581490345
199647,0.13676389131967426,2.903668648841176,-4.718461818276637,-0.14633023300575587,-1.440222172220956
199648,-1.076124571945229,-4.286374052845758,-4.086362591603574,-1.3320003299747896,-2.2144954262280976
199649,-0.9733911326431439,0.3275440899599289,-0.973909053501302,-0.6551504451018104,1.9179820192504735
199650,2.038569291953422,4.5476919742159225,2.4350012947001574,2.2372016916850157,2.529701266246036
199651,-3.2168226772799358,-4.998934352099411,-5.247042330545128,-4.841703324173693,2.2267706275496266
199652,-0.11343755454828397,1.9063571071739034,-4.473788940134682,3.9081807381561475,2.887845122212866
199701,1.3574925464833427,3.016879236084378,3.1668174380701544,6.147250500149994,2.8696838965518623
199702,-4.5389544446363175,-6.873217979761023,-7.642642851488915,-5.8836241720619,-1.7651137283818912
199703,-0.58326930606205,-1.6799759869425657,-2.9157544322672493,-4.645636538646954,-4.337082263587547
199704,-2.299702054460681,1.5491946481008654,-5.127901943214397,2.956454488752911,0.9791294989279891
199705,1.667023646664802,2.7010434587614327,1.9775193221279324,2.3218099481397303,0.4166394851509949
199706,-2.12493521917321,-2.2775317201370626,-0.9298376526080574,-1.4001138485677984,-0.28262403024905325
199707,1.5835948505273336,-0.3104311936463091,-0.4644370596964791,-1.6106493426943302,-1.4684660487356496
199708,-1.5127584749419043,-0.8899446771712292,0.10141160842204044,2.962584719815254,3.1336255333162057
199709,-3.02431678358289,-1.453225673958741,0.37731898832612387,5.981669752358812,4.028125308399069
199710,1.1976761648317051,2.0603034429897775,-0.06212751781447423,2.6193600398849526,-0.555620445392492
199711,0.5998200603905275,1.8363367661381176,-3.713317027246262,-0.05179350268065264,-4.411144496155316
199712,4.085309042258757,3.0749948923644297,1.2523734774776472,1.0349096697940467,-3.3352350584781902
199713,0.24943184283887376,-0.08025168851605713,2.070781467316124,1.0425871022011393,1.4390104845874134
199714,-4.190733207699623,-1.9954406820288,-1.0751282878454163,0.8172074015014346,1.833546611868826
199715,-4.473255306589465,-5.994724043621147,-6.877769112911324,-3.9972687731067253,-4.4062482186024
199716,2.0210448187161774,0.6748182975929922,-1.2369067364813304,-2.6179157016280783,-1.6350074278765305
199717,-1.1320268540451934,-3.886532056153328,-1.3214717026003768,-2.954530592108881,-1.0552513252823132
199718,-0.7543803175199173,0.016206064000130027,-2.2395458702321207,-1.7568680253754678,-0.9503919818265558
199719,3.5127276431069276,-0.9398502924310606,-2.9109667192650477,-2.792196065846042,-3.6799575631524135
199720,4.204238175610897,0.6150934595879676,-3.1881767626048827,-1.3286213264555045,-2.8892354410011194
199721,-1.1692137247360392,-1.2819037669842146,-3.6381098052604557,-1.5925825244601128,-4.373866327872065
199722,2.718868103710122,0.6197422115217819,-2.1470388287481796,-3.227869050935624,-1.4851644490825038
199723,0.5800968542277474,-1.4202822791796166,-1.2268845273716238,-4.803919557792312,-1.5362475163153704
199724,-0.5653176475018427,-0.9227707552261677,-0.6896885732614351,-1.1464590652700508,-0.46675422482053364
199725,-0.620150378124265,0.4616835146185849,1.0711488334268324,0.14129068760718155,1.267178768366989
199726,-1.5014545083089956,0.23483079554682718,0.7663545224367567,-0.4223444339521052,1.9742917066225232
199727,-0.5968367469444047,0.06757961010180225,-3.7499029466659977,-0.2473537295531969,-0.4694622769688408
199728,-1.1745929295710766,0.2821796135655177,0.1752156472998081,-0.1166420022246939,0.2880500587801862
199729,0.006938067131727621,0.41199744942178995,1.053559249240493,0.49847219179628155,-0.591012533090634
199730,-1.2136864405005099,0.3032928164129771,0.9111357077342177,0.7972966956641585,-1.080435220907475
199731,-0.15206331302658782,-0.6176419574746319,-0.6126761081994232,-1.734045685763249,-1.087316282974939
199732,-1.7126160487070479,-2.074750859857943,-3.012365481948109,-2.187849736851831,-0.4372148999181604
199733,-1.411550107488324,-0.29780666201412487,-2.640258792307691,0.608861903508739,-0.7370288882635805
199734,0.9664642351085035,0.3021868052520631,-1.0117208089410497,-2.1669328097329412,-2.4714806330069337
199735,0.5799657680764199,0.9017116114474106,1.4519803183215458,0.8787283169948523,0.41599038482002015
199736,1.23271525941135,0.9153384869902084,-0.7862995112159865,-1.2118268273025024,-2.390118924559431
199737,0.030889437496341543,1.6218576369759603,1.0051284268844256,-0.1397507386582788,0.49674872166895057
199738,-1.5091495488407531,1.4883333531228118,-0.9610491033485005,1.671894486645499,-0.8790321164154875
199739,1.8345072457340166,0.8110310658559001,1.1154197906172385,-0.5514967712629186,-2.4894250748768627
199740,0.7304035132374338,3.286308078514878,4.874822863555323,1.214355669361396,-0.28140775810641117
199741,-4.201754447295286,-0.8207203423284568,2.2891541084558753,3.1118888078088958,2.3408056541252904
199742,1.9554129914002942,-0.31712124969385513,-1.1558548412498908,-2.984088972858899,-1.5409215329792687
199743,-2.386579891068834,-3.633166337597345,-4.92193922919455,-2.629763456534306,-4.781109187277991
199744,1.9645528029082584,0.7823931067002263,-0.07885685755837812,-1.4588226267320579,1.566542047369751
199745,1.0927195416828113,-1.487768118757458,-2.5039155561796633,-3.886972363127086,-0.15179404813409292
199746,-2.608771043264369,-5.83633450101911,-5.271020244778072,-5.797862514766507,-5.421975774401801
199747,1.400028164306434,0.8390734000900579,-0.5465481598253064,-0.9697537768987559,-2.2362848860006466
199748,1.358132504581988,1.2450118876465126,3.8852949641848795,2.0795676320522034,-0.15597641891531566
199749,-0.8038779132860441,-2.047126929626245,-0.8804599588028168,-3.2218917664655464,-0.06958934531616023
199750,-0.10010492858611997,-3.5324130572006425,2.335499693557381,-2.5433712312362218,-1.3644300170672636
199751,-0.41957704681874475,0.3974589408277893,4.15184541137495,2.296305348509236,1.0130820197394428
199752,-0.04151149287440603,-3.6397536260482184,1.8247115175609565,-1.2523419316833042,1.2567577413886397
199801,1.2185912692807506,3.0461886445476125,5.059541727763474,5.259672001417584,4.949615211826256
199802,-2.317706989821943,-0.2735321864566913,-3.265956635471696,3.6365940678387574,4.393849739536051
199803,1.3596378746287314,1.939987456196718,0.74111715844748,0.06756588453379209,0.8762732628495655
199804,2.575840496575495,1.6165392468654431,3.603434262997382,0.6973203049865901,-0.10287717002768204
199805,1.9690794072542417,2.069181591370807,3.9061594465468943,0.9958840992210867,3.7485130376591655
199806,0.8797037940533983,-0.7480234028465702,4.039845508149824,-1.1167391803514874,2.2708739070488377
199807,0.1112546106278387,-1.1631408135747279,4.835961745352904,1.262401746965736,1.2095799649839591
199808,-0.4220277640072254,0.34454160530538047,6.220598462200712,1.4107782595649496,4.138604410449091
199809,-3.0629236918092033,-3.0014097675324365,1.0124674278869747,0.3322095956140174,5.111475879504212
199810,-4.107892682827355,-4.575697014513139,-5.415320043303325,-1.977632110369882,1.6014994860071283
199811,1.8649300563286602,-2.278240969492458,-4.288087070012182,-4.079910909230932,-3.673550469643885
199812,2.992876543372631,0.10833478873900049,-0.5219678520220441,-2.217182602246794,-1.7627252600672705
199813,-2.386458209195723,-0.6616312312104355,6.1030177063533415,4.993948211141969,10.177247971794941
199814,-2.2745171116037,-2.619852048649136,0.7636561791672989,0.8672583353947516,1.140930323328746
199815,-2.6992124524507517,-0.8215355229418151,2.7241475550154632,-0.5070809530889733,2.1184112530975767
199816,-0.6705726159709684,-3.7491661039320547,-0.5304298489026564,-0.9361786729051573,2.5905763048198196
199817,1.0983937508662507,-1.846438801200975,1.1484541011176361,-1.7412322589836435,-1.0655606392290906
199818,2.8105106431923446,0.8601900757677186,1.9204953021830988,-0.65170465914332,3.645174354682638
199819,-1.8564437503499107,-0.022163186323780337,0.9221322597708763,0.6537275207199968,1.1676284050408299
199820,-2.087663499717962,1.6505936886602512,5.257687913088489,2.8949054858855447,4.640872508696532
199821,-2.424238870846523,0.6931498070368889,0.48518041098793674,2.069661693509147,0.13057481349949285
199822,-1.103484997196972,3.41717721632574,0.33453490149003073,2.5679213579765587,0.8270958286095151
199823,-3.8290013720685465,-1.8334221591583173,-5.455648786160566,-1.5503901635646002,-4.717167802566848
199824,-3.3525171785933026,0.15832061280724474,-0.5456433633197548,1.4964182448810561,-0.5343955954662079
199825,-2.1903227507477823,2.399424731598799,0.919218517681486,2.378903975850733,2.1324518194126654
199826,-1.0315581793505544,3.3429424782349315,2.051614570818515,2.447046479601056,1.1066530520739093
199827,0.6722995454007901,1.1721617676654432,0.8513079076901704,1.482026467328808,-0.7412905503458092
199828,1.1362497684342543,2.7807866660474474,1.5530982649928546,0.23520852182087992,-0.34383180234300426
199829,3.056669275072238,1.448432682756163,2.0016093442250735,1.1573985172971106,1.9871717671500164
199830,0.704408161908816,0.6696516513478628,-1.2178514559744258,0.20282349901526686,-0.3508451112659827
199831,-0.5449492047807212,0.44313674008748194,-1.5942423470687004,-0.47164545982730033,-0.22874269518644041
199832,1.4082852464500775,-0.35838701655427485,0.28928800952559186,-0.18085474755685027,1.7009197593043268
199833,0.3519794000108618,-0.6525441314956311,0.8447435982880052,-0.37791469931374877,-0.37220212127510877
199834,0.13746736761038392,0.3977262109536355,2.4600820319285504,0.8951552568392458,1.2883044792912983
199835,3.4254045709118373,1.5233450816199934,1.8563517798913836,1.8530541121224928,1.4634313159486965
199836,3.679748954421541,2.0774312392507,2.355663055125774,0.8518525932905732,-0.32803798542175855
199837,1.6404213381225077,0.4213054049708944,3.267178645279728,0.16776524173724283,1.518475994761502
199838,-0.5465804550547659,1.8284225491552206,1.5601787502869797,2.349652409922271,1.5788719111055798
199839,0.1483911635598929,3.7341876822545714,3.8670745165321136,3.0624718698133506,1.472164230906003
199840,-2.5668376860856483,0.09628120476440927,-2.3517098116291777,2.000291683660862,-2.4860361473414514
199841,0.2766404889055707,2.0858256546795246,0.04550581392578579,-0.4917762803435153,0.7359853938279457
199842,-1.723374278837582,-0.3382465740865541,1.5604083481825342,1.7578237135479071,0.9729114443654794
199843,2.0186989900334993,0.46909620263778606,4.516263372237233,-0.11500599820965363,0.8915049674681654
199844,-1.4683195055388296,0.22287367134265423,0.743152907560102,2.692062929064491,-1.332292787214783
199845,-3.82645343797833,-2.405677142360105,-2.483995537371527,-1.7337620752871885,-1.1188239477168054
199846,1.6608254067022585,1.9682306317457687,1.4929261712719608,1.8131656214309828,0.4731719609895322
199847,2.478174638417329,2.941529021970098,3.871322550045477,3.0772203039256283,2.270148430340555
199848,4.533238976768814,5.7398741206821455,9.487802740102495,5.8976871598558205,5.422163787209911
199849,-1.3852503464536312,1.127382629539568,7.175552462104633,8.113442217620275,8.265435334821348
199850,2.580949147132287,-0.6280701091668561,5.695195524894245,0.5938824631292619,3.6038602244078106
199851,-6.068665862543355,-1.4928617620234377,-2.439767721124383,1.7154442086334143,2.367770958296262
199852,1.7738239210115694,-0.3238085091466587,-1.80900219510238,-3.239997186397545,-0.42501015005206
199901,1.1334124736433182,-0.7153711046445324,-6.761585607055963,-4.642894205585947,-4.327006161418069
199902,2.6461296832700896,1.1247442299457475,-4.819423666732234,0.8748385433421504,-3.421988427867575
199903,3.4050662670659335,5.18908168030498,4.577313651561212,5.29531022251831,4.204026162495609
199904,-1.6163799572187258,3.280325374067502,3.7757113595356486,7.186595102108356,5.9718286908805
199905,0.8098874824304971,1.5849997733864143,4.872219753415038,4.474469742230042,2.749500949252763
199906,0.17053539980082633,5.311090194206315,7.42243356815078,7.396596219631078,3.6327758481904198
199907,0.5999794820003785,1.5347317298894723,2.460726323669803,0.4100029284334141,3.9216266996045874
199908,1.0464351896924313,1.887292663893902,0.8565505080793514,-3.4283548249164824,-2.6567778080667495
199909,1.6599793718707474,4.2845768846939905,3.6164285732331223,0.9930170795132653,3.363438752805564
199910,-2.183704786136616,1.1918048249077628,-2.365924275398015,-2.532439344269335,-4.73568561479243
199911,1.714862141500305,-1.5534724683851096,1.4038009084201803,-2.450725070016233,0.45587868225845796
199912,3.3722702375292215,0.35790918481887957,0.4258037394015446,-0.29570799646143087,0.5864535351150835
199913,-0.8774357428798112,-0.08935547852991022,3.92188083601161,-0.9879378409093533,3.2331803689535263
199914,-3.9102969233576346,-0.6710374285900116,3.304372903931494,5.279380311334535,3.892445978746821
199915,-2.0438854808502924,-0.6101389917864708,0.9056403875433148,2.2991389779782025,-0.6417932410922162
199916,1.3443438877952758,-0.17672439093581715,-0.9836969977214949,-1.6318188051403126,0.21015428898488153
199917,-1.6753824243019722,-0.4563423234631614,-0.30594902354965825,1.5021689095495958,-1.3592868709026789
199918,-3.3691447240810817,-2.8085352234142533,2.4003402127394793,-1.0863204398885955,3.7503963377400282
199919,-3.1370438779571828,-0.03792461233911126,-1.0935811838462541,1.0578321747737505,0.9057097701379462
199920,-1.9418648701005736,0.4826466466200259,0.5678559865831403,-0.6345202762597069,0.9302155562422172
199921,2.435113401540434,-0.13450476303103187,-1.1166130119397053,-0.11607264944979079,-0.5404707807915088
199922,-1.0691158538236891,0.01269222284844318,0.7071708829465706,0.5310271069993178,3.8066234487855013
199923,-3.476175530829323,-0.46586622918295006,3.069156464199409,2.073143003267603,2.500811475620651
199924,0.9732458961918837,-1.7162130612917963,-2.965362574701544,-0.835583122696562,-0.09680548840384517
199925,1.3742641184426247,-0.900797718622357,-0.4288103198065869,-2.3700053077361076,0.2697110370710334
199926,-1.1710156924318085,1.6503550193240812,-1.0458470657001158,-0.2833364132207521,2.5095705811651214
199927,-0.8939162265359073,-0.012322663473582907,1.6284777525758614,1.2456586050755618,3.176378951889319
199928,0.7201837126201553,-2.299758662004649,-0.7486444291486123,-1.5621792931195273,-1.0538101108791125
199929,-1.7563275255539565,-1.8768068516537255,1.2224734468294969,0.7138176314982729,2.553013071567534
199930,0.39653972062660614,0.15144007754781796,4.094969877610936,2.5323769457606318,2.6749135727934004
199931,-1.0794013016276267,-0.6789129926436317,0.07779667099470089,2.2227218327413425,1.4686801067300053
199932,-2.1747433453626286,0.3048976438210502,-0.2129685465541229,1.6732957149584422,-1.8045761909917246
199933,-1.1419264719926332,1.0469842105533758,-0.8348599171783349,1.7085540068972023,0.7221097742710754
199934,1.9857833866489045,1.118845189590786,0.557256008649972,0.22640772378053953,0.07043814290216233
199935,-0.6980299957509715,1.252431611382974,1.664540637528546,0.31262638120421116,0.7973698664067115
199936,-1.8202745077284135,0.6828712311115623,0.3996583586365432,1.6212732184306446,4.114038951761529
199937,-0.16903215858650356,-0.7298984435822717,-2.9592748000038682,-0.511883019835409,1.0138563449628464
199938,1.762976632519667,-1.3666396141337032,-1.7213679606401797,-2.5713976298494003,-2.2516105993105384
199939,-1.8960058773531046,-0.4681105440074589,-0.8287408646679069,0.327864514017449,1.2832058394349701
199940,-0.2484051401195302,0.6284105398768247,-4.418910952565625,-1.1612381769281797,-3.8597157450673762
199941,3.532666611464208,3.098309816879123,1.9184345616622522,1.6199313051968147,-0.486247257589298
199942,-0.3406545419817917,-1.9110545257950093,-0.9316439443252875,-0.6143205850571576,-1.5060809824612988
199943,4.204926617517458,2.7227739928755454,1.0125406375645412,-2.3471191018408604,-2.171169499017651
199944,2.044248487701168,0.4545389046336936,3.5010183608882812,0.5617088262249581,3.2672380725109633
199945,5.329271424625915,4.942008416149406,6.504075304669527,3.156105824529334,0.6481592062824006
199946,6.878398545457912,6.313563768079007,5.998804822627619,0.9375472256975854,-1.6206394902304169
199947,0.12449666331775688,0.7518922423990375,4.2642228802401405,4.735244339522183,7.210648706936354
199948,4.048098390990219,2.9504727912795943,3.6060870500324995,-0.5221627853426867,1.2262738790138314
199949,-0.400591559987447,-0.32784935485381084,4.651384779866021,2.3197671815074727,5.34714238037418
199950,0.4239367210497562,-1.6651322649966573,3.0500505318960904,2.2006360501781046,3.461318825243211
199951,1.960443830606721,-1.7572869776024618,-2.203911238707292,-0.027814042304896702,0.677515568407216
199952,3.4605216085534494,2.159908287798885,3.621879861943796,-1.7642132815207674,-2.662253418593366
200001,-0.6303053034611708,0.13648536912029385,2.976352522060836,4.6268225009404205,5.656477585978621
200002,1.521878923361328,3.284247727923969,3.6328357103159874,4.308899015873067,2.611082011976464
200003,3.722280236422307,6.605956356703189,0.6304741835875802,0.1545834104520054,-6.419816132329913
200004,0.09771493124560493,0.9003230057352312,-2.367662032661599,-5.6112006080031165,-5.556689533309168
200005,0.25502035469412476,-1.6893371031921447,0.7247025432569671,-3.835889424534969,-1.7144078385082366
200006,3.1509232711796926,3.7163151656608306,2.5316632278443763,0.4200476501105186,-0.6085163406091851
200007,-0.494695700047032,3.5817269846159547,-0.6491622583386061,3.601349375891232,-1.0315419051858044
200008,0.8856482099229765,2.7420616440085723,6.910277724811749,3.089685448079422,3.4556230628247704
200009,0.8159541778441621,1.6719256792807187,6.447061098042241,3.9512390067713454,5.0857011506362255
200010,-0.0723088396117646,1.0412915257494433,7.040512749578568,4.867877731634508,5.84327602680662
200011,0.0950654543806877,-0.49210502258011957,-0.7921239107154747,0.5693873938290039,1.1684530578148156
200012,-0.5808669490770058,-0.976212355375651,2.7944894659598845,-0.06355058902727251,0.8865452040333821
200013,0.5837510568455286,1.430817796040401,2.2853217177458873,1.5078316452987224,3.1036552843780782
200014,1.814015313054938,-0.7971322107007381,0.6310714387469147,0.7009521895262196,2.7309016170518703
200015,2.4644198255800234,-0.4862621800515967,-2.1089616866094616,-2.678671689693715,-2.5299368597001717
200016,0.3065024505485212,0.7683990104388272,-1.3831983215999912,0.5054474716216646,0.3598543846296707
200017,1.1750092636756904,1.5955517674792077,1.2756345456405143,-2.6006292723874935,-3.6065510591544694
200018,2.3579323940521135,0.7025326573498774,2.9482755350101684,0.3652052746811023,0.6204530690819752
200019,-2.505787888353666,2.5453477405534386,2.8441209535483836,2.69117287890964,4.079315128057601
200020,-0.7749543889141819,-0.6412716338293194,-2.303958890853039,0.35757702730626306,-1.193064470888885
200021,2.87287555254062,2.2753403239340173,0.358886541476636,1.0480350026275005,-2.774206907432472
200022,0.593570225711403,2.5088557354523005,-0.8550927320144979,0.4047534591339286,-1.606365548773681
200023,2.4836956309868583,-0.6355490322187052,-1.0984740726416362,-1.498462959109304,-3.249326369363928
200024,-0.836050371307806,-0.25051729234013465,-0.41860957459977044,1.1829352225440175,-0.9132117196164131
200025,-0.33139727276375197,-1.6097915241952023,-2.069187662186039,0.05899995534389291,-0.3774881139748345
200026,0.8330404166305811,-1.2036053314232618,-2.397403942315975,-0.48903450913536517,-0.003152733330693991
200027,-1.680577089929045,-0.47729048026883447,0.4256320398056346,0.20384710426441188,-1.5775713077341038
200028,0.26034101126975884,0.341604334389217,1.4218986562079863,0.944750028012777,-1.894508285250481
200029,0.0015144970172968897,1.8316058973610438,-2.6907083412764337,0.8555127946814309,-2.9232284761721417
200030,1.3100711019988012,0.7357035973292341,-1.415773020456868,-1.8758729585641731,-2.187265614319813
200031,3.053345212821398,0.0479161081481152,-0.20155212841473258,-1.2482828713409049,-0.5283744839194355
200032,1.4778071710365452,0.525999542773377,1.4590448427083516,0.8814435799391731,-0.07377485263430117
200033,0.21686504778858762,0.9530496841378522,0.4551761124636755,0.2976221218772821,-2.2315651153205067
200034,-0.13103054442660778,0.8603032754058404,0.22497993768683955,-0.19740570934749258,-2.5289896518734167
200035,-1.494709891065952,1.3506783804610336,2.2683057529427515,1.4611220347407539,1.5479252399053962
200036,-3.0491009148407784,3.3109274693235875,0.7741516099982846,-0.5727531506586274,-1.7684617988535365
200037,1.448662529072692,2.4224448719952534,1.1020644610966315,0.6457058125754997,1.1283456280418704
200038,0.8733647013995665,1.5866741550041183,-0.61795834265547,-1.6179812463589656,-0.7615339846515212
200039,-1.4174974194712604,-1.712136403087186,-2.9984152729311973,-1.9977445573900923,-3.742248440420667
200040,-0.16571300509281173,2.896360756721265,-0.5908839422057781,1.0740282764878089,0.01625642978160613
200041,-1.5319953736070033,-6.103916111719229,-3.5362317621207353,-6.012371439432684,-4.288084878883808
200042,1.3850924106831712,0.8669727573301884,3.4987193847022695,1.5251847323490892,1.1131973435126383
200043,-0.38796498333186946,1.083408825930178,6.024060062171827,3.552361522562819,3.2024862900813673
200044,-1.7180105106922952,0.3214896379586776,4.474434072731128,3.959060594424784,-1.226010631965778
200045,-4.436625088944652,-4.880971935482705,-1.2300346049086102,2.352354843314174,2.1766959757109134
200046,-6.751074225516277,-6.034491144155595,-4.843089709564026,-3.248901120117182,0.6487459836002927
200047,-1.0667370924712145,-3.745488007227209,-4.543692093616585,-6.357540784554828,-4.154678944019906
200048,0.8216282160187234,0.15835190434194146,0.018383477638167278,-1.0961320858672252,0.10059852780852907
200049,2.4054667944796506,-1.9436632546480723,-3.0470126097831667,-4.80518157135549,-4.292992693509291
200050,-2.521387035942837,-2.316799122345742,-7.131993629078522,-1.6985518927476733,-2.8002991684850826
200051,-0.7463004302261425,-2.366629140468433,-7.663064941517348,-6.04669206906658,-0.2034180521928306
200052,0.9556663983259455,-2.9864060769011758,-6.724612870874523,-7.031738523344984,-5.281609308097302
200101,3.498513762825894,-0.4439861866651995,0.46889945469177974,-5.43630976746789,-1.736756919314928
200102,0.9042019580733722,-0.5886938511906692,3.0671161807624117,-1.7451712217738304,-0.062064388103181045
200103,-2.373631374653826,-3.633517662633892,-0.8927481621266224,0.1568968072269854,0.6402949536241636
200104,-0.5436812317356612,-0.48926750942518993,0.42780440305728007,-2.0280200651570794,0.3009631136157509
200105,-0.3107399812050744,-2.0693329101720224,0.25775375670360745,1.0101355322602785,1.3919376136626624
200106,-2.9429542225755654,0.5604611877294019,-1.067070715418879,2.2742374880803027,2.113243032077321
200107,-2.7407320548272196,-0.7087163967690913,-3.9618811968052228,2.212811958762188,-0.22585057757510185
200108,-0.6488252437324604,1.503393939446937,-2.458415575131596,1.9560723390803787,-1.5166483428703827
200109,-1.9554490785015446,-2.3074940960920003,-2.692962161677542,2.111143221342388,-2.5766982522155217
200110,1.8321518392470466,-0.8010437450025165,-1.9365023839644095,-3.6811058914219075,-1.1944545317352322
200111,-0.10466949227730993,-2.2635170514514016,-0.1519737795971423,0.2539048761813092,-0.3422843714350279
200112,3.657529331025785,0.26884398552499533,-1.713672118977911,-3.0750184421561926,-0.38475692576713527
200113,0.8753735106380987,-2.3789772822960913,-3.08394678516828,-4.818213578420682,-3.8185352978875926
200114,-2.1750151333544636,2.336297268140015,2.5497733892593715,2.522562492334316,-0.15122521053513083
200115,-4.098768139873698,0.041354319387039595,1.7580932298323546,4.973757738089489,1.8918630142591155
200116,-0.5203112763783224,-0.03898791805102064,-1.3057714992318665,-2.390181408315186,-0.9112252125960367
200117,3.4314370977563726,-0.39932643623319564,2.571829141991543,-0.3495671276338044,0.7037011822097838
200118,-0.959893842866336,0.15737846474860362,2.7544456576591188,1.4734981485316325,5.697617507708173
200119,4.568190053434307,1.2858865627283649,1.1421000191188,-0.016050132069381107,2.187630463711514
200120,1.5915271032937426,1.7394850286448786,3.358672549202538,1.0235113912712563,-1.5316262587091387
200121,4.312398753340119,-0.04526919772524707,-4.911418391909365,-1.8347468724774672,-0.9245897888200716
200122,1.389047568393778,1.5462734086050318,-4.011408646679627,-1.2766621412326344,-3.929774371565202
200123,0.27016147532214063,1.252190958917538,-1.936542498854294,-0.45328842852262596,-1.4589403977516895
200124,-1.810768893601221,0.9250426231121764,0.48856706387454096,0.30658981514108063,2.7479573592576116
200125,2.1817446967660885,0.6070775250894371,-1.7538627278955232,-1.0250635882435972,0.48491019264736224
200126,0.994313766345158,0.4419367332188813,1.0944551652825112,-1.2490434095658998,2.1715595945992163
200127,3.3296600887025534,0.49326312691073326,-0.16178677238696082,-0.45291260546872536,-3.4306304092653477
200128,0.3813884070975746,1.0931051594916994,0.04934651352249375,-0.4528880334979135,-2.2503671033500723
200129,-2.0967705357961677,0.8882329074024256,2.629111815394708,-0.422603064053078,-0.39335656888414405
200130,-0.3794830681177359,0.9858619258650947,-0.3103194140684309,-0.5894229556534469,-0.5879171147652755
200131,-0.7799600263143702,0.5231679766567936,3.079048292674372,-0.7331409767631953,1.1363846908384403
200132,1.7671445588744632,-0.13467442345114478,1.6436447497824815,0.1855160133878826,3.5593674033276557
200133,1.4859984540177038,-0.6165685435009891,-1.760567049954716,-0.7743096955510396,0.4649134047791108
200134,-0.014225411471102234,0.8148433509210804,1.225546811303559,-0.20955113465521436,0.06245855881047646
200135,2.1226695412450454,-1.3013349008840578,0.5630797435168233,-0.631334709630778,-0.3733103018390125
200136,-1.4565662436265825,-0.8166644461110195,0.7967446976892916,-0.18048109297194515,0.6722315930731497
200137,0.998923196527528,-0.6849380134755165,-2.3752922493531514,-1.9217199898724857,-1.2456325472468848
200138,1.8283609728330248,1.4527275579247316,-0.9809801372105653,-0.0756787250846287,1.0290517168936617
200139,4.029851659164933,-0.5725533574230326,-2.442076411779169,-4.603089027826513,-2.162314710345754
200140,2.0125757353179665,-1.200072486604256,-1.6695267678421146,-1.9149166778591393,0.48198092793211345
200141,-2.359751845443782,-1.2080849390781054,0.1163926272006961,-0.5705264253647329,0.11598882732550919
200142,1.169422111432084,0.5749393231227486,-1.4558138148686908,-2.2180301672238443,-0.29787081140227656
200143,0.6360264537121338,2.398582387581314,-0.8132144384575781,-0.0020551608537857646,1.1838388637020785
200144,3.0398592412763037,4.109051855848463,4.387960732561396,1.2755403511998225,1.5370195644690625
200145,3.421611809820604,2.829860397054574,3.850554167261919,1.2251984770543345,-0.39643745159020227
200146,4.535350308379407,3.5988685312687494,8.203991590800399,2.4030167231851465,1.624227070521556
200147,1.583990411624029,0.9815655908889198,4.437668053711263,2.6914345410517058,3.7572577744595606
200148,-2.760734533261939,-3.594510005526331,0.3315440030266359,5.059866018167611,6.691061087996957
200149,0.03222932811735291,2.3442528092939483,5.865505879141551,6.14155668538757,6.689650004045291
200150,-1.8345685539655392,-1.5356015221184975,4.117736728645639,4.479605505376355,4.116491797108722
200151,-0.19277472663861772,0.42258963009709305,3.7983224837598186,2.3542591622126565,2.2803754995332497
200152,-1.1967260585694248,-2.485339197514577,-3.017401914123184,-3.4881557264329217,-0.026203101574310494
200201,1.297873068288709,-3.056744096681996,-0.11096919077323264,-5.151303057825146,0.31958862829935697
200202,3.234969823306699,3.22887652339881,6.797048031139468,1.1600164731723908,3.4629774825033905
200203,-2.698698587600461,0.6768698041846619,1.3209611116191695,1.2749986469062264,1.833448930066254
200204,-1.329153894659953,2.315653803002874,5.186317069855988,5.649826334973454,6.5589930165694454
200205,-3.8578236524845124,-1.3983406006012729,0.16137089069405874,5.58735136969392,3.2625515387331916
200206,0.2464533026159188,-2.295750987019119,3.5654189941448635,-0.9676056274037705,1.0156527320633586
200207,0.5884317986345877,0.4683513752166846,4.507372014249427,-0.06240206816067939,1.2208007086457542
200208,1.0594425163508276,2.115148547091451,3.7534134226024207,1.6191278730826184,4.673906854732081
200209,-4.384236562270587,-7.008938601880061,-7.435602485447021,-5.447980909880982,2.3676628672878337
200210,-2.4037522690567243,-0.23189460031659337,-2.8378706041150963,-0.5975742494755423,1.5317612599385484
200211,-4.057005286554272,0.23479449931306817,0.04790928532526095,3.589591764006059,2.245771620415155
200212,-1.7183818677045224,-1.8949717514404938,-5.944116491343493,-0.6124060982746755,-2.806917068299981
200213,1.4851434226487186,0.8314543202758955,-1.1281772751522112,0.7078188255749751,1.0739126741571567
200214,1.464597140469948,-0.36259716865566816,-3.52453388549867,-1.6084097317932446,-1.8980110184162413
200215,3.165046946698453,3.3444405332946303,4.5925420151705225,3.1199965167220967,4.824910804179126
200216,-3.4444298491289373,1.8839678197272178,2.311772957772007,5.9025146666539285,5.851335664021576
200217,-1.521160736981301,1.7177300479108908,-3.319049830135725,0.5969489183660812,-3.7666637104567826
200218,-1.4900762231211502,1.849215637161933,-2.002821522090244,1.5478040674765339,-1.5787281926479864
200219,-2.645189931006257,1.084358796235847,-3.2349276674790985,2.894259054917825,-0.5744291491643025
200220,0.7817696887912575,-0.7942581278218768,-4.789272532630889,-3.6442948839895166,-5.25749158792604
200221,-2.1938545969662755,-1.4268403812395718,-3.443143162579929,-2.579941577243119,-2.5127258225577407
200222,3.0338194654696053,2.170984616877263,2.431560224319867,1.526056970272009,1.0797881389227655
200223,-0.7505496089240751,1.0161971888115318,0.24112980363207726,0.786135331741491,-1.0280946945322285
200224,1.427849848691153,1.4064761266008077,-1.4592371660788785,0.01278952764062069,-2.6514391918321394
200225,0.9755378199287179,1.5913186532947634,1.937735425848075,-0.5789672134896477,0.6618774735321722
200226,3.4091147819514163,0.9332564019383085,3.600081180192433,-0.08935515572522945,2.2280612945162375
200227,1.576926155895876,-0.7451699663973841,2.3606956582029284,1.1958069372905697,2.4678817004449343
200228,4.440332923173287,-0.28993581360083454,0.07416557358317277,-0.5307518946036112,-0.8451734025213113
200229,1.0783659272781847,-1.4626928323876882,2.820756196031482,1.1768616606095748,0.8333201210355696
200230,0.258095840923545,-0.09076850319706864,1.078077394765728,0.29734402822236916,-0.4143361773541301
200231,-1.5556472830132861,-0.48133404832304905,1.5595762407750158,1.3167283228545443,3.5983378376925543
200232,-1.6606952449458277,-0.18116618693812825,0.03219819206134389,-0.5075206705219557,-0.07294640306361089
200233,0.18095037189482355,0.36677164923770533,-1.7087223426621563,0.17899606301352833,4.793118485577281
200234,-1.4864734065363905,0.9147454925824832,0.7553152508232301,1.2935429933231148,0.2843618482392003
200235,0.6342611743608018,0.9110746144515929,1.5436931251933856,-0.9948186738412232,-1.2769659125673343
200236,-0.7948600965362971,0.6445005126098522,3.951469859769645,1.286432871417901,2.6540650555078287
200237,1.6990982124706306,-0.8240939627540911,0.5689964010022095,1.393710183189114,1.8660466466824346
200238,-0.9187231798895255,-0.5682696216179011,-0.04230139266428523,1.4244595498649915,3.3531458136492915
200239,-0.6477290394016677,0.9520848035886047,-0.755465560613402,0.3524977886943361,0.3605381251095423
200240,-3.5357555542353793,0.4350832014403636,-0.970032559654328,3.5196553996718762,3.157784286334163
200241,-0.02099075889367441,-0.7831776641984334,-0.9627554085342922,0.6372639232952224,-0.9075672783278605
200242,1.2864705068330977,-0.9672085170675473,-4.203183802366425,-2.164035563945447,-3.1336912345797145
200243,-2.338922667251609,-1.733876289906732,-5.0806548043088355,0.7380823545603903,-3.7045958365268916
200244,-5.657231130340165,-3.4989784441737584,-5.4916651328438775,-2.494709084273893,-5.701122211887764
200245,0.4102954636601339,0.5568755632779698,1.6145452837661196,1.3558899503672137,1.0865716123981883
200246,1.3554911537331122,-0.9771014046023652,-0.08483308208758444,-1.4475081305611184,0.3309693405129792
200247,3.5185215027696017,1.8228989286845376,1.5378812030086806,-0.678307012735047,0.2659588398826145
200248,2.4187367402647055,-1.5501950173884893,-1.0804637243258526,-3.848586750240031,-2.7004578897092415
200249,2.004251304261004,-2.20159757200679,-2.772180429435423,-4.437659359558097,-5.249929015211137
200250,3.9980793193441855,1.1869505870030252,4.913573006610193,-1.7107543242586303,1.031786932466332
200251,-0.8726418890128684,0.39189758211659864,3.9063426620002133,2.7713756661995035,1.8081374135317105
200252,0.5912446391398021,-0.889953864462143,3.4850275873916416,0.2500293724396556,0.7636742487963488
200301,4.2261091730435965,2.053242431261822,3.9645385285033967,-0.0788867875803021,0.3314255854502335
200302,2.6461339788965574,1.6645944962401131,1.0443242902014163,-1.1790690939265005,-1.3307094210842934
200303,2.616029375848143,1.7338724763424693,-2.6738687900999025,-3.439482933074032,-6.1048114806336
200304,3.973378266174848,0.20728903861163417,-4.834053850328019,-6.1168406113898754,-7.681988089097729
200305,3.644849765066283,3.9287555903683256,3.5092683539284053,1.9019218351725726,2.2783048230637633
200306,-2.3241468316221017,-2.6876495631582316,-3.8105249616494916,-2.8783902675914987,-2.348398779710976
200307,1.9166276338721104,2.458217061726714,-1.5386257598798352,-0.505309317677245,-8.816537614855235
200308,-2.0394062428050006,-2.2988992323108164,-3.5845029485920463,0.5023038075380555,0.4769923136279317
200309,-2.930721260048415,-4.330200511324847,-4.300538745907886,-2.2535952993340516,-4.671063092268753
200310,-0.10403611689332593,0.4134467009790228,-6.576320781280003,0.6701019366113314,-3.7857325104159827
200311,3.5114177751352713,3.6478753390775864,5.343575766130755,3.5696081305571283,0.9396392747335653
200312,0.9726983874408006,-0.1989076502807734,4.874283135078713,3.106381747821729,3.261925121304273
200313,1.105486651735589,-1.8026663488711847,1.0686047165906984,-0.91280021497181,1.56238654776962
200314,-3.0464297099837268,-0.5786429370444353,-2.3299043741073433,1.9022471403768009,-3.470438414730154
200315,3.075389453352443,1.1798413704559607,4.839101903385767,-1.325389484201196,0.35638819833343405
200316,-1.0659136620911909,-0.5073012099137486,0.37457548131266094,1.4882460684187322,0.5460150100253145
200317,-1.577961567911359,0.6521723707133447,1.1488964518589455,0.1798204352012931,-0.05672083463088029
200318,-2.63603828955263,1.4108457243610815,0.4184989199866891,2.4568294503376933,0.44605057492594824
200319,-3.023509632457035,1.0393663194706733,-0.3945258911566043,2.7557353699686473,-0.06830993131330843
200320,-1.0532371382061,2.3767370297155708,-0.23806460634148152,0.00832737277431761,-0.6228833660132409
200321,4.3867665748514355,0.40436977202682556,-1.6778967615871352,-2.010853235450213,-2.8229905391788748
200322,4.495233596219123,2.853235212973914,-1.2086209775283123,-1.7703659401504979,-2.337981480130395
200323,1.3717925298365117,-0.26974808504530756,-2.780862088381298,-0.8800472555716397,-1.697110858412998
200324,1.4840836632685068,-0.019254554038752758,0.4121553929625179,-0.07048637768872368,-1.1132229737676766
200325,-2.3780714920814034,-0.11600707249749576,0.2655667218052713,-1.2099535406103996,-0.773276519169201
200326,1.0770385104956972,-0.20100039457952334,-0.7983302552738678,-0.5717748369409605,2.219990929115056
200327,1.3328698086878603,0.9030564676236281,2.8030973138686477,-0.17075938628164522,2.377702108017502
200328,3.1126236787321204,2.5237909341591376,0.0901466824786894,-0.3307845450298714,-1.0419574278822097
200329,4.258069506144977,1.4842476495315395,1.130929569297848,0.1021138531779684,-0.7751554459538852
200330,2.799421042640631,0.4034196863676698,0.951629289846494,-1.1092832187961221,-0.37817675978493526
200331,0.8444527445602148,0.6029446165890135,0.5239545551248739,-0.727618960413281,0.46059790439454673
200332,1.4853223292843722,1.9923905851605355,1.012156045339566,-1.0348054211428916,1.5027057781462076
200333,1.9932277663577906,-0.6870550386543073,3.9314625610902567,0.5964805950118262,1.8854025006249913
200334,1.6673129606827501,1.0364269544039644,4.718914544362917,0.9178566979539369,0.9819785370241334
200335,0.6477873574876867,-0.8317254471742785,0.531273689822342,1.1699651593525005,-0.6353863939489202
200336,1.4239194435850777,-0.6938606331065671,1.5424213661846693,-1.3706120084199824,-1.0199468684440376
200337,-2.4837438464625734,-1.422726818033766,0.4813652843337195,-0.9683531956474098,1.6534202723202043
200338,-0.767199043930475,-0.35264109923878095,-0.8916427334686432,-0.09179609475415873,1.5787477525169606
200339,3.352568745105316,1.1709008458724384,-3.488078646318968,-1.2484855954019736,0.4369528215541436
200340,3.495663145983258,0.19119185643893388,-1.4368596380304552,-2.717863294258393,-4.9676133432663505
200341,0.680016919434479,1.6996814043694712,4.117378853554499,1.8204932980087278,3.2167176568443097
200342,5.831975644731415,3.8762182272761265,3.506497711344082,0.2351088691127643,-1.9719169890391868
200343,4.916335473510003,2.4871954298664036,1.1543819069788128,1.1424777473191625,-1.9048168822550338
200344,-4.601146457641278,3.6040527446683654,0.04243052474396336,4.959357595227345,3.9657893047989887
200345,-2.358437773781475,-0.29059270254248304,-2.9174984774941777,2.5867015260612902,-1.0183971428275527
200346,-0.019535098057531286,1.697713869678637,3.31863493571268,3.079779282692982,0.15817455813163406
200347,-2.1836861465565107,-0.10329395226693805,1.8563249263354464,2.743290321833399,4.649389849116631
200348,1.1419321950285735,0.5337677065422781,1.6920331271235796,-0.6463217559092982,1.8607565171564033
200349,2.285997694255741,1.116925750368523,2.1452686211287073,-2.0844278150910895,-4.069025612561177
200350,-0.404292170315955,-1.9063148881949132,-0.4634381017473288,-1.5889548077520885,-0.26108861034686015
200351,2.935687147394731,1.8173810075355732,3.8095079477153035,-1.2177449020317113,1.6774105866287528
200352,-1.0062863570748846,0.4790664539524414,5.012219188857671,1.3008005001200331,6.156459958054143
200401,-4.8380785946923766,0.784503827835124,0.0012677935281431019,4.518612802952589,3.56954353055022
200402,3.2327882737246227,3.379449647564172,3.008954076297755,-1.4737257365664505,-7.422436364086309
200403,0.7090734136068022,1.0821512900623702,0.06266917538897587,-0.6110569443266058,-6.051562570487533
200404,-1.689721584862582,-0.004860385041979498,-3.7796182959717726,-0.9584036823080169,-7.064543476977576
200405,-1.5753024326743343,-1.3465882606128048,-5.915068540964569,-2.4175781653780746,-2.113656199355148
200406,-2.640304664760208,-2.851538995447811,-1.2447552804990778,-0.5358137724607559,0.3252361988537018
200407,0.06500247031277695,-2.6784255905782857,-1.431363506365983,-2.402978710804689,-3.1035966525515164
200408,0.4963447711519393,0.3059437742887212,4.1053200349406325,1.283454431351231,0.6845490704353665
200409,-0.9981563734158385,-1.0619120014206374,4.540254277517363,1.1904227319063807,3.569164856842292
200410,2.202046536683156,1.5238946961861188,3.3325278012720787,3.0922076610443696,4.0568664546366335
200411,4.064661729937654,1.6402821854442209,-0.39539895578798223,0.14684903372955205,-0.5753094645535839
200412,6.671136308358996,4.618201583191478,1.8522926437013894,-0.22697834238954329,-2.818711782474338
200413,3.0182846467493505,3.242015128903688,5.259516393952254,2.321470720964669,4.068536494098566
200414,2.749976143275944,-0.7510697153753085,2.537221011407439,-2.204999960812245,-1.3427843352285436
200415,1.8546585022280055,-3.1566808897883334,-1.8595432240082914,-0.6774596777902957,-0.8554179753764402
200416,-1.139744468950994,1.0223646469282244,4.697488196699965,1.7631338108012073,3.317298829659194
200417,1.7702546764106728,-0.5142516296497774,-0.10365412953450459,1.6328344115030404,-0.4581261293359944
200418,3.000755993086443,-1.2450888125889037,-1.3032655605434798,-1.0964855316577768,2.2343612187278836
200419,1.1049507601889559,1.8971115569389099,3.412147733796246,2.7048387614275384,2.140775475410976
200420,-0.9105151207666609,-0.08815716173529609,-1.432563235129237,1.4993934894018253,3.8239297883693553
200421,-2.0253365728981407,1.046120138368508,-0.15908121970346656,2.8404214137587473,1.1407394186337
200422,-1.1649192664865495,1.1404958109869199,-1.0140337661529202,1.299944511364231,-2.4220101180197844
200423,2.016908361156254,1.3351323913113902,1.1039790923978217,-0.10056435554224663,-0.38351007168853357
200424,-1.8982920735370499,0.6017580855433948,0.3022219307275691,1.0008511474664488,-0.5786512253801561
200425,-0.7736359465803844,-0.8633163545130174,-3.586586354507574,0.29298938893651894,-0.5622462442972278
200426,-0.32120514489452034,-2.752480438864552,-3.4754879264638703,-1.4557391576915393,-2.4779696833321623
200427,-0.6257924015274057,-0.2210672388708872,-1.5641831016347396,-0.07589847750381296,0.13282997483327108
200428,0.4878319221084553,-0.08831235447320296,0.36575826812884316,0.639786982493888,-0.7782568504949268
200429,1.3254282339737529,0.4884729666472367,1.0348719860704136,-0.8196729267507976,-0.3939499855942472
200430,-0.18605582348300231,-3.1328327525229724,-2.6956808456127987,-0.8103848215414473,-1.1719014461589836
200431,-0.14369788189071642,-0.7070171387085793,-0.2533352004312519,-0.02024822909413615,1.4158593719876649
200432,-0.6033957717180556,-1.0349818752700344,-3.407199922491486,-2.2734565625527807,-2.4859579433780254
200433,0.12073898553489926,-3.7695275786197158,-3.633520236121683,-3.653890576609456,-0.8808005633841844
200434,-2.5033401879837243,-2.041333670211941,-2.17357037911745,-0.6152312346416693,-0.7892445637014589
200435,-0.6975006411796016,-0.8131025520679032,-0.06105582279496957,0.01340569586335505,2.27404157562961
200436,-1.530023132886754,-1.6961491617308866,1.0181489476888714,-0.298610871093274,0.4824567791739014
200437,-0.11923323364680982,1.0460263104065461,2.2414941814178064,-0.07996922254079664,0.8076308848793587
200438,-3.0609184340707998,0.9335086037797282,2.077514689772329,-1.029668154893045,-0.15217309526070721
200439,1.597087827014775,-0.7802754196055162,1.552205106279132,0.6896835639789742,2.79968040393544
200440,1.1377527161717467,-0.5203958524172663,-1.0323011941231925,0.6732552396496772,-0.7521407567480196
200441,1.6847810836075041,-0.17693080024218943,2.334801811119519,0.3671620661847328,0.9973474447862145
200442,0.03423046428883936,0.5308762373610989,-2.244786324200561,0.08506055307537963,-0.7887346851242683
200443,-2.419224296466325,2.6428466179604015,3.8336577585045575,3.2298634986383945,-0.40944560209783276
200444,-2.4288876383853903,-0.5621865331136178,4.237008720436734,6.0641372044685795,2.483953304018087
200445,2.1849978597506947,1.0365788236645699,3.360899270147627,-0.029453018083586358,-1.2388948644295965
200446,1.525305252597093,-1.9033542175515095,2.5380244339144156,0.20770289559800403,-0.8175830509945854
200447,-0.34391057676833725,0.7016062564048866,3.9691591522744716,5.104323361327147,4.75007847832444
200448,-2.2031875912433634,-2.1774797030519153,1.1683009772731339,-0.14589157991713364,3.3295465650085703
200449,-1.0550263800133166,-0.658526958166533,3.24074066288739,2.429875414076264,0.8348960837321897
200450,4.63245482695072,1.0999797813356054,2.9211771204066963,-0.1754460550042154,1.0993355539254708
200451,1.9257320664732447,-0.05751500069538906,-0.511086224141593,-2.2512766799092674,-2.6636672582638425
200452,0.7045808147289563,-0.8360847970787404,0.5026292929777583,-2.0756922295686877,0.2711095590403261
200501,-3.516456333515407,2.00698879611366,-0.6501082667959963,7.829297493596982,4.699863623481178
200502,-1.93735110048857,2.7916110250305906,-0.20852649439956394,6.801335117276267,4.709660568415245
200503,3.297867005490957,1.4779087954355532,-2.849332655470107,-3.4000421311401396,-5.0558765991708015
200504,4.236605619841214,1.9822503061648717,1.0969986461209942,-2.2326660202428457,-7.52363153842515
200505,2.3777368485776833,-2.224746112913806,5.193229304512499,-1.8726144646944363,0.9746746508355386
200506,-0.23292639531365467,-0.1023438485183874,2.692431163014362,1.828831968820566,6.1013695666517265
200507,0.4373204240558266,2.448134395033037,3.79496976216808,2.376998102318339,2.333418074827307
200508,1.3724734968378698,1.4974694512533233,1.1547561894974478,1.725166409306155,-2.8341452778930716
200509,2.4241864595678635,-1.0296797332197798,0.36452806878639876,-3.4177362974293715,-3.7013299291093062
200510,5.475836940094496,1.2077429990177961,1.4412087963960971,-1.9565835083901106,-3.2130907307675898
200511,0.5045019498521697,-2.3806555455217335,-2.1516742417155683,-2.6634369382975365,-1.7763524976099916
200512,-1.791080002237834,-1.268646661518062,-1.4210442269234136,0.029809042515694273,0.04110855927734747
200513,-1.278512339328529,-2.7872858580565207,3.158862105929188,1.4181477945974166,1.4195655351914525
200514,1.6620147867398032,0.1777632816592245,5.454983723024327,0.7532892071246806,3.1461291113401444
200515,-1.357174999238623,-0.3173253497597557,3.458374953325233,-0.011170784306500536,0.1415231940404169
200516,0.051802750390891106,1.185603709306804,4.859838743704472,1.1633348860132742,3.4289235682455796
200517,-1.1872343156605893,-2.8503985311672295,-4.8309135046986285,-3.897525271183781,-0.962514080122105
200518,-1.087710229218544,-4.403177295900775,-3.8531886775626845,-3.9390848092473334,-2.315520071922208
200519,-2.1731966029890373,-0.600609572452754,0.8633706411587241,0.7865313956828572,-0.8349107722514759
200520,0.9699027013764407,0.36034954706980216,-0.8713584087964819,-0.6822537592260574,-2.2060802156844375
200521,1.693524792728283,3.3272971556718858,0.18538393369772166,-1.2174373196925785,-4.283517515451365
200522,-1.1474530598474644,-1.006713180226086,-1.1267961372755053,-1.9082654798044132,-0.7280645134988504
200523,-3.8732589135578337,-0.26001952380903504,1.8506803169585737,0.9850169450881481,3.4986508749573773
200524,-1.7719557204833905,0.4678782918418847,-0.1634490723935187,0.6408665087995473,1.8528988857856348
200525,1.0632688919549764,1.4554274570368193,2.303760335443485,-1.1853741741131216,-1.8020678655936422
200526,-0.9223839967331173,1.7469739712883552,1.7181122854657929,0.5863233680443045,3.4014853499925835
200527,0.820473419173311,1.659816322278175,-0.061394735580165616,0.06321160068927156,-0.6724290463263856
200528,1.6185147868196168,1.1951046222040418,2.6428896565154787,-0.39631107304501256,1.3355487853143586
200529,2.836915226499002,0.7909484111072516,2.599547650753948,0.5295115806266608,2.803760286751583
200530,0.28393251008469633,-1.2074289660829436,0.08599288279344819,1.3155919795611908,0.5525274843433863
200531,0.5013455128219562,-1.1816855849114631,2.259288124159127,-0.1431553528028644,1.5972672361596096
200532,0.3768254146212371,-1.9873538892296665,1.6881504782500087,-0.007624391743661363,2.203717890129383
200533,-2.537389993255431,-2.451819747021034,-0.9462402106325953,1.2587047261181397,0.6954239479969715
200534,0.033134764432873,0.08595264779160061,-0.702447290928319,1.33085254547143,0.03371516081364234
200535,0.3659600045757543,0.6408965398187547,0.5797081988733908,0.3262170601341836,2.0644514072720312
200536,0.8333377810990328,-0.15808131645678714,2.4279689169819108,-0.7104659853988551,0.6544930269990346
200537,-3.688131616142698,-0.2860137846219004,2.467223338961105,1.4074566479308146,2.7133970734347486
200538,-0.958237137846254,3.1770928674681613,2.5405945937259276,3.1874774661288257,2.9415464955789616
200539,-0.633759433098362,2.693775703000597,0.3573362265686342,1.805109756191598,0.19502322489546486
200540,-2.6830055644862796,1.079248642732182,1.6793216076721365,2.5787529832326186,4.468491414477228
200541,-0.9002290674313826,-1.620238297497906,-0.10240625610771303,0.4188545614447321,-0.06695206268761922
200542,1.8291421850794336,1.8663226030919873,2.5383577710492773,2.4708928305358313,-0.42199351280754627
200543,2.340756367649419,-1.2055010421842667,-1.6004451745573078,-4.102157336710661,-4.093807854856834
200544,0.45882977336634667,1.2900498493287387,3.6237506641241453,-0.2120046965702045,1.0855927598981907
200545,1.097168058888883,4.710194549027619,4.387685919277715,4.484783119938015,2.337720557732098
200546,-0.41298682839271805,-0.08069257430480548,-0.18550179009258727,1.07785960415697,1.7628132080772616
200547,3.441524725467275,1.2323258246325963,0.29951187803629864,-2.0850560953898025,-2.1229897700404194
200548,-2.496851191448627,-1.0350462238741898,-1.3616984561024879,0.0023324376176674377,2.32747950852405
200549,-5.483505084025694,-5.079606131331559,-7.765835692086625,-3.2123812668409073,-3.844763148348534
200550,-1.9834886065168007,-1.0697943668844232,0.27486118138040183,-3.2098963751810743,-4.170155551581956
200551,1.22915591591061,-0.3376763877234339,-1.5263288882532038,-3.8421468326590684,-1.9206334562608163
200552,4.452532577564796,4.7383178252169955,6.0840592210950035,1.947567327939396,3.129153266204355
200601,3.4573032259370393,5.203224704711374,6.105232792706374,3.0235118248747312,1.3023303413572762
200602,2.404407843180138,3.036301932289234,6.2723871131788655,4.6324033916729945,6.717870406239285
200603,-0.5961985161723078,1.7652839197600088,5.224910295261395,3.109479337165851,3.2686427505742017
200604,0.15276119188399662,1.412542269793562,5.872354369152276,2.1003848203718576,3.1187167961704176
200605,1.6616325956534297,3.2993858968227983,5.390310356828593,4.091891973769464,6.759549226058539
200606,0.49829097452220594,0.4927016225647094,-0.04762580277690631,-2.7864716486569705,0.3338594572983311
200607,-4.3633635555734145,-1.0540254033594465,-2.9556910173430992,-1.3530740320431391,1.6726670220166397
200608,-3.0051752003756746,-2.1797458075459986,-2.0438393610630214,-1.6375611542114257,-1.5397630976676737
200609,1.520227035653022,3.5949877635840153,1.0515188647705145,-0.054906897696582746,-5.771939480686456
200610,-2.204913865855076,2.980147975643547,3.6639152148525227,2.261537287807414,1.565003739983922
200611,-3.8809985118917893,-0.6592407234247162,-0.8304192187582657,2.045680224055559,1.517850548493925
200612,-2.201384535672787,-5.439346182276211,-4.532718823394475,-5.013307717682892,-2.712482022522579
200613,-0.9020859017838347,0.7395470869246878,2.0584288005155713,-0.44853565346062396,3.881996375392305
200614,-0.1452865889327768,1.348804652387912,1.669227461035291,2.1806944643772113,-0.022610923600439037
200615,1.258655438587141,2.993526945469739,6.660702945087223,1.382606771803637,3.297224490798783
200616,-1.1220730883439387,2.3107777598744406,3.3559146408875336,3.628763834744234,2.002345156809156
200617,-0.020289862396566605,-0.7630810627354094,-0.19800049718907076,0.5886993411321555,-1.6881406200963625
200618,-0.4072423911388796,0.811670210337013,-0.8226082647084354,-0.1490909291993603,1.740256900535826
200619,0.058957833947488325,0.3484489882811772,-2.0570795586695,-2.123077967238032,-0.23392697597682854
200620,5.969534218572733,1.3715498004839333,-1.4008374613476917,-3.3236835261761257,-2.297243377438633
200621,0.8307943232779849,2.538112215950548,1.628487687627569,0.786398847872988,-2.433710582672518
200622,-0.3050788985777899,0.23728080725851441,3.2799995045056107,1.4652072630149178,3.0979426748548917
200623,2.079914966357876,2.7114914108695984,0.9555477888172277,-0.6520566939958599,-2.5357442025997443
200624,-0.7203824285006135,1.9147185547025174,-0.15693287391519561,-0.4893609758055959,-1.5772817849603484
200625,0.7053754090928805,1.1670121234773774,0.16961168509243407,0.6426199204156546,1.4210263237185927
200626,2.982042812348766,-1.2609886982550051,-0.3117226353602405,-0.6038419462260549,-0.10234574542823793
200627,0.6510213199761665,-1.93954670706961,0.32699284587033617,-0.847505268554869,-0.26521832701450876
200628,1.1174507255586832,0.9514787844199759,1.4905334843742821,0.08530232038253871,0.9456891608660385
200629,2.8289117176354353,1.7124072052346264,2.3000964698373423,1.413923688228408,1.8198692314777531
200630,3.083767014141756,-0.6007252084023094,2.278064239441676,-0.7041855543680526,0.5901123245507733
200631,-2.1703121248899606,-1.8276687919557162,2.7439091216781435,1.465363138484463,2.4226358730913375
200632,-0.3886367675081033,-0.23057561807263482,0.8353696598987312,0.554719308920312,-1.4867623193745771
200633,-1.604395898163773,-0.9835743676674156,-0.4439059235556897,0.001193722372420325,-0.5653380475266658
200634,-0.04947969281732867,-0.5440739455597168,-0.036924560155057407,0.21190667431375232,-1.1993088707246216
200635,-0.8083102730651603,-1.461713603975113,-2.0391589827819416,-0.6797811522489496,-2.511919801226952
200636,1.1737542669127379,-3.781899242789166,-1.545005731052015,-1.790320862155852,-1.3404307114213339
200637,-1.5609598323208616,-1.47869406476741,-1.0305049229807537,-1.7210473643064006,-2.175118270103553
200638,-5.791057529800639,-2.869149892704627,-4.344684685999823,-1.3956551522592804,-0.41069808398953
200639,1.0237186019228375,-0.8858704954019458,-2.6871342977117934,-2.228113454113725,-1.3419094323235186
200640,-0.05324342505087998,2.4598918892714323,2.1539120728158423,0.5792096058900711,-1.27131672908655
200641,-2.1704148314203735,-1.4460944021518003,-5.025957023842011,-1.9731827492897196,-0.4625936006764846
200642,-3.0339008357160537,-1.8996871008218363,-3.3172437827179806,-0.5171516628493578,-0.8529713073323819
200643,-0.6350995206552739,-1.894330866109044,-3.6907357291966605,-4.413810195882661,-3.575386459122342
200644,-1.857735959855063,-1.0985730439562644,-3.2721016299191206,-2.3658264132693034,-1.7943039842546682
200645,2.4741817448335155,2.6710565000050224,2.8349898372522944,0.4872059152971815,2.243720709384718
200646,0.1155987530338507,-0.17377481508503934,-0.5679353637003715,-1.5483386597641697,5.181226772783305
200647,2.7654639512402355,2.4195883230702293,3.4188690255313077,-3.14110795109832,-0.06472869323249597
200648,-4.96337100215959,-1.2522128623876938,0.1744884712583712,3.436947612650613,6.7150470697234255
200649,0.8028064778516182,-3.733005768603789,-3.9536005113481565,-5.513163092679292,-2.075371197087861
200650,2.8410765291552025,2.6960565095262155,6.0807601391134085,3.194595034202621,5.604545194266848
200651,-1.9155043786942088,0.10951008909074744,4.598432801796889,5.590012424308782,5.511070018652163
200652,0.3185345857664288,-0.13439688430094066,4.853926294464429,2.525140466203709,3.607087574669549
200701,0.29005319903916416,-0.7290017837203777,5.711983324010305,5.1021007667945355,9.071171217049539
200702,-3.597229619724544,0.536413601811148,0.543401291662235,3.3818812971286434,4.500259058879806
200703,-4.273513972922217,-6.411417062766304,-1.7064667355640495,-0.5503584704384252,-1.4096027823588315
200704,0.373586065161021,-2.7119980714899157,0.42475269798273985,-1.4543610531075046,-3.414789512890252
200705,-2.5557945392864667,-3.623230316440413,-7.05903242382692,-5.120267612503767,-2.864169432624294
200706,3.267662938806609,1.5775346243082708,-7.483513055615731,-4.6760516393251805,-6.889809428667263
200707,0.2167925287241701,-3.537270996147072,-6.338144636496338,-4.950755828368756,-5.752470327286915
200708,-0.6342660368301836,1.7126255260708945,2.2516475890960805,0.9271386470907146,-3.2911489637981504
200709,-3.741830269797049,-1.6215830895283716,-1.4971111416035683,0.6544514998084878,0.45270166124493016
200710,3.8817699943254524,2.7697297632270192,0.0874372685726712,0.08656565154552709,-6.600197206964708
200711,6.432084112443249,4.204915950863381,3.13614492228794,1.3540410775519263,1.0897242197154355
200712,3.6756704376905986,3.6782067274438077,6.107574654844996,3.9157789084916885,0.0931487852766395
200713,-0.15543578169427974,0.5778319894802735,5.73241553869849,4.723807935326818,2.402724621031325
200714,0.9126914407041795,-1.6406868981475782,-6.847258047186244,-3.173781884091909,-3.3226988517574227
200715,-2.0880775647318046,-3.7344301010680283,-4.665122260575288,-3.5956631043922016,-4.350892984561824
200716,-2.1416040006759545,-1.855580919108661,2.2318558779560362,-2.0266877845883755,-0.3985460436895778
200717,1.9588227882975389,-0.32969178751710615,2.1812939131767735,1.318873377519708,1.3470664355024269
200718,-0.729087402288144,0.15299965234942192,2.4129005033040585,2.0698438787911186,-1.0584725002058235
200719,3.8886618994077935,-0.07208223193970298,3.4603064998772766,0.9666911992086398,2.136933978279501
200720,2.8613316535676745,-1.511357682086782,-0.5419892420616748,-2.1747233549428984,-2.5120077826504144
200721,-1.4396907838712423,-2.1163328115949867,-0.4153340177572886,0.15576374110446523,1.4943444689346848
200722,1.3263192592317523,-0.6938109297811366,0.48574883085683496,0.16397619188785484,2.3287944187290464
200723,-1.409301670388345,-0.9119598662633166,-0.9507155282813073,0.7826730842803613,-1.2169158678265148
200724,0.6167916520140011,-0.7851274523989105,1.9439058537957976,-0.5337633169704645,0.11112453349323914
200725,1.8144876185453995,0.14474655689673455,0.32595862169893053,0.17531584335165462,-1.6447244256753493
200726,0.9725302612358746,-0.8222549741228704,-0.8458116321089619,0.22356577887353524,-0.055846671659708136
200727,3.78122575971031,-0.8412416683759716,1.1723701909081115,-1.240283223790641,-2.1616123408091426
200728,2.3043739473137066,-0.8773473918472519,-1.50318929105498,-0.8507405903471295,-0.26890461637111684
200729,1.5541203946675637,-1.6387410272779448,-0.036929221508330556,-1.2290036200911914,-1.5078858448918595
200730,1.1044675736262661,-3.109447945028762,1.0233672080063911,-1.6834313645902625,0.06563789253118557
200731,0.560872263334204,-2.5534939026503594,1.3719347423347017,0.40177881023731743,1.9353935678327616
200732,-1.1404126904922691,-0.449890483207696,2.2886513552430756,2.841245421867768,0.22670023381857618
200733,0.9378109632063456,0.31686630787305603,0.2319557553433924,2.277786392309281,-1.6773441668249234
200734,-0.556613221838802,0.05183243908231816,-0.15507872592792182,2.041447626053639,-0.9911313495312584
200735,2.026239450714172,-0.5357622323944042,0.5539613355707047,0.3814913349624476,0.23679558250375976
200736,0.27932348299697196,-0.378593518614764,1.4866856305150122,1.2127411195429545,1.5307429684591511
200737,0.28588272830410233,-0.7170592922938113,-4.722916375256432,-0.7485654565017512,-1.946015913075371
200738,-2.320747093931061,0.14752871787101185,2.3405702172316296,0.12332690998005091,0.5604548652501649
200739,-3.1737799969620824,0.5151505435662784,1.8856873510635523,1.9561029693797423,3.1560197897319995
200740,-3.5979669397439693,2.0050097631669246,4.616302900317237,3.3113176022637845,4.202086103389092
200741,-0.49581909951353964,1.6645480605047283,-0.17076116481496229,1.2352118731814699,0.35742084485599435
200742,-2.3331677449609742,0.9122802039403268,2.4955367190752895,3.4446015291336494,3.431098531802377
200743,1.861363566151681,-1.0893655874273236,0.5219186667403619,-0.017481988373958757,3.3477243590894545
200744,1.8501238444969204,1.553715922209392,2.1967310858127576,-0.5122662238295561,-0.3325400945896604
200745,3.9157406022314944,3.628838241471783,0.51476700378646,-2.2814306111025076,-2.8777860504574164
200746,3.2017321729932178,3.6828385225709326,3.1016398183948013,0.6713299956258538,-0.009042400777275361
200747,-1.1085248295719339,-1.3972005603009165,0.14318361551966063,0.554526842150608,-1.5337210831561379
200748,-2.197780377814297,0.3459682055346889,-2.5019043827539917,0.6428617675517216,-1.7058908627856795
200749,0.7776197899668205,1.8590266951820809,-3.6534847045455194,0.37239268956415117,-3.843866410825285
200750,-3.1275495237114797,-3.091948936367544,-2.4713100205885894,4.923021379209274,-2.4322870736767186
200751,-0.5120339650499659,-0.06761286964996316,1.8946685422610585,0.735455172230786,-1.3079996998178558
200752,-3.105334459035646,-2.8206076798899744,0.834686442355121,1.5252415800452468,3.6048113127752686
200801,-0.23624174161449218,0.40076725929878876,2.8271325210786244,-1.276374398031919,0.27132831347182673
200802,-0.4522844695002277,0.7422498349125135,3.9934865759854006,4.78725640856635,8.08535085975069
200803,-4.746205401301495,-3.996053118492057,-4.3638742666743155,-3.6971831500506482,-0.3957369515917435
200804,-3.5696696060737736,-0.9275850521573261,-1.3988382968334463,-2.7954586454468995,-1.1796573182369912
200805,-4.6744008395999685,-0.07346796692382895,-0.8952843492958777,1.832690783341718,2.901981100690989
200806,-1.7078569073748895,0.5613764592706048,-2.137739414000009,3.48160992762206,2.1291093191615005
200807,-0.7526582538414459,-0.5469189770204821,-3.1451422224808994,0.8276845472782952,-0.43624134982229634
200808,-0.3187566350714519,0.5185182680517073,-4.363237305209964,-0.9342234621743728,-1.963422325162128
200809,1.0089369037835922,1.011672015323768,-0.23812959578680193,-0.7996231196823942,-2.354299451550048
200810,-0.7605490224955247,-4.0425573298279005,-5.10978193764015,-1.960669075532337,0.6337469213018494
200811,-0.7769852217235211,1.1630184934429053,0.8696825088671858,0.9894092879417826,-0.9085907156789972
200812,-0.5730192623565245,-1.1804307634496354,-1.0231186179846645,-0.9430834170170783,-3.0568758478434006
200813,-3.1603388397339813,1.9296691562937553,-1.0107575188175133,-0.5489838085813972,-2.590203629351322
200814,-2.970108171442007,-0.17805759831401247,-0.8087136096156655,0.8420670996922013,-0.037008025357692986
200815,-1.40311419465786,-2.58926069655746,-3.234288235042186,-0.5149637335442776,0.7723936101934328
200816,-3.411481770885189,-0.6782249207428208,1.7886105353065318,-2.060979487311556,4.112217128202531
200817,-2.481392246396979,-0.4813779504447666,-1.2377914149761295,1.0710961299939186,3.488539029453648
200818,-1.926966281888724,-1.4450417288829271,-2.1811523473455168,-1.830885912413578,-2.2768164909764437
200819,-1.795283538135152,-0.6951844264905844,-2.14498984169893,-0.31913939984440276,-0.3114073475954342
200820,3.104150106685836,-1.7756685776075187,-1.6569206778843295,-2.4122099397247894,-1.8010036234556992
200821,-2.960798073747867,-0.023670995782026694,-2.191119030602067,-0.7091608155433278,-3.565169872492959
200822,-1.8141599216070858,0.9815441327140775,-1.39328996695167,0.2643514048592692,-1.452697837759672
200823,-4.274052929329741,0.969367650152833,0.18836651823158945,2.7964885115690095,2.560379764850893
200824,-2.0947564087155115,1.6855247243364602,-1.5872043604605892,0.9516285241027163,1.6916099926055495
200825,1.8417043939641644,1.3833597244911289,-1.466675466949198,-1.0394203589986546,-2.3691377898284713
200826,1.665136148134252,0.18393643625915956,-0.7152370104523129,-0.2823732603933422,0.18723888162065805
200827,1.710138450308591,-0.8126783501023169,-0.8629946800357402,-1.143907972014631,-0.2807369114380549
200828,0.8308560484149439,-2.2221515251843584,-0.9309239385690944,-0.46824361394556036,0.7095424191097095
200829,0.19415105183105652,-0.9866267827275692,0.38851917144825165,0.4213642458167328,1.5009960686286945
200830,-0.13713219309141778,-0.4941691352268549,-0.12569695230530442,-0.06652358152615534,-0.25126237154023556
200831,-0.1410750793279476,0.87508362577762,1.0114240808094905,0.6049365423742756,0.06622454339429851
200832,-0.23085237343821063,-0.7622876579241051,-1.1857541631192703,-0.7584128909962828,-2.0710299102999556
200833,0.3523970136916432,-2.3555924861914264,-1.2827611527188765,-2.4024819922551615,-1.2699913723944292
200834,0.16598490336718896,-1.8356488100162096,-0.4248079842953416,-1.17519624058923,-0.4106116872380312
200835,-1.2800906640735548,-1.5134660557109214,0.8764759685333843,-0.28784357099408453,-0.4445341702126484
200836,-2.5990664998698776,-1.4109056583742472,-3.4695685555442424,-0.3622125190269685,2.434984820547811
200837,-0.5288565923257238,-2.224204428229939,-1.9822288946831463,0.6643325605857626,0.5474696659172196
200838,1.6491659376491157,-1.7336774079324186,1.4825643595042948,-1.9353164858380296,-2.011376240508639
200839,2.2040683016433604,1.1022480662495582,2.6207949630820053,-0.7634453476232466,0.9581261850005376
200840,2.2158209702661225,0.7098134406805912,-0.4031595215320749,-0.6923475112296273,-2.1552133921637733
200841,-4.54538923878971,0.1977146100977052,1.7199597920078418,1.3186494439289618,1.3869595874395486
200842,1.126779693038884,-0.12686383977853666,0.11965257123745232,0.216278423274332,0.014343510350897759
200843,1.1793582159932043,-0.507175835073042,-1.8756126404256293,-2.0294824935570546,-1.1738218577231692
200844,5.566225433903924,3.1205701676778403,3.7473597972962693,-2.693048992165018,-2.1894538872841167
200845,-0.36131949218844284,0.3166704860421987,1.379994626469852,0.4393260662375269,5.019622545198047
200846,3.109061522529828,0.34150763341079937,0.02804780603787549,-0.6580951574636629,2.0503731474620395
200847,3.535250167444076,0.5386084608742863,-2.226960858746395,-6.004766670023912,-5.936363055114782
200848,3.217406428746642,0.8471360040704212,0.7815564312818992,-1.1641525672615671,0.44543998379174354
200849,2.0581634400579674,0.07378027129766451,-2.4210707667153883,-4.384507791458361,-1.8104458458571457
200850,-1.7625542792669648,-0.9321219746007046,-2.220919404942606,0.6199404877118013,0.3396832113574533
200851,-5.842327155880582,-1.770414269765297,-7.5343918780201875,1.9225228739619524,-2.8958130918639995
200852,-1.899822172359677,0.890282803828427,0.2530309937087054,3.4527455535229024,1.9417206936145703
200901,-1.268942007067949,0.6598688419756513,-0.8170758664999198,3.3302868155005285,-1.2849521755294404
200902,2.4136021396778915,1.142334586777963,-2.1989226869400227,-0.07280374105926057,-2.579960645128949
200903,3.6154444402097283,2.1803476227491387,-2.669707637062629,-5.716038749808092,-6.656819456130734
200904,-2.5428819316429667,0.9701014491857904,-4.545108093994145,0.09928088075099595,-2.481702167883782
200905,1.760342552214297,0.8412541412556607,-0.7755613376748443,-2.74560465903636,-0.6367537946586026
200906,0.5463692021715474,3.6672230501865215,6.690947421751957,2.468402261069741,1.2983799810971277
200907,-2.4416293026608287,0.5092417598347652,0.5999381542001174,1.3029048281471205,1.6002412827634203
200908,1.7862057089351993,1.9757411760631385,-1.7988664946824429,-3.527825385315907,-1.299280702482008
200909,1.3393835271385228,2.3592471566532254,-4.189446419196713,-3.1711407001691327,-2.3296789496936867
200910,-4.090561303226934,3.354114921090911,1.424065083800997,4.5690823243051,4.1789499862102275
200911,0.7491273091652602,-1.2669279482577167,1.7866269051545487,-0.2257176280635349,1.2175932679863308
200912,1.1228140682230219,2.497076759943127,2.8514001154107405,0.3345109660821777,-1.1565310852721495
200913,-3.517349241363206,-3.117215624546759,-2.8309768805273734,0.2718782685490737,2.3365291397221313
200914,-1.612292362986807,-2.6641224275716695,-2.8731751194421804,-2.0793359768646837,1.116092820580775
200915,-1.3578062609484505,-1.807142066724225,-1.0930164966245002,-1.5570295940142387,-1.5917873456913867
200916,2.2834358082781137,-0.5404319689055797,0.8418610316247168,-1.3792955764707244,0.4563996049376442
200917,-2.53267962062705,1.4730698278731893,1.2446328750046973,2.730543066869302,4.45800947619324
200918,-1.0438184268981558,1.0974978830441273,-0.07888363960620381,0.9547656592341696,0.8094386555309256
200919,-0.45600417598546983,2.8521669719771126,-0.7650675355450289,0.55713588829434,0.24242819621167655
200920,2.9741321282190825,-0.00030510845289200006,-1.2336591956898246,-2.5730214819053003,-1.0993665313902738
200921,1.1573444706563691,-1.8522416273646627,-0.3557486090153361,-0.6431063129201107,0.2970411415033709
200922,2.2967575045781246,-0.794285618360334,-1.4544804156222426,-0.05732719398702102,-2.5392083142157844
200923,-2.8348614848945886,-0.9562568113037173,-4.025534918325434,-1.3451632671858533,-2.0782396545156416
200924,-2.1596539645232156,-0.051690205206455175,-1.559454758629272,0.3928198635011313,-1.71381703267798
200925,-1.7433180840736213,0.4113857676398993,2.3810893322145716,1.8131813297694634,-1.4205485058952263
200926,1.2506844111199484,1.3148692569772606,0.0039168056670177975,1.074705857139861,-0.49030071853616164
200927,-0.10353657313424947,0.22009026954560795,-1.882116541537016,-1.0072400747728807,-3.123053533705047
200928,-0.7550750606079646,2.4445450335665555,-1.3089904706293964,-0.6684275770179511,-3.15188343645832
200929,1.9830225261358123,0.2609438869604901,-3.8622072912693852,-2.4076724188681737,-1.792493672200692
200930,0.848953748968313,-0.6448632502779788,-1.6574645962888894,-1.228619621412804,-0.7333532170509329
200931,0.1853145097161928,-0.5599324266274266,-2.8729700950321444,-0.9996212954840757,-0.3648387912652993
200932,-2.6992411360648134,-0.069305482765742,-0.1302724404579294,-0.1551206899679869,-0.9946495610170132
200933,-2.8692041707498674,-0.3521461711603706,-0.1204199460411246,-0.6989686576572467,2.7573606242407322
200934,0.3081543081794962,-0.1755098502230794,-2.2023023380099858,-1.7327470140979813,1.5939356009037056
200935,2.051875919909662,-0.7557350897559445,-3.516900797840435,-2.321843750762298,-2.9379197141826694
200936,0.5887685402233274,-0.9087505257701878,0.017109027344645256,-1.304348960546804,-0.49040077856881226
200937,1.5697834855433825,-2.176601947550921,1.3255057009274083,-1.0561145452937808,-1.6338489982223905
200938,1.5602517870652264,-2.5937875214116275,0.9412588994617863,0.2019903220829633,-0.8693032953820534
200939,2.218024578302675,-0.4435195852801712,-0.7343186767557768,-0.5599659325330322,-1.4255278552503228
200940,-6.108805415293773,-1.9062930837370118,-4.345115967415495,-1.5808502384506937,-2.293587415723664
200941,-5.757678756266216,-2.8491580978198385,-8.121357439921837,-0.09861195453686378,-3.6997387249048757
200942,0.8153570521819802,0.26374477163915344,-2.695845417507144,-5.065984779422649,-5.2037246580146075
200943,-2.1434426381247818,-2.9406825903712956,-1.2333953854483752,-0.2989487066183756,-0.05733123548594676
200944,-0.08307393983295697,-1.4898985529619608,0.4942536884996116,0.20671614087962098,0.48210716949887455
200945,2.58643097051646,3.2966648090314266,5.009383473700439,1.2364243935166996,0.9500896096969313
200946,-1.1624379398244287,-0.17633893651577637,3.024878683949737,0.8470594935361078,2.8448961179502703
200947,0.13497913310550302,-0.29140565588681966,4.537841410846227,0.7948655406947296,4.050863831029062
200948,1.180678971648888,-1.227312610257286,2.952063890472516,-0.8488936962992852,2.7221455002693347
200949,-7.513575239769693,-6.549423053547628,-4.098800527604851,-2.253858252631005,1.5382569283948442
200950,-3.0992966057064564,-3.063497337709407,-5.527049224645793,-1.511398100423321,-1.0935148638001237
200951,1.4371867054055656,0.30362266919485137,0.757477958099912,-2.674632467782203,-6.033643205612009
200952,-3.703034400377817,-4.756686964095934,-1.8518967388770875,-1.9237061047902557,-0.29038521748282164
201001,-0.10878081396634798,-3.578250036254474,-8.057203396104,-7.83822337073201,-2.280653158043606
201002,1.9178595228430595,-3.32411800920778,-2.3974634793437986,-7.653943692863379,-3.640098896923803
201003,2.060717908954018,1.8218272284194654,4.115876454248792,3.158374285934542,3.761622492016727
201004,-1.7135822632636177,-0.1119420251255292,0.7440435850936069,1.4107482682135242,3.7341909146684884
201005,-0.5420481499771768,-4.020404263272951,-3.2061656267968033,-3.58902415666239,-4.036361006337529
201006,-1.7987074412265542,-3.993374890021869,-2.3147652037883404,-4.911365335906851,-1.994643145177406
201007,0.6278661073388321,-3.7044918147617523,-2.4456390344082592,-7.185940248939119,-0.46763941800202247
201008,-2.7997846267131763,-4.010991270862178,-2.93258599530202,-2.6809594200259426,2.0121693459255425
201009,0.9191207545989073,-3.173366530802184,-1.2312335841027107,-5.968761934396184,1.6485598295888622
201010,-1.0924391858488889,-1.5611004905481423,3.14833768947193,-0.5203969005237354,2.9837116637655754
201011,1.1702449174615026,-2.3686348690348495,3.502718579669704,-1.4882417793854188,4.688608671540578
201012,-0.03471091982322605,-3.777937105203364,0.39725217728204143,-0.6557781926226767,4.841629851781136
201013,-0.6456731224595842,-0.6864878973432837,3.3570986939022873,-1.0887778190075323,-0.004967585928000062
201014,-3.819214116904277,-1.0057988070424813,4.087462101152084,3.9702550675597763,9.200670644498587
201015,-1.1567092203111997,0.07040006114164044,4.379297370463689,0.7134760684068624,1.5333729967735508
201016,1.8639058130651733,-2.0861882970340844,1.277302864828016,-0.4570584861178304,0.5669169400742362
201017,-2.352262444955443,-2.5637672425034452,0.01707158384391505,-1.0694685885258082,-1.282323078086506
201018,-5.025511000891072,-2.370759138676874,0.04908667139937961,2.9685864539656563,5.303485112022713
201019,-4.538877608216012,-1.783181711154441,-5.260142995924582,-0.7334376501349311,-4.508022418656822
201020,-0.21090012060227536,-1.8109762166579344,-0.9799964860046657,-0.04232352221902147,-0.507587448293009
201021,-4.777236413937487,-0.5495108599895957,2.7169637191249194,1.1085937174461264,4.009129899311404
201022,-2.3205239092079637,0.5541329930724146,1.646650639902532,0.8652918910933636,2.1864793949968657
201023,0.1165031455267922,2.366043376653579,-0.14482822004328,0.759898497050358,-1.2321284281890712
201024,-3.8430313021449365,-0.34277530804178014,-0.4971622382565215,2.2318687712106,-0.8392225760935617
201025,-1.6399455369991074,1.5265600176769567,1.055892008690023,2.2118093268723555,1.7029795176958373
201026,0.7477283009942539,-0.7708403594730839,-0.39911759244586165,0.5759995844301216,-0.864413351769997
201027,-2.5673054860431535,-2.1836994362465703,0.15597477135383997,-0.3146685054369982,2.7122252268796956
201028,-0.0009425861313729911,-0.9246141549924687,0.13771371861912485,0.5850985340323973,1.768334198203263
201029,0.5843935047530522,0.1389948883452803,0.7779234977507485,0.6640291059509877,1.6371874932805213
201030,0.04983581072156085,-2.4115758685425135,0.2747779819673042,1.340480698116437,0.9024004216758499
201031,-0.7000612279308598,-0.5820511281426661,0.8988804801903711,1.348212072085687,-0.2107098185337577
201032,-1.8164313695936585,0.124930519343593,2.2743134282956134,1.2683266690127084,0.4341581572144264
201033,-0.6430678472016211,0.5691145007691034,-0.5129292043301348,0.7908877213588426,0.3729198453952449
201034,0.038131653079062744,0.006864725137006644,0.18301720009787914,0.002436673221041019,-1.3726932922747892
201035,-3.983343286697334,-0.8260433244448109,1.209866418510785,-0.06345233512575987,3.126183789181937
201036,-2.186022007329882,-1.2767227248551194,-3.4759121480554427,-0.47774538293697333,0.03867153774228882
201037,-1.2034769112687513,0.7850877434743211,-1.493880680208349,0.7191241587689774,-2.87759150928855
201038,-0.8781607242128757,1.090483777869224,-0.838422191827533,2.667911142226501,-0.738661831990953
201039,4.751712295706568,0.818440294540153,-0.8533405197148909,-0.17432454305043166,2.208404719452176
201040,2.281272634106699,-0.9724953498707123,-1.3241632995958525,-4.151098517092805,-2.328566791787864
201041,0.9854173099215018,0.330813687842749,3.6311183420721704,1.6855652824586969,-1.1194832878792909
201042,1.7677647891791253,1.7834040575605172,0.8348865434806498,0.024351159488787744,-2.4321785497435258
201043,-2.0994623799689407,0.25453577336162425,2.1144782484851703,3.6138792457815043,1.6503327082842816
201044,2.6016319393022513,0.5675667339126562,0.11273993530505777,-1.0675849445818244,-3.1680189255732785
201045,1.2982565246699664,0.37013092320830765,3.140296990267359,-2.530888835491453,-1.5916585707755644
201046,-0.5060130776073493,-2.268523669804324,0.25846467141025187,0.12595077741951854,3.6188025054881336
201047,-6.212143170804666,1.3246257971447903,-2.0134307917776937,3.0968025286515513,0.17260757307462882
201048,-3.309154223103633,-3.105105426961984,-1.8380379156598678,-1.8889778330138256,0.4323802488330557
201049,1.0914737899095144,0.37746902512918723,-3.778932495583888,-6.782544287931842,-3.752064051658465
201050,2.3706725446489827,1.5085639848805954,-4.545485881266188,-6.344155485642943,-2.8931037642762476
201051,-0.8926326149554598,1.326161338139741,-2.329835640836336,-3.033558998554099,-1.9957127466242355
201052,-1.723005253665292,-0.8671272728759618,-0.04488504985641839,-3.6844519565074734,-1.6842872849387618
201101,-4.121209876785315,-2.03094921541998,-1.9275569964169676,-0.4454265612862969,1.8767626853588126
201102,-2.8853379605569103,-3.691166129142516,-4.034347877909454,-6.804547579529299,-1.9341340864835388
201103,2.0301283786409954,0.5417304313713771,-4.159922456357492,-1.7164202495204108,-1.8003387419531691
201104,2.0189867536720385,-0.4437837380390306,-0.9355861546716255,-2.990847376062561,-4.603161977568561
201105,-3.786067970784245,-6.168123873504726,-4.737306376670119,-0.6288732735661142,-3.1173162038485884
201106,-2.2242916415927994,-5.891460620003329,-5.306606408450591,-4.660614842517077,-1.666362209504939
201107,1.7452349757185175,3.5717299329380126,5.865758496014905,1.4957561977956289,1.937542768216531
201108,-5.158530640830747,1.6973096041210738,-2.5211000962615344,3.5806952347008973,-2.2732381335167133
201109,-2.738456998523702,1.9159244134983737,-2.739247965029165,2.283314042319148,-2.5216803643676826
201110,-0.6478862847411051,-0.25423494336916974,-2.1562474886810037,-1.3714267866412229,0.9647028879176105
201111,0.9244034145343676,3.4140828250277195,1.6492488832998902,0.9374115494977673,2.697273458000552
201112,-2.176060151625279,2.360739141043325,0.40687336594845647,2.9572072978475603,-1.5558950737882355
201113,-0.7948776718579893,-0.19165497625374428,-4.622498420126874,-3.261384015712963,-4.705778198590679
201114,-1.597599818014828,2.694554068171101,1.1848148875544098,0.409378965929875,-0.9353965518895393
201115,-3.0792025486409784,0.3096337634811448,1.9108935493503623,2.7180467531689487,1.3719900854336515
201116,-2.3534575779523834,2.3483321651133338,-4.494324516637505,0.8379801603954888,-2.7633421073011277
201117,-4.127249081613741,-0.3605820994528699,-1.7862429272211102,2.4546069261198227,2.89815881047474
201118,-2.669250090369701,-3.334182517131296,-3.6828328893228104,-2.0908120377429213,-1.5113234603292653
201119,-1.994165220993807,0.6993832021867661,1.4895148120491513,1.5052793040313759,-0.5261836194114835
201120,-4.408826233020363,-3.2548368254767865,-4.1802543737031215,-3.9137884734140016,-1.2814218262302006
201121,-3.6303360271982683,0.006197929926827328,-1.9635265594723137,1.3470410907889914,1.1252679231384946
201122,-5.250446738087305,1.4877333842203484,0.01322902597570419,2.670800556756035,1.9158606560677072
201123,-2.0456857400518516,2.0121465625139194,1.1715179239540134,2.5802743049120522,1.0938828081282281
201124,-2.2905254184973387,2.439159754959462,-2.0930662672361677,1.0284517551397698,-2.3385322057856115
201125,-1.2346448956332097,1.7589918756136171,-2.2232078474064565,0.8642585986609106,-0.8144907296199904
201126,-1.0053324536889363,2.7249427936551456,-0.6242712194852515,0.17409784990570643,-1.7930179009879907
201127,1.2418042067274087,1.9585860175139942,0.5815107944183069,0.790647189726883,0.3026480590163487
201128,-2.060557018630732,1.0482622285289267,0.20991232743267574,0.9273565903216081,-0.12551320744836403
201129,-1.0977161429213425,1.6954580062636637,3.7055401154929086,0.42628879412745846,2.3323613693235643
201130,-0.8579414751239369,1.1785517622283237,1.427381167504791,0.7972235983662017,0.2838273286984645
201131,-0.3216499748566548,1.8101434970450327,2.0874525996665625,1.9408620614973984,0.14337207159115906
201132,-1.325317552993738,1.601245924819068,-0.9891098872143402,0.9236407411614778,-0.662856609071639
201133,-0.5717906209126227,0.9157547588101238,-0.5581575808276398,-0.23874698254047644,-0.6648117038702139
201134,2.2072042035365484,2.5988152017012,0.7539108641546477,1.0110606456162827,-0.6535451196218673
201135,1.1096886704889357,3.5792011039312115,1.4980424801850631,0.7046362877218257,-0.6181203060021971
201136,1.1410990421880456,-1.1487405668599422,-2.1761074091677415,-2.705430635846483,-0.007487527685270834
201137,-0.21633900057491928,-1.0145010054134787,-2.626803808985187,-1.1752720142060298,-1.2091530351953566
201138,0.7203134666198707,-0.1730190007889405,-3.163069651077251,-1.9111023636929758,-1.4933014574644972
201139,3.7782146026738133,2.624901436419293,-0.6479326422337977,0.288694959042175,2.8326791651741132
201140,-0.25759331925945617,-0.20890157294525125,2.435018605926871,-3.309626960841854,-3.110654444129409
201141,-1.3267059613191918,-0.377034435936082,2.6900731305075283,0.4135100220356662,3.1400498408359567
201142,1.5037317357350162,0.8987783458641161,-2.6007882511113394,-1.3723285247961599,0.4413787722565985
201143,-0.19714829301130976,1.071298112467332,0.7678745589503819,-0.6021088768844152,-1.8525437483173732
201144,-0.7572646994941579,-1.436691831447547,0.15710238076530914,-3.092099747632801,-2.573227253439427
201145,-3.552287733489436,-2.4928813495201325,0.6583583938742663,-0.9334417990909856,1.5648785607606328
201146,-1.3315977012410372,0.7553736391428174,1.6293348359903348,1.5776020389415635,2.8431939969230484
201147,-0.46496611934531984,1.64731165937593,1.4384636699612088,3.003591291952091,0.7105973934801
201148,1.0887922024299428,-1.0822360648070344,1.2678918966629453,-0.4927869338696951,5.349512043016773
201149,-3.2612838353028337,-5.8132550618437335,-2.1582272048861455,0.22870488628427665,3.1689994616901913
201150,-0.9863464141178042,-1.4447752592063807,1.7457129688197028,0.8472720939008127,2.3073617447882953
201151,-0.5479892435998863,-1.9805054108817899,2.8834998510948253,2.8291958535491517,2.042331177250844
201152,3.034547735869353,0.04283271443267722,4.853744952298996,1.5459308628726944,0.8532127818784829
201201,3.9678955238665026,2.495190302096148,4.645671711067905,0.3422469697903807,1.150742533262985
201202,0.5927255267254168,-0.692391279996059,3.4054320451986086,1.9781281286939247,2.235356069979048
201203,-1.0639997613187688,2.9233084850488353,-1.705260048795651,2.001332043131754,-2.636631057254988
201204,0.037334538347806756,1.8138946061390584,3.734486529584103,4.7979437481940295,3.6913008973281762
201205,1.0471991631882815,2.784351789749053,6.4230443535763015,4.573680503365551,3.5544993587119507
201206,-0.1552307418932628,-2.19050844279883,-0.34595301010187995,0.23932137757390137,1.8791887466771868
201207,-1.400878398160728,-2.036748690537138,1.4776091716815358,-0.7328093076641267,1.630472532771421
201208,-0.642877398721339,0.25670055874581976,2.2959620946556925,2.100058101620334,2.7286696165398894
201209,-3.9845235856487307,0.39361109980632136,1.1567889302123149,3.844909983017658,0.6165630949906813
201210,0.9579946614649657,-0.5034568330254956,2.203100157943936,0.0950342470579244,0.8999162482000997
201211,2.6402971527355703,3.7608193310144316,11.015943409065585,6.0582008620338,7.25954869167299
201212,-0.2080899828236511,-0.012718247947134387,11.41583850017986,6.368755397444033,12.134840818817906
201213,2.3106992913184285,4.632149981572013,5.917495717309805,4.241387701294457,0.11820738078472459
201214,-1.469609844880324,1.413977665007451,4.451341649300389,3.175511359395216,-0.5091798473316089
201215,0.6433597945153906,1.4632031187470034,0.5135709671149016,-0.18972946767314625,0.09487305830907644
201216,0.3204056749780193,-0.2059436025673449,0.3856632072194657,1.277747926441691,4.996774068034483
201217,3.7241348172254334,2.98446784178401,0.3462816844353256,-1.9134594046524285,-3.7303899349112157
201218,-0.6377920775762504,2.9174945314733236,3.1793962895920913,3.6225335358592474,-0.23336370861903788
201219,0.023932695618611888,-1.2024361877607816,-0.03210853580077355,0.32972920841945097,-0.2359495327813761
201220,2.740055435333943,-0.3608334176107064,2.337200080538196,-0.10992558772306893,1.2366939738715246
201221,-1.178869734621685,1.4577387749885702,0.9341020559920707,1.0027000263653463,3.5991273151928453
201222,-0.5532912257954763,0.7041132081375849,-1.636895858605783,0.7564663281066828,1.3403441134876743
201223,-1.1816405879171725,0.6593419746208724,1.4616102464473784,-1.4702638862708,-3.199867778207363
201224,-0.7749559410792131,1.016097655254896,0.15705727094120903,-0.9761058483028364,-0.35461271719753995
201225,0.06945022141167101,1.2233126374961216,1.3959820690303104,0.02254130570503321,1.4621238337190334
201226,0.7286080347562915,3.2208484520845673,3.1124295562547104,1.6068939767204142,-0.5435840477949796
201227,0.26639516095752924,-0.02225054806621074,5.210817744029043,2.796776065203119,2.3891497057475704
201228,2.32691924351019,-0.9430321479646295,2.301960290118359,-0.6994786423530286,1.115416106881412
201229,-0.3359031297260344,-0.6290351143504154,3.8696690991176865,0.09123619620118006,1.0682046643452736
201230,-0.3592116326126984,-0.10094064462884944,3.1565445983908944,0.8368226887549781,0.5062953920565292
201231,-0.4210985042115567,1.2404060574162372,2.6861395308251304,0.7447376419481202,1.1857785322833365
201232,1.7172678010118716,1.2597966163421006,-0.12611085110154363,-0.3775467954014857,1.1944771728180967
201233,1.1199443822965236,0.17917163905985944,-2.2621617749550182,-1.2052687832169227,0.24607674397191204
201234,-0.05214780321654189,-1.8224329195752489,0.5206102566844493,-2.064561590466269,0.1795763722109882
201235,1.0538144746173543,0.6544177833277445,3.195158791872359,0.14023949674128744,1.42841435019227
201236,0.6055165862312606,2.05266859456691,2.1190663284146467,1.2786420859263217,2.295890101393411
201237,0.589711907629578,-2.582918308404828,-0.5119852524404678,-2.024124921625287,-0.5303040906377987
201238,2.4029929237173633,-0.14411512641055424,-2.5586514337599624,-1.7007538901903558,-1.2989263156128459
201239,2.052857338396848,1.241081682223637,-0.6620667954135229,-0.5312393038572623,-1.74275507466092
201240,0.4615386318531023,-0.2065344062245913,-1.782624603164436,-0.19447155271973315,1.6381479041686475
201241,-0.5040405388716636,-1.2888257606200568,-4.261776603130954,-3.359723834438057,-4.283628156375016
201242,1.7308775944516128,2.0375176976424996,1.2972075937084924,0.1442001057649236,1.0912230601038004
201243,-3.6716825746200357,1.3697378265102884,1.4776266912020901,2.027734561516695,3.1320504842745436
201244,3.3516491279767138,2.367166087570581,-1.14365334800749,-3.4100571209992268,1.0418462002571118
201245,2.527768220385724,4.031000201100994,1.0801766720401247,-2.432751326217442,-3.8899923461593175
201246,-0.968246160585295,-1.5268257705743054,0.17938035494432825,-1.779395820339687,0.865070270145452
201247,3.165210597804503,3.5269797617498284,4.455839296584031,0.350833993922663,2.057913364543424
201248,3.4819881267205233,3.636470615717826,1.102295730143453,-0.5775782019723579,-2.0889898327754395
201249,3.5118912665136577,5.794460695408304,6.33691335004653,5.912746501866366,4.440709796372403
201250,-0.22988573077913088,-0.3256714177878166,1.9837760348462439,2.012803336929835,2.8854705249219137
201251,-1.3369941898330922,0.9263403745139271,2.806019858118475,3.0891772316560946,3.6479706146515696
201252,-3.4992657362705017,-2.6564932727830524,-1.9244200001822946,-1.0636033436408638,-1.371982515591128
201301,-3.188061836418683,-3.845003350458967,0.4795056399494797,-0.7183118547698086,-1.8178814995571315
201302,-4.20112387976269,-1.629330905596646,3.765827941928535,7.05031394096909,6.606364959294467
201303,-1.5306979799271403,-1.1613166101373054,0.48195443907621893,1.0961781279455067,1.9557556832721161
201304,1.5082169950215984,5.2908898943579175,-0.8294816709907877,-0.18964908346021048,-6.355666326417065
201305,0.2915170461430989,1.744300163410628,-0.7664638979283609,1.4831347850862358,2.4455859479514857
201306,-0.7279709182203646,2.3455561271108536,2.6599734250475535,2.9157333404299948,-1.7051989164892802
201307,-0.1432227622211144,-0.9792244731479514,0.9896810495854993,-0.9549882675385675,1.2967369592185491
201308,-3.133043357856195,-2.8616886418855643,-3.1688383810137566,-0.9961582248332661,0.3630753619027587
201309,0.1956036623903401,-1.7842997010357067,-0.8320901000228105,-4.302978257688551,1.132739351275859
201310,-0.5710944735064913,-0.7252783378326058,-0.4117628899636543,-1.7618026291659703,2.1297110307418734
201311,3.1963928151651544,3.2052226674549615,-2.0470833209058696,-0.7895843238712246,-1.2996852720755214
201312,-2.9972152449223586,-1.7050647494943973,-6.389988830026937,-4.293227738408575,-3.0909317120798505
201313,2.614287874859258,1.3138822622229327,-1.189840165297312,-3.548237745645338,0.5061748299222018
201314,1.693417351296148,0.14483796209395905,-0.5326080306409722,-2.1862434196474396,-2.3743891265922343
201315,-3.302404150857683,-1.2858431555366678,-3.383848512298812,2.346640077280483,0.9051546913163406
201316,-4.066899485593581,-2.057671544624611,-4.702819144384307,-0.026610954929822128,0.8161909201659228
201317,1.0679077961555663,-1.165969839032357,-1.2623806589776336,-1.666821433477935,0.0360741460550571
201318,-0.4433346112447225,-2.768143171805548,-2.177444341447938,-3.1587329563545836,2.4515043644498746
201319,3.7247431571466336,-1.3796558144932192,-0.6364245570815683,-1.755828504261899,1.246407700572263
201320,0.7720646265295272,1.7497817400846998,3.321695178930554,0.28397781434574654,-0.7406329510556589
201321,-1.2197119611386142,0.6205644073401686,-1.7598161200337472,-0.8728100715524647,-1.7381896957589333
201322,-1.1844322313649513,0.8723764219422492,-0.433372520483033,0.5783604875342121,3.331876996559515
201323,2.860503211545165,1.3430875898067711,-2.4826138421743167,-0.6744446718101358,-2.2534642784344214
201324,0.606866254985448,2.1143843061075813,0.8474659428208042,0.697055426740917,-1.4714885806787947
201325,-1.6349748758074725,1.082525328065799,1.1021219152625576,-0.3463044298907789,0.03404785786466391
201326,3.245595792919289,2.5055711275566637,0.8402791931432034,0.03981380795551104,0.9038478540176698
201327,2.5475559529215275,-0.11557763591417825,0.757130992729742,-1.329798439878175,2.5226031952171866
201328,0.9317583768200279,0.38566820924842204,1.3300141205828595,-0.7568467035712274,1.3081482230235224
201329,1.1904575283507484,-2.926204068258187,1.9069361882970384,-0.10068357593445398,2.989855354971837
201330,-0.2221906246656431,-1.3951507366761007,-3.852085571293287,-1.7368213917125672,-2.041167448031217
201331,-1.4852329646200815,0.29208499202718485,-2.3237345520470285,-0.867580097535722,-2.229898176404788
201332,-1.5652603383268797,-0.8123128354562823,-1.7558281290343416,0.10308151076560534,-1.086385261343196
201333,1.3678724460245917,-0.5837121209100928,-2.0383820357535,-3.1027005158255747,-2.1742217518862503
201334,0.5527392358793577,-0.32432288063296255,3.2947813527579797,-0.9039461690395569,0.468511638076734
201335,2.0780869619643454,0.9651095125648226,4.278410119038369,1.0254298858939705,2.424928320609638
201336,2.0066941972439736,1.515101930369724,3.2888495561180093,0.7966405517036605,-2.03604187915721
201337,1.2096321102013121,-0.13626600011343726,0.6255191565900304,0.748838736137202,-0.012421315173980929
201338,-1.264855909671894,-0.5901924057087626,0.42778646849734514,-0.8234610671437963,-1.9061731309074617
201339,-3.925631740818062,-0.16171182935556772,1.9632477435509372,-0.49869391035463195,-0.9882333814293816
201340,-3.4593267143728212,-0.18138581895669859,1.4503642912719101,2.3916193502332703,3.6444345760235137
201341,-3.5988449992549363,-0.14391967543252804,2.5146152261033876,0.6250355670480872,1.131360766065825
201342,-1.8031768085050999,-3.1526633911508952,-2.302009351485026,0.11884883796608392,1.8918653773362735
201343,2.0918837684849336,0.4475110697297282,-2.8781620493588207,-2.84006419435309,-2.971139241564117
201344,-2.438271758498331,0.4445664202427224,0.842436264194248,1.5859413299450011,-0.32321819220311454
201345,0.31365089053707607,0.08931178315856414,0.105513720272711,-0.2876145057754229,-0.5294178663650655
201346,1.7836034732230246,0.579698547020655,1.3242731718976302,-0.3152382644315139,0.3648449083741525
201347,-1.2512321045556405,-3.2837618443005567,-2.1973868550912243,-1.743991426001969,-2.9429029447305197
201348,2.734052574432212,-1.7579209514956347,-0.6189980252634655,-3.687631349986816,-3.059828487883067
201349,-9.59314508788458,-5.082275141013383,-5.781043561077354,2.1013521121083727,1.0214882313203475
201350,-0.9208934129741237,-3.6029340064087023,-4.854498014521084,-2.757849674913473,-5.411682698399034
201351,0.2444008271314715,0.9440950833667898,-0.8044302660496783,4.489652040733745,1.9680150615533307
201352,1.981622530412892,-1.3597487580203733,-1.4587855428362104,-1.1176580544735089,-1.2201662462402965
201401,0.12000270023838766,-2.564535120593632,-7.525917146005554,-4.573018699764816,-5.925242793670975
201402,2.1996262856943076,2.0480317247794346,2.503015744092977,1.630965717377137,3.071138535560408
201403,3.7824138422225815,2.3776232314686467,0.46316560300618903,-0.9963159134320563,2.2458885166331584
201404,0.806437039796208,-1.4476624545817458,-5.679339380414547,-5.878802895454385,-6.8231169939128335
201405,-3.130785219163613,-1.8000603866766482,-4.0557818714144105,-2.0674260787885146,-0.012320677593493201
201406,-4.615735406517331,-5.141714166465533,-9.150801312647843,-3.611667088669037,-4.193702514623453
201407,3.584723104393561,3.8900616249570135,-1.0869182416906824,-2.3556489411490134,-3.615893727721641
201408,-0.19657875216933007,3.2652796281128644,-1.4673082278893617,3.606205970968688,2.0639214655760156
201409,-0.9777645748671375,-2.444088377332548,-10.876924995278614,-4.430008925787092,-7.756919182424099
201410,2.6982131382659986,-0.4980739815965194,0.2586061730814322,-1.512442930303962,-2.130862367954478
201411,1.4398782493694853,-0.8341040517154283,-0.7044677821766072,-1.650607061568678,-4.130073690263657
201412,-0.6668791179093319,-0.6979531178934053,-3.633890660837608,-1.6490156305781056,-3.446819641239756
201413,-1.3589850475667618,0.6098832805860184,-1.5271461682843892,-1.8388120886515935,-2.46268537831952
201414,-0.8059466227950907,-1.7241510126160051,-0.9333434020932145,1.0210681103724255,-0.15553498097568763
201415,1.7324033538616845,0.910786367582773,0.7973763448277396,0.7243069533711832,3.863088157308141
201416,1.4681978476009476,-0.17110108632334686,0.3830657787733571,-2.607870883166072,-1.8709787595668672
201417,-2.970638915131417,-0.04625933911233915,-0.5465291301591151,1.2135926437077842,-2.2703786700010937
201418,1.5901667527371046,-0.6118386076517481,-2.0775462099964557,-0.6084715113572656,-1.3621873989826554
201419,-3.747762081183396,-1.389232152543002,0.6791744961892618,2.621985255867969,2.2904693176905084
201420,1.3738535578712572,-1.4691394967309748,-3.3945287858489337,-3.090863576368406,-0.07016738057876637
201421,1.7036904421537429,-1.2377583773981087,2.1924779832679064,1.0379180274595114,0.4229197575135686
201422,1.6760516693691443,1.5370459891760788,2.7380299681631186,-0.40942276146830636,-0.4242853534232154
201423,1.2055235276461644,1.0105209135956557,-1.200010447873865,0.3583294319324182,0.5115140311413029
201424,-2.424013317223114,0.47714730537478545,-1.210849686583174,-0.37914333992682714,-0.7229780560122663
201425,-1.1538361740626897,-0.3668281574958314,0.4027609136865067,0.616185078771025,-0.5312926758106187
201426,-1.0064100312848723,0.1793563340665969,-0.24557784573181607,-0.17972005086306808,1.6366143898854943
201427,2.3924831725614126,-1.0623011362876014,-1.1968061166674602,-0.7366020600351817,0.5544094997110278
201428,1.4148452856633185,-1.0569113300359732,-1.828388235792886,-0.12654459178446587,0.25406606323883807
201429,0.13913036453146788,-2.0482417833955537,-1.3217392080804302,-2.8320097578432524,-0.9733342080315879
201430,-0.0977428621982881,-0.010805041592732323,-1.4007293526876197,-0.7313452125779349,-1.3219691617272815
201431,-0.30622269574496386,-3.0232012601583733,-0.8952763429240918,-2.3358358352476216,-1.0468416454316412
201432,-0.6944981744622396,-0.7182331046727768,-1.2118818823723245,-0.6321018971341914,-0.6971886246053032
201433,-0.2955994884014217,-0.8581089380015783,-0.3557112599486345,-1.175499615682952,-3.0788853068315234
201434,-3.6239824192171,-0.5738108217088325,1.4705459377325951,0.8799806934678713,0.6478414115671285
201435,-1.044762420650727,0.4648730260323646,0.20455704611629244,0.9171027313369677,1.4340596540683919
201436,-0.6801065270138906,-0.6074206637275665,0.45042626632618976,0.6807808128133956,1.7237982881997596
201437,-1.0124977547542358,-2.412314825428382,-6.025791792817188,-0.5741215257503995,-2.9386469327550913
201438,2.9191652446417606,0.06929800580769552,0.06159906338319843,-0.7399329542546411,-2.101421847580241
201439,0.4979539861736839,-0.1384878796271778,3.1163547657784534,-0.17232679535936768,2.3748973658762793
201440,0.7526980871033402,0.6589149273687553,-1.9181233940072957,-0.4835483736969195,0.13022041193448786
201441,1.9148686272019972,0.0646501591068045,-0.7493104698486377,2.4442593667121173,0.17007223739665278
201442,2.8321267823507696,1.794010733521418,1.623916509426806,-0.7188873506259483,2.2791632142696585
201443,1.9419390735036473,4.07466500384885,4.70962629775795,0.9170948760461215,0.9483946768141323
201444,1.2933965796701727,0.5363054457993712,-0.22545972850036833,-2.6841925152640442,-0.5687101669174695
201445,2.347381246338273,0.18371682052560345,-0.08929444980049084,-0.43662667556418455,0.8906017111579558
201446,-6.166030749492052,-7.901625784074156,-9.149991250494224,-6.594338478138297,-2.5323635571507452
201447,0.11294640708320003,-0.8398213036730908,-2.028592307667566,-1.633487260954439,-0.9443651280860195
201448,2.1010246554222363,1.0666870296951743,-3.192373262269939,-0.9657445948047325,-0.9790635538199126
201449,3.9297171704254765,2.57505334868074,1.065536465001685,1.233125097683967,-1.3013263136719502
201450,3.3729519158853805,3.1508800343046914,4.687816876042746,-0.7583526711867421,1.0340921298879948
201451,2.3797798215579746,0.277370218375836,2.7487362612054085,0.10635686549915135,1.292892948242752
201452,-3.8727039404373045,-3.4022784730855165,-0.311137018296165,1.8741736281538124,4.337914764764946
201501,-0.7397619700476525,-3.7843005646531083,-4.311918055731724,0.3042027788366113,-1.2691385131511197
201502,1.3708287086082578,-3.5883191612141445,-5.273524229692384,-4.4920991369792205,-4.694771390331084
201503,2.7274298028767703,2.7223681241458735,5.469143954677065,1.248601613689459,-0.6632075952681475
201504,4.505227510098962,1.8338771966231207,5.423065425732148,-0.2189744033653369,-1.9169413800894404
201505,2.6719633619284764,0.7845233333524675,-0.9595852686722424,-1.1156261264818,-4.673894653008745
201506,6.288255068681167,4.617957015567015,1.8930503369496705,-0.313684312548844,-4.3829485131885235
201507,4.46790918729954,0.5960020485221662,-6.5549616626298075,-6.309903674045131,-9.539472394313975
201508,0.031120398531584215,-2.338931544244474,-7.301713688100506,-7.403540735722345,-8.249244535667401
201509,-3.4649309391703014,-5.792673976695426,-7.626807891411261,-3.4944736055186354,-5.96723073280441
201510,4.282330428011392,-2.08199416734584,1.3390233240354519,-1.516320476935391,-2.134518797656767
201511,6.173454337149849,2.2920336146363525,6.2151051499284335,3.374430815197968,-1.034705947113423
201512,3.359396243839001,2.1266569140342995,0.8665687501819548,1.064536535016373,-5.2288754144478276
201513,5.525872291575354,3.2001039487398657,1.2208748090975519,-1.5139304148528936,-2.7604277437366136
201514,-1.0916361513225183,1.9845124437493382,1.1469350371743303,2.4591368482931557,-0.10270327301128646
201515,0.290732497718011,0.16770975084136808,3.4003847435592434,2.8848865689960235,1.604933974500966
201516,1.3354409487767498,-1.0750998166038812,0.9544472219528757,1.2147066932350299,1.6453758043365383
201517,-0.1925187386556786,-2.3023153638959,-1.3251225496322263,-1.9239537325821061,-3.5574818833471795
201518,2.5358345510711615,0.15670672483537373,3.299771089286253,-0.4308558459678693,2.8444703738073827
201519,-2.310658681198106,-2.427798244440396,-1.155794359787933,2.04518201908661,4.340465916424478
201520,-3.2280877630256555,-2.495826096178803,-2.171173020441131,0.895710104230659,1.0811929405554679
201521,-1.7199235659280703,-3.8148536567699693,-1.0651838591272735,-1.1899314026741195,-0.15346913488980363
201522,1.4387392251273923,-0.6853736673867843,-2.147789072794126,-0.7695989842596873,-0.7448131733379455
201523,2.426111936618099,-0.04782387098276786,1.2505458640999336,0.011670096818818365,-1.3093583953997836
201524,1.360751150983333,-0.5495591216539992,-0.692692243166448,1.5724481708200528,0.779609073209258
201525,2.436975965289605,0.6129842818069733,-0.17988594102342859,1.5661333622383609,-0.4266397755329763
201526,5.004715367035715,-0.07371440121335127,-0.7149139269339457,-0.7950866346870953,-2.9176959630736405
201527,1.3109910448481514,-2.0016925232965264,-2.2653420943328797,-1.2733331967301638,-0.9545598035675766
201528,-1.6695012040756865,-1.6980938292377346,0.1329929369996421,0.4713765608795484,-0.5864664642429602
201529,-1.5344757680931593,-1.0623072315395348,-0.08778773205887092,0.7715032315802546,-0.7214576375116621
201530,-2.289148938106507,0.029631887333266604,1.3965082810725562,0.5022535877967584,-0.11213537986088795
201531,0.5851611849037113,-0.6406211546363352,-0.29854149407469777,0.4415552587067282,0.3344681393252813
201532,-1.2943327184489704,0.33941412507260793,-0.44409534269283313,-0.07913573359610382,-1.5449770920928927
201533,0.07508844449125718,0.268136868140175,-0.06541680291155672,-0.9565048633403421,1.9882979643406316
201534,0.22871570983858192,-1.3215502194112787,-3.2891043877022526,-1.3376047685071057,0.50018484064924
201535,0.7824997405056138,-0.2133782710319565,1.0969681758626848,-0.7675408369001389,1.1914015044508233
201536,-2.215460834178316,0.753478846039286,3.2943090859019435,1.4037053612045725,4.17041932291761
201537,1.2237193632799404,-0.13137683413782497,-0.27314803668394916,-2.1447146714797327,0.48063357604831936
201538,-0.012808985738331558,0.7989433721085106,1.0705522095502715,0.1791075934624473,1.7270255004168575
201539,3.989993287681216,2.138052484832599,2.2109614629885073,0.43809633154296534,1.093153245315932
201540,0.3367262191453051,-0.5298073132727836,-1.6419155232298976,-2.1898614485079975,-3.2163450212742646
201541,5.0585021968825,2.9666230570004473,2.7884482643765978,0.987918659389436,0.23031189779624128
201542,2.8343550753043587,1.808676362430333,1.1562761810185975,-1.7548699177904723,-3.5795177273666923
201543,1.3584997904990246,0.34406396683777984,1.9457878683685976,2.1406886893847172,-0.9111673227172901
201544,0.6580257578948476,0.9935885288606983,3.202978842574055,2.725209999472156,2.5560844337966273
201545,-2.1527333972002793,-0.4057904438020614,3.3356023380400757,2.8432249481866734,4.131468469367974
201546,-0.35553401201212864,-0.8450932690837476,4.535399131650365,1.436393689945362,1.4579467804447859
201547,-0.09639142019710789,-0.182433575670359,0.07014643241922158,-1.261197547315362,0.8091882180361267
201548,-4.5462566683157775,-3.0545207698648937,-0.04146012400917698,3.88163477885729,2.261482518618834
201549,3.5743544932531677,1.4174104996247365,4.620463337330705,0.3023123113816837,2.9423928421082337
201550,-0.28607432923513443,1.7157609499147384,6.872710172160453,7.39172360328638,8.614779785787562
201551,-0.42023142245170675,0.6419745206337097,2.629411890451877,3.357909434826354,5.412268250828788
201552,-5.608320198277397,-2.2142215621117316,0.8622123282121947,9.322509715145998,6.61730918971017
201601,-1.841435892831214,-2.574019225962388,1.0089321608664932,-2.0810698616957666,-0.8865130368330938
201602,-1.977275077312072,-2.2647402830555166,-1.8225194708840036,-0.4644444250144488,1.7961131042719671
201603,-0.024057259511607754,-0.6490323975068009,-4.276306968363485,-2.6345110289515787,-1.0475512276940435
201604,1.3748335891847887,-0.4259142360251644,2.17560983175548,-2.4063960092865386,0.3443797185921085
201605,-2.1183381284067764,0.40186982772610236,4.364540080405845,4.327556882277122,6.537307348106253
201606,2.441403603789979,0.1337638231618712,-0.07997135702481728,-3.7703439635764084,0.9504581656480013
201607,4.6384724925833325,4.600994758043669,-1.1045414130659879,-2.8981617599716856,-5.417200191380687
201608,1.403550372536131,2.5444473114993684,4.2159073216712954,2.610859180817272,3.2072577934451374
201609,4.200102077492829,3.5316874625113996,1.3515667788998371,-0.6957694418968572,-0.05100697252663622
201610,2.7171174617926113,2.873927909216661,5.91400448064951,2.037196921476891,3.364343569945504
201611,1.0862490112250498,2.4976186412366133,6.438343880540117,5.745794491860238,5.233975266072832
201612,0.4372358204830675,-1.1135398105408854,-0.5828982784951222,-1.0488557578321434,-0.8877004187017405
201613,-1.6227523247162026,-1.087890660622179,0.8022121253926002,1.091025182039914,1.1712645354868414
201614,3.0531154445488937,0.00964791056304648,-1.73309876810373,-1.0397776258763543,-2.8196653236398674
201615,2.443424269707066,-0.7785095876318451,-2.5086708374003024,-2.789564306190641,-3.58839901550931
201616,0.8358015400680188,-1.540769781555241,2.3319260732429257,0.1225263390949749,1.8187390937731038
201617,-2.002380222126874,-0.3320166427773188,-0.5771176957940156,1.3874151603595806,-1.5187483321888067
201618,0.06958870584304577,-3.4143623639216116,-2.450124707370094,-0.6286913320966505,-3.240582083278241
201619,-0.7454300792115873,-0.9643914726174785,0.26988645672088296,-1.0737015966083163,-1.7778901295129117
201620,-0.5206087159885442,-3.6060751648549285,-5.354748994388672,-3.5824413188706785,-3.412990868691054
201621,-3.364467110180101,-1.471644686040122,0.6420957033559489,-1.8841473807783018,0.7294763662513333
201622,-0.4576433348289015,-2.0046981954951093,0.10345254373999069,0.20648998667962815,2.8634868102657265
201623,4.646754208776542,0.013480554639727416,-0.8864517073366756,-0.7472402839373444,-1.270350010301172
201624,-1.66568229397501,0.2862885451626198,1.6579909335888487,0.6573259163129137,-2.9079861764616908
201625,1.0187459106687697,1.7567234713636708,1.348759976287738,-0.4193175930647044,0.2959634048614248
201626,1.417122609358671,-0.1722907847637316,-0.1769150804440187,0.015644878437569787,0.14733185914855085
201627,-0.8668978254871718,0.07641268778053245,-1.69098342771656,0.08075803359770362,-0.1126309241978447
201628,-2.4082393618794526,1.010349328256268,-0.3293287836335139,0.15103989712417842,-0.2660705068622633
201629,-0.6459540820397365,0.2724997169118524,0.011361647062528846,0.29195210376497016,0.43014707172750377
201630,1.1694739395464921,0.6687393006798743,1.188058044964862,0.9993159187005176,2.2699052272284916
201631,0.042802108852811216,-0.8247752251634779,0.10399240785136499,-0.07944591059595041,0.005930603939077628
201632,-2.1414130844594297,-0.3351502873854315,-0.1126456036441823,-0.29903787702414775,1.2731897841820228
201633,0.7815652071918748,-2.1328494249012238,0.1000024529803909,-0.21484541886701436,2.303472576439958
201634,-1.5785099612404565,-3.3173361638424694,-1.5994526562237752,-0.7642817542346165,0.6401376065781506
201635,0.06273196574551321,-2.619426016271973,-0.0996395423209151,0.6849840299015568,2.3238458500196657
201636,-2.9236253815746522,-1.0135604418441062,0.4618244217229517,-0.4075437912724169,1.4448738688932394
201637,-2.6808607239370303,-0.7734843226880912,-1.31022194612342,1.053647316650256,2.108762707253277
201638,0.040445778687967504,1.5751304104784367,2.5238432518081595,1.628880397051205,3.0145936185709843
201639,0.27388429978736895,-1.3756448953999438,0.3068405931670668,1.6404637619026516,-0.883367610708035
201640,-2.4817588732512945,0.06376749032943962,1.47824460101981,0.38508045741241403,0.1884582088158595
201641,-0.4079963381534526,0.10069588863763101,-1.7566304220356415,-0.22015058062197568,0.13347686673239423
201642,-0.4447117113575132,3.8055580114860845,3.5644976582848926,3.6083028257210685,2.8868574034520975
201643,3.3795958306643,3.5555862673729735,1.496678321482193,0.09880553784074664,-2.06891816392789
201644,2.6073811258778505,5.57831410300804,5.7803917990752325,5.3552663254083654,0.6066810022312552
201645,6.013115414304082,2.3160105460970044,6.429144333348233,1.626679690213507,1.0994927789111557
201646,4.994658537056409,3.6691592717950243,5.389184053323561,0.9349086663502248,2.2263884437378465
201647,0.778096345399149,0.5522300040236132,0.3414688025555961,-0.2890979133466658,0.14813335156139829
201648,-0.4984267560537319,-0.19845059106739882,2.9281456127756655,2.327236730075299,2.693030984056236
201649,-3.79507065453771,-2.4747261995847225,-0.8300824858151259,-0.5418657251948389,0.46640614907170175
201650,-1.4393278292191098,-0.11428972943662075,-6.606388366121564,-2.5034868424259002,-3.1903791911946087
201651,-3.6797593216024325,-1.4391659339690364,-4.203714750271786,-1.7726331190476117,-3.3865831998529643
201652,-1.7500703583438053,2.9230622456782385,2.807196935996501,4.132952745450211,2.3620881247721286
201701,-6.35335734623709,-1.5194698252752232,-4.752341212160559,0.590209563586086,0.8136345259961217
201702,-1.9452790864457938,3.316843336511397,-2.6340239752135517,1.3863327531502705,0.2453333028885254
201703,-1.1227715957874693,1.7834235400518423,5.1016275336200465,7.368383927716138,4.110216253432895
201704,-3.570382014892118,-1.1343353824716473,3.8117947991260053,2.872617692373069,5.167554515256427
201705,-0.6425854091136785,1.9410284401789113,0.09595734950733004,0.7135610579938998,-0.5168461742185855
201706,2.3599270614723196,6.335981260951371,1.498634279808357,3.6917041068303433,-0.1693714536376092
201707,2.531346200549933,1.8784933091722564,6.126529079568002,2.991732432039896,0.31936664067092124
201708,-1.0358699368533735,2.886028780460265,7.639408556344449,6.372900265004432,8.408541796185716
201709,-2.1523331670103403,0.6796885173977216,0.8891641734935547,1.594217939110024,1.799814118593531
201710,0.07596763481728885,3.6829463458913665,0.9974240171130191,1.9110547122662638,-1.6682992311998532
201711,5.593115870407132,3.1884968455466947,-3.29336912063269,-5.707764585655411,-7.009496489761716
201712,2.92560918574128,5.055862228495926,2.3317793181790307,1.5631073699512399,-1.964888801957727
201713,0.10566264859744479,0.4893007879464335,1.818107144610508,3.6050862267342723,-0.424632180640117
201714,0.5749053135640452,-0.2224367794982527,1.7905335546251422,0.7297090535387838,0.2116345299934892
201715,-1.011383134750929,2.003284375793328,3.8233241654180574,2.6610211984414605,4.133101321041124
201716,-0.1194332193002765,2.0056852614014815,1.4344863061880346,3.086545739738085,1.7860292204079542
201717,-3.140319091981553,-1.293985682406742,-2.710932909135863,0.6993120302824423,2.7210209050973617
201718,1.6529449399357645,-1.4131333325252626,-2.524028441232531,-1.0891986305851447,-0.5766290710689077
201719,0.4444801976184749,-1.131861383050591,0.07333786534434239,-1.0597252768839098,-4.341720560264946
201720,-3.8112372670406103,-1.391203832029646,-0.42131527137968305,1.6487428596825566,1.149056480002173
201721,0.5306238604086388,-1.1986886724946544,-3.323230830394948,-1.9030188756048005,-1.986908087663437
201722,2.0505030401656654,-1.1497590641548072,-0.3301313860727646,-0.10544141786550654,-2.362267352765059
201723,1.6480413270422787,0.4052638796388237,1.0697132246316983,-2.305298358084144,-2.6516328220849914
201724,-1.9043274516881183,1.5520300949814327,2.064139459840078,-0.02175379846778469,1.2843669509070423
201725,2.395556354892335,2.369243084443042,-1.5680115892778304,-0.8713907932157099,0.8528123638785132
201726,0.8808972806485258,-0.054205109544739116,-3.077459842152905,-2.127964833567944,-2.077496336839033
201727,3.5602911111702156,0.7062462348472991,0.5020593749223963,-0.3111297185970443,-0.4442294035323471
201728,1.7867874647495796,-0.25915375844294886,0.40212612629716205,-0.20775191848451868,-1.015788932905366
201729,0.6014786026952379,-0.4677046976837005,1.5202873296248072,0.38880913439237474,0.9091815803388386
201730,0.44463635976995874,-0.636714002727615,-0.34671159303150034,-0.45821194314470404,-2.985986783933072
201731,1.024167820356979,-2.1411021453811827,-2.2178272394471605,-2.3455486354561117,-0.46706197752547496
201732,-1.0816615099565752,-1.7601792279444908,-3.224162610625797,-1.9969775027867627,-2.307319115296764
201733,-1.6173112947748791,-1.0728246889277102,-1.5085211024353953,-0.289246253692113,-0.6492390366761924
201734,0.36110474219282196,-1.509674227316566,-1.7670136360848687,-0.617525612985844,-0.9897252370896581
201735,3.9407365781167982,-1.293090824543242,-1.430726971232275,-2.977909964513117,-3.9595308616336524
201736,3.245210227618827,-1.173682607962462,-2.2922490107097246,-3.468236377797382,-3.1787339935440286
201737,0.22359322432191675,0.23226131048045318,1.3077746050738597,-3.2347761986720798,0.3131591835874019
201738,-5.066506048989481,1.2904164063050416,2.6614289500965924,1.9877629516624324,3.748013023870783
201739,-2.3050230141425914,-1.995945860997665,0.8481310851694843,2.0978090761311705,4.052370730223515
201740,-3.6065859588980516,1.4133240390992796,1.6755360689376175,0.9450014495204755,1.3971862176799732
201741,-3.7611864964690653,0.5032907117627019,0.3940254094688953,3.9886833397277996,3.6441466055954947
201742,0.8258900013036055,1.1268725884993387,3.3304510130461153,0.4429964095590435,2.2107551701088823
201743,2.223926028851565,-0.4499989861919289,-0.7022921900463075,-1.0282979326692043,3.829364080285302
201744,-0.22282710424951802,1.0162031049994198,-3.056169846974342,-0.23724995313813224,1.6465223455348905
201745,-2.3394175095169203,0.8232585469067999,-4.513045559083594,0.41969054898891045,-2.5206602861439364
201746,1.3145753933731612,4.481335176055325,0.35563652195617124,-0.6213657916774764,-2.7600840123614603
201747,5.005695288113884,2.1975419080394545,1.5324933723949243,-1.5868372018786658,-0.4287016836623252
201748,3.6427896022253208,4.704066978071751,5.728216293349988,2.6765210062311553,0.8705229130098928
201749,0.16821359835046223,-0.5039196677418545,1.1509361359404693,-0.5449032972184114,1.6222102732882604
201750,2.8141179833073693,1.1456724693257456,1.2648275913547309,-3.3464461385171376,-4.190635402727878
201751,-0.4296009398212277,0.9366968914201266,2.3619795432601336,4.5136604207472715,-0.5700045341793043
201752,-0.5267099204369288,-0.7003631851607679,-8.883687729977794,-4.548046603756234,-8.268344530035108
201801,2.321053213148275,-1.464083419554015,-7.346570497757227,-10.052970963572363,-10.330313752441384
201802,2.58984749897661,1.2887665797507566,-0.10447852587037687,0.30603407884098033,1.7938683578724408
201803,1.9986026938752843,-1.3546871713418227,0.10356055375382311,-4.2573421103630835,-0.6005396523300988
201804,0.43715814289402033,1.0325790222748878,4.4443116045147235,3.1223107304177233,3.4160119669237474
201805,3.816779025825781,2.889535640807253,-2.0756142927617702,-1.460800735331759,-1.0097901335593633
201806,1.239463902074931,0.06643557643297981,-6.267070541774785,1.4915515785456819,-0.36293172031867016
201807,-1.8827995514895974,1.2675335701708832,0.041463620643355625,4.167761178085982,2.956060443785475
201808,-7.8461668082027245,-1.485623177289142,-0.9738386787138893,8.457423149904116,6.461828610867485
201809,-2.765529710043552,1.4145870045880997,3.7060733060235407,2.3531994092762716,4.214827948928814
201810,-0.49361862519367605,0.9948859668854766,-1.1834132838688447,-1.9198637979175714,-0.6403612221602657
201811,0.059961134825186946,0.2972004802760466,-0.3967462779987727,-2.4034679132027463,-3.6575669404593896
201812,-0.440290092662849,1.8256038023424708,-1.3588144953996562,-2.0332993192225786,-4.047580731153801
201813,-0.6697038484120981,0.5803908183341377,-2.657136185368131,0.30022779891027085,0.31044454480360173
201814,-1.139166700337114,-0.31617574044861385,-7.861492854393305,-2.27472150670917,-4.17190979608182
201815,-0.604660631379204,-0.6219659502773425,-3.5193702873091866,-1.3045943661137471,-2.779238008150969
201816,-1.4083751926842751,-1.87320410598943,-4.5713936274740945,-3.777687768571809,-4.5429720173305554
201817,2.179793177182944,-0.0776537280224261,-0.8830411727417982,-1.9679509645023359,0.027356780566549332
201818,0.6280926728489362,0.2553225781982178,3.481748971149443,0.8508037792088885,3.130072723763078
201819,2.1806162631995107,3.748613858528529,1.7059421384930715,2.2413605598350728,0.39989186747908434
201820,0.9289597306497512,1.8780110655638964,1.8026614572600579,2.013669983505906,0.40433032444320816
201821,1.625677924422007,1.1474206341973172,4.272100726189251,1.091753371071377,1.6012972187889432
201822,0.7287605361505598,2.997901265948201,3.1044476314974077,1.2793450440437368,2.1234219158269525
201823,2.11631399286415,2.6407815655231843,1.5473159854558958,0.061536875274669,-3.0622368506422504
201824,-0.24785821675760644,1.676169823273824,1.9960947095586903,0.12667964700830225,-0.9171417688456245
201825,-0.27138138947714197,0.8809960464742517,-0.4077848591451243,0.7781383501128403,-0.614192452680868
201826,0.018863543884151568,1.4279247885674522,1.0459415879599305,0.5316281811082604,0.3700406483454799
201827,0.8937790125574452,0.32615444614594935,1.3253136166825357,-0.08198900749800941,2.223903143735754
201828,1.8066659051628449,-1.4379089498770554,2.172672920017135,0.268390678158994,0.3704208918884433
201829,1.3976424622437662,1.2537525584136802,-0.3853137650735903,-0.3889726571047163,-0.35970506657963597
201830,1.314921657679406,0.8107838982032831,-1.8906301630161124,-0.971070211916583,0.5535490312904585
201831,0.47560749609579034,-0.495756120107103,-0.7489956007683531,-1.5736923813591943,0.9797946049649795
201832,2.356963953865545,-1.2014647037168515,1.4141367701509466,-0.31766096116672315,1.6219225221737474
201833,0.5005805272123212,-1.1178511722072244,0.3854789347872156,-0.5640463160946183,0.6817190742832508
201834,-1.5757562216192014,-0.5315942538140916,-1.0115941717992314,-1.457033220635708,-0.5075510987693974
201835,-1.8648136635857213,0.7775963862004005,0.6280917524876486,0.6342600916335641,2.691983586082131
201836,0.9341507878430093,-1.6559833863798872,-0.20792825819995642,0.8814333666536527,1.881081237841613
201837,-0.15174481692417885,0.05831433231514893,2.2567392336488297,0.7590552259282504,1.7702374809007324
201838,0.10342629624869915,0.6290226907645433,0.7749877992892493,2.633501111747364,1.2324544378409428
201839,-0.34859103334667907,0.1360028180279187,-3.168338056463597,0.9600077403944169,-0.7167421966856864
201840,-2.4347725833083587,1.5296019111086707,-1.4361582593101616,4.199209215119765,0.9611852926157667
201841,-4.943717428990169,-2.477975394876296,-4.287406132879198,1.3910945762823417,1.6644707793980729
201842,0.4662896247968433,-5.887077599588167,-3.320174897641209,-0.9924225315129434,-3.495873201585198
201843,3.2030999033690932,-0.3098255362516511,0.09891212922968862,-2.8522090937904068,-5.305711102781345
201844,0.7868341048484808,-0.06005337449914805,0.5514658525541449,0.45231466402441356,-0.05132179519364399
201845,-2.529607877453884,-1.2799846155706973,-4.762384529991209,-0.49639524746510233,-0.9234514993454468
201846,-0.2873156687692813,-5.166349104143819,-4.780684946973793,-4.684866592610945,-5.100457027654102
201847,1.1394005516406764,-1.073890298987635,-0.7298502700054428,-1.7651628395884131,-5.456709613024259
201848,0.5348112567232874,0.2530258460005257,-1.117514405163206,-0.9153794769410979,-0.3471650298977238
201849,-2.7303592892901634,-3.207656445548025,-2.8604615631651313,-3.2934622603756907,-2.991095314764266
201850,1.71834949184273,0.02130134960145824,3.269586550557335,-0.9941687328206967,-0.802237377357983
201851,3.1696018401000856,2.2787429536388117,4.711443372834822,1.027743367193409,2.8268252977835573
201852,-1.5404240238138982,-1.2865719741162707,1.6043036785479785,3.365665706508537,1.6716709253243494
201901,-0.35723756500715353,-1.491854908803134,4.002507381217356,4.3264207818120894,2.8356569474283333
201902,1.6533191138476582,0.678346027251223,2.0459340778891146,-0.0764156117446646,-1.676046618836267
201903,1.4543512657124893,1.4610770625954501,-2.0652370060324188,-0.8985246343465292,-3.3647986355529724
201904,0.30505718427878037,-0.6482129467640334,-3.3293390648549916,-0.9669447174535435,-0.8983721306250914
201905,0.7806140253291005,2.097876719608962,-4.228699024121568,-0.4539338407137734,-3.188551697589844
201906,-6.831345773497617,-1.5231156219351192,-5.670746079641788,3.8399583366783645,2.452461240353898
201907,-3.902371017635062,-0.48413491146004617,-4.029300055115812,1.7933009393575503,-0.24715722855995637
201908,-6.548666755632155,-4.311982303739683,-4.016772540776401,1.6096225206956092,-0.27552093781537224
201909,-4.251764318720632,-1.7555070356674491,-9.599754282359413,0.3163091782075753,-4.098449749455824
201910,-3.061809790564098,-0.9672679698657589,-5.358456843226634,-2.395616168439176,-4.481746922981927
201911,-0.8510065141810514,-2.0712542289736007,0.26991308345355947,0.4597638398999493,0.850800965601934
201912,1.3536100034279457,0.3628616284364625,1.015688044491128,-1.3806815684161506,-0.6317104275422594
201913,0.7439481456877388,-0.8541908498874022,-0.46099976467900206,-1.8576028799212168,-0.1804608080029766
201914,2.0037679952549183,1.25020029511046,2.609054601786852,0.780485711465758,-0.11581855783970241
201915,-1.886146689638565,-1.0828154946228778,-2.245265073586097,2.312184541511499,1.349654313399526
201916,1.6799794049200045,0.4082759741557993,2.3563405706170784,-0.7743631737360488,2.790823653816574
201917,1.3344531145626206,0.7415798388753387,-0.7164483278892817,0.8188880445717928,-1.2759337445091887
201918,-1.2756678335435367,-0.20132813896179869,-2.3822862569331846,2.0566706627075746,-0.2684516886085362
201919,0.4757774701694757,-4.102706600789531,-4.0220543181266635,0.4291172564840622,-2.402537645931318
201920,-2.0282306582420233,-1.0167679842714392,-0.8577209199455069,0.25435067971244507,-1.7878970166813133
201921,-4.570510573207002,-2.2494692371225256,-1.936322852246235,2.6961605962383146,-0.6604594972980635
201922,-0.041179307663981035,-1.6121076081390129,-0.5999828966709515,1.912637158103621,-1.9558550360789013
201923,-0.39300673798260277,-0.6732567244993675,0.5988820391239642,-0.10054375299216645,-1.28585870551575
201924,1.9475632151224431,-1.0675199481353275,-2.7990184611442146,-2.3312199214753377,-2.843088853688357
201925,-3.045619405015941,-0.44916461851192935,-2.5126876187003404,-0.15661581838003258,-1.1235968746325966
201926,-0.6339429897691389,-0.13134835237042353,1.4776070251873534,0.12834602486151425,0.37895287356667495
201927,-1.3128706658943088,-0.7617974275571555,0.44903917387523506,0.7581976288257124,1.4789110986007472
201928,0.880563456336688,0.3068493642707608,0.6443240685467231,0.12319186072164712,0.2601235709122989
201929,-0.3242280552833563,0.9096589772566972,0.955329673069798,0.46085411371939244,1.969976975640975
201930,0.7090657817491319,-1.5036421014957568,-0.6506593979507329,-1.9875286669432057,-0.09510473080121074
201931,1.17671164463394,0.16806937487882578,-0.40416207287393036,-0.8389625463264565,0.5347948826413926
201932,-0.7100185676341653,0.6667118840314288,-0.2879716326118569,0.48876460628952145,-1.021772068585335
201933,0.0867403483267708,1.7484097899557582,-0.9284123774620525,1.1414649998542927,0.42970130286937547
201934,0.7952686251933869,1.2316178099002286,-1.1690400405647097,-0.5425527091783238,-0.7351943481475018
201935,2.4570664272995373,0.9247405681863938,-1.829417779364178,-0.3520547540906591,-1.1411412751629086
201936,1.4738884101879535,1.966260699521854,-0.7960126723513667,1.7439730251536503,-1.9747070123731874
201937,-0.2383169985320137,0.6248350623931742,1.7102172070643746,3.026744682360686,-0.27423605596681
201938,-2.0261785740608502,1.3340969987086737,3.94648522929009,1.9064777993356756,1.256534704636806
201939,-2.3976259852178146,1.9515227948268148,1.4815106501981745,4.133100980723327,1.009433398427177
201940,-3.984787347044289,1.347514374290995,-1.2066973401625773,4.61063363880271,-0.7135257957161798
201941,-3.8219061487952786,-1.6235011957984966,-3.199335613549465,0.2526943795718921,-0.39806605987598687
201942,-0.9962169777571148,0.34616873353650135,-0.5241061563288554,-0.5441608000019755,-1.5187862190857686
201943,-2.0676071352143026,-2.77448752122325,-2.4165020968554813,0.8124902669080143,1.1367717822105305
201944,-4.132084995539401,-5.27975024079592,-4.942613064545469,-1.7534656263890156,1.0018461204293203
201945,2.3732857709533732,0.10991883476378916,-5.104518384393259,-1.841974477137569,-3.4824949593332235
201946,3.841115110810165,-2.709966057742747,-3.477348693341355,-6.655981714348513,-7.002381369397256
201947,1.1318090357470396,0.9612123505002614,1.6750038195241927,-0.45986310975882816,-1.116197131248441
201948,-3.8558934929702673,-1.7298838450479934,-0.2392826857562227,1.1306353971314138,-1.4979008049388085
201949,1.831815957849983,2.3942637792694654,1.9741085773971463,-0.00788129388655534,-2.2225382679355903
201950,0.011757834870252282,0.02212756894573431,-3.1179979226817522,0.4790299600951471,1.2147168591504283
201951,2.025012224422312,-1.4774936576660593,2.0692842721510374,-0.8309243942257467,-2.3817362019534585
201952,-1.2478196960490777,0.33778155607228655,5.124163633319142,6.102963647880301,3.921379332758022
202001,1.9497868598003834,0.8986606199857192,4.66664479750807,2.932646173689477,3.753111404017943
202002,-1.6182066930451242,1.7661308511403604,1.0027345656973239,6.222042367967163,4.442293112647803
202003,-0.775391492667211,1.200810723175664,-3.1171674071180746,1.368233805342129,-1.639171416317538
202004,2.6016491938922286,1.8619817207866731,3.1008502207247943,-0.4283362867519145,3.7667201458642126
202005,0.46795056201966645,0.4440979643313767,3.9589291973994136,2.1643582128463095,2.2440723067132353
202006,-1.3494097856248004,-2.0505877040087626,-0.3502123661562564,2.662143067679665,1.0464929394123033
202007,-0.8426739734055104,-0.6310719877226347,-2.523199344373211,1.3313366731243832,-1.0250487822723926
202008,-0.8921659954593792,-1.9214349630748302,-0.5434769846656877,-1.1709570838622767,0.9280623855003114
202009,0.7520957525297263,-0.6285079427188407,0.5982674524856293,-0.9355736563874757,0.5668707119697274
202010,2.4686680942847943,0.7796329516529568,3.332044289685939,0.5806175808737066,3.556077509565114
202011,-0.8264644686326506,1.729050044186522,-0.2569210609179322,2.7996807938203006,1.0888383410795086
202012,-1.342721192175361,-0.7243540806450142,-1.0908616044415567,3.092293270417997,0.11196274105702742
202013,-2.253623127292883,0.7506517191428657,2.3073317373272744,4.034039170252925,1.599633100424569
202014,-2.7178409159885746,-0.7893030685163467,-0.24966027499289112,0.6853168956512832,0.8217787686191969
202015,-2.120295411973302,-2.4891273187889738,-3.7533882166488866,0.03087714306656153,-0.6343027095295497
202016,-1.7179616264909328,-2.895449515515679,-5.000685646110583,-2.924659712135167,-4.8592005270148775
202017,1.8330142560732838,1.402791057840716,0.021716281949977656,-1.7533400032953068,-4.777828121958976
202018,1.9850562872037472,2.7434473762194784,-0.5299890436802457,-0.8225418945236243,-1.3862944745544041
202019,0.26522078834187823,-1.3923542743120834,-7.458211346079224,-6.132413793547244,-7.588294980876924
202020,-0.9127930732846607,0.21130442563418228,-2.3078324718146632,-1.2540729540645543,-2.6052048755064448
202021,-2.08797134714456,-1.4522411722092556,0.42010376903232327,-1.316283973334123,-0.3315719318426886
202022,3.3639855464389257,-0.26690571346421166,-0.05509628604119143,-1.4297255209378932,-0.46891082880125623
202023,-1.1168424496915463,0.9541309423207167,2.1747618497327608,0.2418387242049107,0.08915999139952646
202024,-0.72611800521031,-0.6028811941876597,-0.9809116457394111,-2.3155997801728745,-2.2252614730949745
202025,-0.9190234899461984,-0.28009696761375835,-0.7203906223937224,-1.8779273631879505,1.988156642123613
202026,-0.43894576347679504,-0.7130978721077668,0.8073421272753762,-1.1200708863532327,-0.15520376205716957
202027,-1.0023689542774719,0.0623863698696141,2.1590971790289473,-0.5247891870834565,1.1230439094413782
202028,-0.300105120038495,2.058032658624768,0.3715627914013453,-0.13787979225799063,1.2925356370200234
202029,0.34391478229082395,0.09247146623249591,-0.23869321038409907,0.6341062439645953,0.8413814651212874
202030,-0.5637775606617197,-1.9755008951352693,0.1805342452844343,-0.5748010839990911,1.8871205143645966
202031,1.2766046342999289,-0.8344804785854762,-2.700688294470467,-1.1354039416647765,1.0855843347638938
202032,-0.5563968953009635,0.11352329928683957,-0.9053485251603206,-0.6432279687206801,0.6743721821190434
202033,2.1651251136560745,1.4570829568722843,-0.09954548010898634,-0.903172176385624,0.3639521375248478
202034,2.801684880898847,0.6022633029472786,1.7447420009731331,-1.7109234021424413,0.575099611791984
202035,-0.14534975069568645,1.165565690688254,0.19897371902982286,-0.16016483507632984,-1.525131291895491
202036,2.205649720376698,0.6507854840399432,-1.439495714105476,-0.05800196056753748,0.30106444667882215
202037,-0.29834645444486796,-4.8844889198313695,-3.9061622049511016,0.07942976482456743,-0.9205885052317626
202038,2.0495544950877047,-0.9836168532518172,-1.7053775007785816,-3.885125678880115,-4.540762234692465
202039,1.1745003814481265,0.08235066555425874,0.840792043971021,-1.7997407320420393,2.500879734514683
202040,4.676830885432594,0.6135902830906161,-3.0680730198885158,-4.0494856488901405,-1.442082887469951
202041,2.9738033610805132,3.6436992581401455,3.002085665677555,1.6546682750673654,-0.7729968715194104
202042,0.7545330806150332,2.079113621731949,-4.135757806236995,-0.46256050990950826,0.036528269037319205
202043,-5.125466829707818,-1.7354100177677765,-6.610594081420402,2.3779012457195563,1.376113501108307
202044,3.464242913486771,-2.177645438030254,-1.916694382641026,-1.6620372432435033,-4.401755347883807
202045,0.9422925194514846,2.795049140711342,7.29626973190625,3.8687257624429776,6.206447896506859
202046,-0.8522731360807825,1.317729198396762,-0.8734667420037567,2.6236605227518908,2.0940496690196255
202047,1.0793690444111803,4.156991661472148,2.4876259805296854,0.49574413772620574,-0.29079007703353454
202048,-0.01457908740979974,-1.2552620765676465,1.338317912728428,1.0088115702538403,3.934595236181849
202049,2.20726370985534,-1.7413581244684906,2.3500162745133935,-2.9419185364371856,-0.05243240124360682
202050,-0.4884557249604313,-0.6876072694664686,1.7875913869385158,1.0193473756722824,1.726314244825062
202051,2.4080683127642715,0.0614278228368903,3.022849241276674,-1.8306575808285857,-2.4349559470076656
202052,-0.38630382810657693,0.27939909244014416,0.18505987551367298,-0.35236356831501325,2.7989472738388486
