Date,W,SW,MW,SE,NE
198001,271.5582839947067,278.4032956653171,267.12795175541845,278.74948105545366,267.2085325818147
198002,271.6819113469852,278.32397626717744,266.8544533063593,278.4859333400981,266.6999820114479
198003,271.90702923460526,278.4380746921272,266.84038058764776,278.43635904652314,266.41154940334735
198004,272.20309642366993,278.74055399491226,267.0850028496129,278.6092683499272,266.3523265098106
198005,272.55013070829943,279.2181741305616,267.57801679208234,278.9991822251421,266.52441815632267
198006,272.94039210048993,279.8501479509237,268.29996717539103,279.5863241156477,266.9224917561696
198007,273.37735767012157,280.6100740706035,269.2239491750069,280.33893958948295,267.53420782418124
198008,273.87236695581754,281.46883610383793,270.3183257283906,281.21781577838277,268.3414623714017
198009,274.4398151087344,282.3979343608348,271.5499727406692,282.1820798855189,269.3222057742093
198010,275.0920624908523,283.37260818746404,272.8874493062249,283.1950684597427,270.4524881182908
198011,275.8352502292529,284.37414025858664,274.3035056662429,284.2290423221832,271.7083437324987
198012,276.66695932663555,285.39090184027106,275.7764853620735,285.2677801517974,273.0671757046191
198013,277.5761869056641,286.41796330020713,277.2904178463196,286.30655827859846,274.5084232849824
198014,278.5455459984397,287.4553977779933,278.83387984884666,287.34960738114404,276.0134631367218
198015,279.5550572536136,288.5056800303081,280.39796478252487,288.4056960623069,277.5648709523707
198016,280.5865171458261,289.57076589134675,281.9738810961775,289.48289982858955,279.1453130573539
198017,281.6272869354469,290.64949004609724,283.55076265684687,290.5837795726627,280.73641589454496
198018,282.67248250636953,291.7358302563447,285.1142042122413,291.70207966421117,282.3179573517206
198019,283.72492609257836,292.81837636397313,286.6458501484412,292.82168956012566,283.867639311742
198020,284.7927587524048,293.88106108431583,288.12410861121543,293.91807943873295,285.36155566844144
198021,285.88518261324094,294.9049215474884,289.5257951558657,294.96184281494266,286.7752983463029
198022,287.0072717664763,295.8704316415383,290.82829235114406,295.92349031340336,288.08548563846034
198023,288.1550501461027,296.75982740245024,292.01169425825105,296.7783510307345,289.27138933100844
198024,289.31202156969937,297.55886710800155,293.06041417665415,297.5104170927782,290.31630486487086
198025,290.4480514562295,298.25761873817976,293.96386779108855,298.1142175264773,291.2083599938764
198026,291.52100411261307,298.8501140447107,294.7160703743944,298.5942713774036,291.94058055768915
198027,292.4809447448236,299.3329925510053,295.31425298177277,298.96223994988674,292.51019897895253
198028,293.27615540317476,299.7035136503082,295.75684628855737,299.2324424471783,292.9173635835439
198029,293.8598153424483,299.9574805835394,296.0413446019178,299.4167921815247,293.16354507891657
198030,294.19604886378374,300.08765703262816,296.16260760395414,299.52036059575033,293.25000846030025
198031,294.26418081215814,300.08315562986434,296.11207183524607,299.53864792448303,293.1767072732039
198032,294.06043027346595,299.930060131946,295.87814614223186,299.45726065728496,292.9418645639727
198033,293.59682808475685,299.61325857317854,295.4477995673576,299.25415278301085,292.5423515903619
198034,292.8977379128591,299.1191783516965,294.80907659898645,298.9040037548476,291.97479592917375
198035,291.9948598750525,298.4388917292424,293.9540555938916,298.3838145240914,291.2371855325991
198036,290.9218881855841,297.5709532251947,292.8816517105849,297.67851629271667,290.3306218661098
198037,289.71001600210576,296.5233643686711,291.5996824286216,296.7853706691786,289.2608391040174
198038,288.385229601696,295.3142297736563,290.1257585646828,295.7161988236731,288.0391555023159
198039,286.9678707842436,293.97093449016836,288.48680450008925,294.496952505323,286.6826461711518
198040,285.4743799478742,292.52797685810305,286.71729426279194,293.1647235782442,285.21349541884564
198041,283.92059486754147,291.02386574291864,284.85655186592,291.76284857060176,283.65766319180216
198042,282.325596948211,289.49767490678795,282.94564656609566,290.33517374664876,282.04314391030545
198043,280.7149568106882,287.98589986849504,281.02447637557424,288.92071214894315,280.3981748220468
198044,279.12236726029073,286.52017327849063,279.1295634777351,287.5498103189953,278.74974747655807
198045,277.5890327683761,285.1261851360282,277.29290055183293,286.24257635532797,277.1226916147965
198046,276.1607225233886,283.82387286261684,275.5419309010061,285.0097875933881,275.5394557597749
198047,274.88296423085364,282.62865807367757,273.9004772510578,283.85591856228586,274.0205370712842
198048,273.7953255387258,281.5532777536795,272.3902160690481,282.78344089965634,272.58535464005087
198049,272.9259891415407,280.60963938717134,271.03217631508625,281.79725885658746,271.25325224220245
198050,272.28781407289324,279.810148559446,269.8477504346317,280.90812279110867,270.04428391092034
198051,271.8767895353807,279.16810799568077,268.8588384271227,280.13411305502365,268.9794863095362
198052,271.6732913989236,278.69703294466564,268.08697150604183,279.4997498912621,268.08046434596974
198101,271.64595607542464,278.4090111668346,267.5515271908405,279.03285422291697,267.36828264070925
198102,271.7574257639422,278.3124898356271,267.2673903313489,278.75982786070296,266.8618270295426
198103,271.97081949407936,278.41003641735733,267.24257730203294,278.7004137311491,266.57593750909825
198104,272.25563608653124,278.69665664364373,267.4763844202731,278.8631459326373,266.51968488483965
198105,272.59193131712163,279.1591503150595,267.95853483323276,279.2425701086049,266.69515089843577
198106,272.9720009705071,279.7767671617291,268.66959903838324,279.81893503280986,267.0969778317991
198107,273.39935555229084,280.5231395843287,269.58269715077375,280.5605121793821,267.7127991180676
198108,273.88536558071104,281.36918177747964,270.6662161659791,281.42811507430287,268.5244818409729
198109,274.4444546204191,282.2864213244665,271.8870550856069,282.3808977140048,269.50994571573
198110,275.08900878031443,283.25012144753595,273.2137950627537,283.38222374931206,270.64520855144366
198111,275.82519217728895,284.24158522438097,274.6192072877277,284.4043813209,271.90627090962266
198112,276.6506059664598,285.24920078633454,276.08165507414935,285.43117655319736,273.27050075037266
198113,277.55426451577347,286.26805177781154,277.5851864075836,286.45791325578983,274.717300971719
198114,278.51879513652915,287.2982209888536,279.11839525412023,287.48884952923396,276.2280108003648
198115,279.5242297425473,288.3421891759205,280.67239091391815,288.5327812496358,277.7851675530605
198116,280.5523730228429,289.4019145113905,282.2383963273713,289.5978109575824,279.37139838860355
198117,281.5905913759092,290.47623035937863,283.8055584161718,290.68652625143096,280.9682899440976
198118,282.634002733456,291.559109517746,285.3594835102774,291.7926977903597,282.5555798167415
198119,283.6854282843683,292.6391332508041,286.88182607598463,292.9002408185326,284.11092927041
198120,284.75300495780874,293.7002221253516,288.3510028135588,293.9846507153809,285.61039140942955
198121,285.8459276881976,294.72339760781585,289.7438362894179,295.0165455291778,287.02951735705574
198122,286.9692603417579,295.68911447612254,291.0377145284731,295.9664596712919,288.34488475259076
198123,288.1190136379524,296.5795862910749,292.21273548766567,296.80974520246775,289.5357250345501
198124,289.27867524436573,297.38054558393424,293.25331480245376,297.530416317348,290.5852937605378
198125,290.41809155926154,298.08203142256406,294.14886894059896,298.12302314710286,291.4816794218971
198126,291.49510507354046,298.6780435982946,294.89341241787287,298.59210481143606,292.21786937120726
198127,292.459756467568,299.1651867543797,295.4841740112113,298.94934159715285,292.7910584714128
198128,293.2603006522211,299.5406826233558,295.91958062133386,299.2090705409381,293.20135856492453
198129,293.84988723445275,299.80029415427606,296.1971213151446,299.38322158642524,293.4502050971166
198130,294.19260847390524,299.93674226507034,296.31164910525274,299.47688155734056,293.5388291634547
198131,294.2677549039789,299.9390945199666,296.254592475532,299.4855647750263,293.4671519081799
198132,294.07150916091103,299.7933874800336,296.0143508759328,299.3948904827572,293.2333656057937
198133,293.6158636339368,299.4844600406484,295.577882665302,299.18282405630714,292.83431249682326
198134,292.92514169124564,298.9986887090824,294.93322041899876,298.8240549403354,292.2665930144489
198135,292.0310014548553,298.32709330203136,294.07242941390734,298.2955926587459,291.5281699531933
198136,290.967093607629,297.46817454305835,292.994410628862,297.58237554915195,290.62012171210216
198137,289.764566405926,296.42987902302093,291.7069663353655,296.6816709059466,289.5481615881383
198138,288.4493600269363,295.23025548766947,290.2276911891336,295.60530412823954,288.32358923904354
198139,287.04176914784745,293.8966324046453,288.58349253683025,294.3792297351515,286.963463537675
198140,285.55818620087945,292.4634510357256,286.8088265807393,293.04054090541524,285.4899549894333
198141,284.0144003346483,290.96916289267256,284.94299880313974,291.63257403537585,283.929012236843
198142,282.42944385261615,289.4527843295044,283.0270593132677,290.1991738253388,282.3086209510395
198143,280.82883798599727,287.95075362365105,281.1008864505897,288.7793503414038,280.65701223179616
198144,279.2462260506342,286.49464657159496,279.2009822935659,287.4034457609563,279.00117411908934
198145,277.72276311716263,285.11009692510765,277.35931907946207,286.0915624606986,277.36593551030035
198146,276.30416925043596,283.81698668151154,275.60331942884574,284.85447073154387,275.7737467688417
198147,275.03592349694645,282.6306830690555,273.956785241919,283.69663677521237,274.2451095871788
198148,273.95754549595824,281.56386993189557,272.4413721153564,282.6205226636703,272.7994502795512
198149,273.0971707671231,280.6284030663224,271.07808819266563,281.6310218931854,271.4561225252639
198150,272.467612183423,279.83663802121885,269.8883052550086,280.7388729313057,270.2351929194586
198151,272.0648139779181,279.2018293308554,268.8939028879265,279.96214316134046,269.15771331569016
198152,271.8691084145609,278.73744608542097,268.1163922387094,279.32533884130095,268.24530640030764
198201,271.84908983040276,278.45553209831843,267.5751312044625,278.8562659582332,267.519057110979
198202,271.96736004275385,278.3644929785897,267.2849855511329,278.58131050443274,266.99787408073905
198203,272.1869995484001,278.4668571730188,267.25395320049813,278.5201987775939,266.6966225158251
198204,272.4774706332475,278.7575940913676,267.48131273894137,278.6814475117357,266.62440076718195
198205,272.81879467817504,279.22347005283973,267.95677039223534,279.0595843279403,266.7833203728292
198206,273.2032353467516,279.84370427897255,268.66088063106946,279.6348393995109,267.16805556868405
198207,273.634273423066,280.59190175592585,269.566748520084,280.3754651039739,267.76627379844575
198208,274.1232522203707,281.438952467707,270.64274705903205,281.24225545825857,268.5598781043464
198209,274.68457072262214,282.35636308886046,271.85576238265236,282.19434462243413,269.5268259922886
198210,275.3305931804873,283.3193793205112,273.17436397635765,283.19507616990484,270.6431747717791
198211,276.0674646633059,284.30929018005145,274.5713126277862,284.21671800991817,271.8849660856894
198212,276.8927701672591,285.31447325972096,276.02496257407387,285.2430559689858,273.2296104218724
198213,277.79551085734,286.33000523339376,277.51935410676384,286.2693735799464,274.65655451257055
198214,278.7583038544217,287.35596552324927,279.04307493155216,287.2999087752525,276.1471825804218
198215,279.7611739399381,288.3948351413408,280.58722956768383,288.3434374585091,277.68407795075933
198216,280.78592176286645,289.44857614644417,282.14303769447724,289.4080424795252,279.24991465075885
198217,281.81991279698593,290.5160294137627,283.69964452709127,290.4962921125632,280.8263268896115
198218,282.85826717616976,291.5911788573806,285.2426562724027,291.60193814287067,282.3931003815545
198219,283.9038114184268,292.6626204300346,286.75372888007644,292.7088774725354,283.9279448915917
198220,284.96469089761445,293.7142929129575,288.21128215718244,293.79258775035987,285.40696224688577
198221,286.05011208558994,294.7272394537301,289.5921434112814,294.82366998263535,286.8057523519123
198222,287.165153444569,295.68193990597723,290.8737070475295,295.7726423019102,288.1009415219037
198223,288.3058433031366,296.5606362159489,292.0360790408113,296.61484132482263,289.2718096025786
198224,289.45568989462555,297.34909251298274,293.0636846746463,297.3342667049436,290.3016601274057
198225,290.58456307229386,298.0373825665627,293.94595168123533,297.92545500023977,291.17862897105425
198226,291.6503315932681,298.6195438525231,294.67690743730293,298.39293278618135,291.8957501176812
198227,292.60306512700186,299.09222154970894,295.2537951513245,298.74836889145064,292.45026415341556
198228,293.3910501979163,299.4526806348773,295.6750576942382,299.00609003368476,292.84232758194173
198229,293.9674705428774,299.6967298573331,295.93820160406085,299.17801702513253,293.0734192981599
198230,294.29645495042905,299.8171383290995,296.0380988218736,299.26922878982674,293.14481248969656
198231,294.35733275561483,299.80302403115144,295.96619816824233,299.2752330204076,293.0564688947148
198232,294.1463275343983,299.6404759843915,295.7109207834549,299.1816436368631,292.80661974777496
198233,293.6754746112417,299.3143873998257,295.25924801051747,298.9664220265106,292.39214448571414
198234,292.96914213507176,298.81119076181284,294.59923663790494,298.6042550046759,291.8096788505921
198235,292.0590346972997,298.12196332492175,293.72297731489385,298.0721508441293,291.0572189413477
198236,290.97885097568786,297.24526450509256,292.6293974777327,297.35504802333423,290.13587434701657
198237,289.7597885781456,296.18910062892735,291.3263268617948,296.45021537795486,289.05138733762476
198238,288.42783821611783,294.97158100606316,289.8313885105204,295.369481251846,287.81508423238296
198239,287.0033461053442,293.6200952776417,288.1715189958037,294.1388045099997,286.4440481675238
198240,285.50275703867294,292.169146267517,286.3812044928767,292.79528407040226,284.96047143571127
198241,283.9419131620529,290.6572472153656,284.4997811117733,291.38226344891666,283.3903219213611
198242,282.3399002251313,289.12347614532683,282.5683301485876,289.9435958271825,281.76160193187104
198243,280.7222931645121,287.6043327234521,280.62676159058816,288.51830109073376,280.10255654661233
198244,279.1227890698764,286.1314536303799,278.7116095247198,287.1367325455888,278.44018508685684
198245,277.58259666297624,284.7305327761573,276.85487845540496,285.81900497229583,276.79932500088904
198246,276.1474893461683,283.42151137144873,275.08402342564483,284.57590230187617,275.2024324501984
198247,274.86299899991764,282.21981469701666,273.42287880894224,283.4119055686439,273.6700121598035
198248,273.7686974056767,281.1381832767548,271.893132621087,282.3294928211981,272.2214907080515
198249,272.8927713475945,280.18852800668816,270.51582526519564,281.3335746235341,270.87621927676844
198250,272.2480839025774,279.3832577536804,269.31236051732213,280.43490754477176,269.6542592186441
198251,271.83062826784237,278.7356783926917,268.3046495884569,279.6515780422835,268.57665442610755
198252,271.6207842568777,278.2593081887006,267.51423477803263,279.00811235540243,267.66501694159604
198301,271.58719217177094,277.96623778300557,266.96050455935796,278.53233729087646,266.94041842141917
198302,271.692498046084,277.8649170929353,266.65835459761394,278.2506604268086,266.42175163442965
198303,271.8998246859764,277.95791619014494,266.61581193777425,278.1828303373962,266.12386340356204
198304,272.1786746285217,278.24024327155377,266.8321834166313,278.337386645584,266.0558312498852
198305,272.50910730354826,278.6987004615831,267.29720254349695,278.70888039295255,266.2197435160937
198306,272.8834220851847,279.31253967142277,267.99145001465,279.27756562173874,266.61024896673143
198307,273.30513300185345,280.0553953387838,268.8880559746222,280.0117189417184,267.2149873954267
198308,273.78561402587854,280.8981835501263,269.95541727325843,280.87215887859105,268.0158321205825
198309,274.339292105223,281.81243363429746,271.16044258543644,281.8180442895634,268.99070896266034
198310,274.97855665932593,282.7734104118325,272.47172255083944,282.8127435443519,270.11564170305354
198311,275.70957504089125,283.76241841052786,273.8620376541026,283.8285493577861,271.36663673914484
198312,276.52995156420974,284.7678470628082,275.30976030544656,284.84927228093636,272.7210677271201
198313,277.4287036778971,285.7847811644278,276.79894738395683,285.87022039982804,274.158343117991
198314,278.38846169359834,286.81330450636193,278.31820154092776,286.8956559386514,275.65980754513566
198315,279.3892604433841,287.8558986950305,279.85864054828954,287.93437874182337,277.20800358253297
198316,280.4129074507009,288.91452260131837,281.41149559977987,288.99449516049157,278.7855634937133
198317,281.44677186298094,289.9880101360012,282.9659216471385,290.0785964434859,280.3740788650554
198318,282.48597427375717,291.0703344914494,284.50753282233376,291.1804567381235,281.9532920847015
198319,283.53333844504976,292.1500771741149,286.0179911610262,292.2839946122207,283.50086904635504
198320,284.59700378894973,293.211158840439,287.47572069572396,293.364708602316,284.9928673203658
198321,285.68616763113215,294.23460089395167,288.8575510836265,294.3932197452813,286.4048423296093
198322,286.80589613598937,295.2008578971885,290.14087719476566,295.3400652707096,287.71337584410276
198323,287.9522022267112,296.0921430432039,291.3058035814838,296.18059988542586,288.89770326176557
198324,289.10857567886507,296.89418834337425,292.3367522210059,296.8988402563399,289.94108392598713
198325,290.24486490170887,297.597032193852,293.2231456654571,297.48933881150555,290.8316099380696
198326,291.31891429896103,298.19467356282803,293.95900425394933,297.9566367906572,291.56227208261646
198327,292.28076636449873,298.68371611947384,294.54156232226575,298.31241642240985,292.13026847465693
198328,293.0786777223334,299.06138047187227,294.96925206216264,298.571016505772,292.5357140268436
198329,293.6657995911636,299.32342829491085,295.2395675606075,298.7443685660522,292.78004707115133
198330,294.0062257400359,299.46257908338674,295.34736657629276,298.83756082694526,292.86450140431236
198331,294.07924810852234,299.4678988302594,295.2840820623474,298.84610882710143,292.7890006849129
198332,293.8810506349682,299.32542237810986,295.0381176584598,298.755632843594,292.5517395133982
198333,293.4236269058836,299.0199867576097,294.59643563117,298.54409910174326,292.1495622664664
198334,292.73130138119274,298.5379664661924,293.94707217912134,298.18619771086514,291.57907132243224
198335,291.8357331684618,297.8703791667537,293.08209591587297,297.6589386741006,290.83823122876333
198336,290.77057382933424,297.0157232863458,292.0004108682894,296.947260622456,289.92812194421725
198337,289.5669723916609,295.98194297794004,290.70982206539145,296.04843095755643,288.85445813130303
198338,288.2508696963789,294.78708440944115,289.22792662819984,294.97427499937424,287.62854061832235
198339,286.8425609762852,293.45847333218205,287.58163407493936,293.75074700142017,286.2674292529963
198340,285.358439110742,292.03054815474525,285.8054024843485,292.4149396903503,284.7932953192965
198341,283.8142935867758,290.54175740046776,283.9385389188636,291.01018882407925,283.23208804154194
198342,282.22915693732614,289.0311143014453,282.02209477056124,289.5803382783484,281.6117934755136
198343,280.62855051401425,287.53505388149773,280.0959493635821,288.16439710888767,279.9606429082241
198344,279.04611764394764,286.0851485536969,278.1966054622202,286.7927062973417,278.30562436933724
198345,277.5230132998759,284.70702855856285,276.35603569023044,285.48536683984287,276.6715665483389
198346,276.10495733967207,283.42057225636086,274.6016627549957,284.2531474625541,275.0809194032448
198347,274.8374284938739,282.2411431145832,272.95728834370266,283.10051261901964,273.55418402381764
198348,273.7599459770019,281.1814210951081,271.44456754019666,282.02992245046437,272.1107859245969
198349,272.9006447754238,280.2532579926749,270.0845076755326,281.0462683408162,270.77007778861156
198350,272.27233712061036,279.4690052376583,268.8984794191595,280.16028646475513,269.55212501868607
198351,271.87096649625977,278.84191313124677,267.9083609461819,279.3900417333698,268.47797808066355
198352,271.6768643095524,278.38544641842395,267.13566169543964,278.7600377543771,267.5692580785462
198401,271.6586239338609,278.1116444577773,266.59973755845505,278.29807768783644,266.8470481738911
198402,271.7788461164769,278.0289082965002,266.3154519995145,278.03054452384856,266.3302550308396
198403,272.00061017845775,278.13976171513406,266.29080034388136,277.97716138428973,266.03374169504696
198404,272.2933771249621,278.4391693555014,266.5250582879671,278.1464416554231,265.966604166389
198405,272.6371669518569,278.91389266992735,267.00792887568093,278.53290944042226,266.13095144264264
198406,273.0242418342497,279.54314591694435,267.71996310569153,279.1167912264119,266.5214550317287
198407,273.45808096519477,280.30052902644974,268.6342622823633,279.8663355384508,267.1257794631259
198408,273.95002596527365,281.15692683585286,269.7191953589879,280.74233237678806,267.9258246802562
198409,274.5144740251324,282.0838407857382,270.94164413989216,281.70391172277186,268.89954490736426
198410,275.1637875025444,283.05651125893235,272.2701734985253,282.71441281130984,270.0229939912978
198411,275.9041094754869,284.0562218732632,273.67753933157326,283.7460990557355,271.27220993321794
198412,276.73302285148367,285.0713447432581,275.1420907089542,284.78275163167785,272.6245994022689
198413,277.63952661080526,286.09695099009383,276.6478624816122,285.81964926866254,274.059605137141
198414,278.60623559482457,287.1331144114738,278.1834366443049,286.86102494602636,275.558607194331
198415,279.61317221204064,288.1823103264429,279.7399117381979,287.9156494671686,277.1041845627961
198416,280.6421346464596,289.2464950355223,281.3085012007425,288.991600437402,278.67900676555234
198417,281.68048581630586,290.32450359373723,282.8783437449489,290.09144074508407,280.2647033423955
198418,282.7233432108203,291.41031403642853,284.4350388189201,291.2089166511131,281.84105517557384
198419,283.7735306158607,292.49251638241566,285.96023536072727,292.32791939782777,283.38576703824464
198420,284.83919058722523,293.5550434272628,287.4323459169787,293.42392084200435,284.8749356086932
198421,285.92952669446464,294.5789322845829,288.8281902900008,294.4675160688304,286.2841554884047
198422,287.04961441495226,295.54465672921265,290.12515513918044,295.42921716394704,287.59004753851343
198423,288.1954790116544,296.43445258729815,291.30333845747464,296.28435457462945,288.77188600262406
198424,289.35062557331656,297.234077830285,292.3471573148308,297.01692166604766,289.81296866725256
198425,290.4849207314951,297.93360003552556,293.24603100288004,297.6214485922167,290.70142551853684
198426,291.55622994640015,298.52705045605103,293.99397823555927,298.10245541265874,291.4302845138637
198427,292.51461951729897,299.0110680208163,294.58823334124605,298.47160433173093,291.99678007777413
198428,293.308372527144,299.3829114332016,295.0272300985035,298.7432153380502,292.4010624210433
198429,293.89066920207983,299.6383831492602,295.30846574585297,298.92920241389294,292.6446040179127
198430,294.22563475274757,299.77024597151245,295.42680272303613,299.0346375561686,292.7286715112464
198431,294.29259487121726,299.76761155881104,295.37368015282857,299.05502143710135,292.6532199740568
198432,294.0877694275575,299.6165626009554,295.13750928678377,298.9759608668819,292.4164738591504
198433,293.6231899796005,299.3019859725101,294.70526139384697,298.7754100376136,292.0153057088586
198434,292.9232208511312,298.81030781969935,294.0649830088308,298.4280484880048,291.4463442618989
198435,292.0195627521639,298.1325990609092,293.2087543535761,297.9108771368657,290.70757850900964
198436,290.9459104251001,297.26741278149217,292.1354922690523,297.2088270354633,289.8001108302044
198437,289.7334574908473,296.2227489866968,290.85301573353644,296.3191595231769,288.729676189761
198438,288.40819062456035,295.01671067767376,289.3789368776751,295.2536953826772,287.50759350856515
198439,286.99045195878455,293.67668120356973,287.7401812110819,294.038385857099,286.15093843615074
198440,285.4966821586796,292.2371571163496,285.9712237035184,292.71032218616034,284.6818956943613
198441,283.94271920044906,290.7366454075076,284.1113891227368,291.31284015533936,283.1264255169712
198442,282.34764462440035,289.2142178802951,282.20174729219747,289.88978516809954,281.51252248526134
198443,280.7370291206896,287.7063680107398,280.2821966027175,288.48016928836057,279.868423881399
198444,279.1445654979498,286.24472632387204,278.38925942757754,287.1143379614665,278.2211211627933
198445,277.6114581648138,284.8549806120769,276.55492844699677,285.81239807263273,276.595443851673
198446,276.1834761809962,283.55706600981074,274.8066467759716,284.58512562731096,275.01384012578075
198447,274.9061470573628,282.3664017665645,273.1682367629957,283.4369937084479,273.49680667322986
198448,273.81903818139193,281.29572242335234,271.6613743086982,282.37047239193225,272.06376198686684
198449,272.95033192148077,280.35693294513885,270.3070876177897,281.3904642521737,270.734049119013
198450,272.3128869196158,279.5624363229418,269.1267681916255,280.50771785630724,269.52772125346286
198451,271.90269192154824,278.9255326144528,268.1423148972029,279.74031165180736,268.4658140789972
198452,271.70012227538655,278.45973432928713,267.37525762770355,279.11276386468484,267.5699314043071
198501,271.6738138065649,278.17712641857673,266.84497239500126,278.6528932894331,266.8611366265302
198502,271.786408063366,278.0861531779318,266.5663423547628,278.3870994974599,266.3583142346071
198503,272.00102336069756,278.18937912894984,266.54738200150143,278.33512306631525,266.07630275551725
198504,272.2871577410653,278.4818069933216,266.78738558775837,278.505495636828,266.02417140303555
198505,272.62486613907384,278.95023349819434,267.27607401197986,278.8927602874686,266.2040002059349
198506,273.0064434356322,279.57390523851683,267.994015340155,279.47716312083463,266.61042961292276
198507,273.4353991706068,280.3264514198226,268.91432707430346,280.22697283498394,267.2310911045892
198508,273.92310283508675,281.17878298343913,270.00539341674397,281.10300007625506,268.0478496938086
198509,274.48397690577474,282.1024242030553,271.23411039702603,282.06439585926756,269.03862290772776
198510,275.130406343472,283.0726349368986,272.5690560189112,283.0745207523202,270.179426251337
198511,275.8685540575085,284.07071484613033,273.9829981477241,284.10565971436677,271.44625786721366
198512,276.69601993669744,285.0850485949776,275.45429659817984,285.1416155904906,272.81648318300824
198513,277.6018170246961,286.110716312142,276.9669956848432,286.1776888149358,274.269502452124
198514,278.56857125132086,287.1477972253384,278.5096855326343,287.21813401860464,275.7866521458945
198515,279.57631309254225,288.1987684841053,280.0734714323952,288.27174351537275,277.3504667164342
198516,280.60684574401773,289.2655846113487,281.64957214917393,289.3466161928099,278.9435703501799
198517,281.6475340562691,290.34707528122766,283.22713026550093,290.4453359073109,280.5475466057525
198518,282.6934943593472,291.43720956325234,284.7917476106633,291.5616694890387,282.14212989740685
198519,283.74754618774864,292.5245649570983,286.3250739911768,292.6795282680314,283.704978203332
198520,284.81782476450906,293.5930582307726,287.8055212909058,293.77440362647417,285.2121412412038
198521,285.9135232672044,294.6237070199037,289.20990710582686,294.81690953431286,286.639166648495
198522,287.03970375554815,295.5969622417756,290.51561433903595,295.7775762455916,287.9626284814804
198523,288.19237509391036,296.4950335688885,291.70273567703975,296.63175158686397,289.1617545003461
198524,289.35502304731114,297.3036496187347,292.7556813390811,297.3634454438887,290.219796491059
198525,290.4974920651177,298.0128455221517,293.66386223384694,297.9672035664763,291.12483908206514
198526,291.57762264417073,298.6166171124081,294.42128717817957,298.4475606227538,291.8698656738829
198527,292.54545342680717,299.11156505589224,295.02517911331347,298.8161923800309,292.4520670903798
198528,293.349237243129,299.49490709171243,295.4739589706569,299.0874312899162,292.8715510500681
198529,293.94212157781556,299.7624021611812,295.76510971743045,299.2732026477615,293.12974879184384
198530,294.28819652800985,299.9067671624314,295.89347813949996,299.37858856821794,293.227887124403
198531,294.3667504256846,299.91706563009996,295.85048637032116,299.39909860520595,293.16588282725684
198532,294.17396366804223,299.77933008813704,295.6245273892073,299.3203471787118,292.94192373459197
198533,293.72182636901994,299.47839538954344,295.20255296767294,299.120294787867,292.5528475734524
198534,293.03465958661167,299.0006339962269,294.5725889806407,298.7736259498777,291.99525019282385
198535,292.1441190991296,298.33706167880456,293.7266938951098,298.2573452129568,291.2670897348183
198536,291.0838532136293,297.48617511631613,292.6637617742983,297.5563858933889,290.36943988038826
198537,289.88500777998723,296.4559168589193,291.3915878721403,296.6680102212273,289.30800914528965
198538,288.57352053968157,295.26433161775304,289.9277597286661,295.6040384908831,288.0940923455472
198539,287.1696837064237,293.9387438341957,288.29917748063053,294.39042007909444,286.74474345442786
198540,285.68988722267375,292.5135907543632,286.54029003013005,293.0642429872245,285.28212802253614
198541,284.1499177225015,291.02731988720495,284.69039547297564,291.6688384019791,283.7321896850937
198542,282.5688049715498,289.5189435990122,282.7905364497018,290.2480457844911,282.12290905615174
198543,280.972067641467,288.0248961968006,280.8805837529326,288.84086993490774,280.4825121313722
198544,279.39334646832424,286.57674952616776,278.99703184028317,287.47764774065035,278.8379818023702
198545,277.8737939243334,285.2001334097326,277.17184525835233,286.17847626722994,277.21414177672006
198546,276.4591274588371,283.9149259395871,275.43243887143774,284.95412047593607,275.633437189404
198547,275.19482348730514,282.73649046484576,273.80260676212595,283.8090412232399,274.1163644686797
198548,274.120399004054,281.6775069787845,272.3039966524226,282.7456952230493,272.68234463166516
198549,273.2639868714561,280.7498274572079,270.95760875843683,281.768970603588,271.35072603050986
198550,272.63839729448637,279.96580366102876,269.78480688555686,280.88960045720415,270.1415699060633
198551,272.23957182907895,279.3386863711639,268.8074625995565,280.12564678768626,269.0759227333612
198552,272.0478400545577,278.8819409611454,268.0470789883712,279.5016104720406,268.17540179892893
198601,272.0317936174635,278.60760756647306,267.5230058545929,279.04529211766334,267.46108662223907
198602,272.1540316403393,278.5240881590732,267.25010083894546,278.78307234139317,266.95188040270114
198603,272.3776319225759,278.63390759141043,267.23635371173896,278.7346720724973,266.66264290044614
198604,272.6720540516866,278.9320317237059,267.4810348861251,278.9086026864303,266.60246701078603
198605,273.0173167107921,279.40522337235666,267.9738423973738,279.2993864584007,266.7734588095389
198606,273.4056808679704,280.0326983047549,268.6953225129024,279.88724823134925,267.1702870668122
198607,273.840624615718,280.78805810347404,269.6185720858186,280.64043507076445,267.7806137598479
198608,274.33348858122423,281.64218940136146,270.7119559005954,281.5197357026646,268.5863364667321
198609,274.8986690695395,282.5665955760634,271.94235187745977,282.4842790201267,269.5654072344899
198610,275.5485276612057,283.53651908787106,273.27832129259406,283.49740335625887,270.6938779219697
198611,276.28920676583846,284.53324577117723,274.69261673419874,284.5313714094727,271.9477847325496
198612,277.11828873191035,285.54515009479076,276.1635842542689,285.569963827651,273.3045327286911
198613,278.0247720903296,286.56730567042194,277.6752559780001,286.6084589999399,274.74356323427446
198614,278.9912713431084,287.5997889210166,279.2162114680182,287.65108975274603,276.246255083521
198615,279.9978086696374,288.6450779239487,280.77754712824714,288.7066269239635,277.7951862361957
198616,281.0261821352504,289.705131869455,282.3504745548868,289.7831483406929,279.37302537964223
198617,282.0637546500572,290.778788831887,283.9241309166166,290.88321730013223,280.96140141182804
198618,283.1056438057975,291.86002999367054,285.48411441488696,292.0005806587266,282.54009476722877
198619,284.154673601433,292.93744864654224,287.0120730393788,293.1191304406131,284.08680996538226
198620,285.2189869163979,293.9949809828166,288.48641868698525,294.21433947005744,285.57764362509425
198621,286.30778775427365,295.013667634618,289.8839708092309,295.25680398475924,286.9881904823821
198622,287.4261521366564,295.97398601491295,291.1821160136798,296.21703740712127,288.2950717266836
198623,288.5701059806619,296.858175705384,292.36095254033734,297.0703717045501,289.4775621233264
198624,289.7231551387803,297.6519985481391,293.4048980047897,297.8008019447328,290.51896017350293
198625,290.8551671155137,298.3455261039711,294.3033725424429,298.4028601654975,291.40739677040386
198626,291.9240083527607,298.93279371971744,295.0503960085186,298.8810684902832,292.1359009701567
198627,292.8797462396975,299.4104445260271,295.6432041693891,299.247091366171,292.70170848693
198628,293.67066505682084,299.77574153332245,296.0802325373521,299.5152512019106,293.1049710111024
198629,294.2499463348071,300.02449160744584,296.35898037926097,299.6974645758197,293.3471626854737
198630,294.58171669510585,300.14946206079276,296.4743124564737,299.79880625515716,293.42955200928964
198631,294.64530334609947,300.1397691594581,296.4176705051841,299.81477985510367,293.352096098528
198632,294.43692777883865,299.981500295075,296.1774686805146,299.73099529961485,293.113021634196
198633,293.96862327591134,299.6595471358028,295.74068144331,299.52541006346974,292.7092035706051
198634,293.2647559886757,299.16034071033806,295.0953588066272,299.1727071349703,292.13727324067094
198635,292.35702855652056,298.47495690548146,294.2335847547442,298.649891047349,291.39522240987924
198636,291.27913775194673,297.6019538579576,293.15428017294334,297.9418966289409,290.4841564117687
198637,290.0622793255512,296.54933670431166,291.86526836321184,297.04598915656334,289.4098133410438
198638,288.732442180575,295.3352136538359,290.38416605666197,295.9739935083273,288.1835154239398
198639,287.30997077479566,293.9869733375403,288.7379036373281,294.75186517835283,286.8223417881839
198640,285.8113081944434,292.539117659808,286.9609612203875,293.4166998103421,285.34848080447705
198641,284.2522949312667,291.0301590318999,285.09266898688804,292.0118377441226,283.7878965238366
198642,282.6520151341735,289.49917474093627,283.1741024381942,290.5811290851534,282.1685875107967
198643,281.0360421935018,287.9826638076325,281.24516590421206,289.1635907441928,280.51879519431577
198644,279.4380717081213,286.51226235920853,279.3423879549221,287.7895731553812,278.8655153395668
198645,277.89931096537583,285.1136638443893,277.49776772113086,286.47918833172184,277.2335819348555
198646,276.46553199053363,283.80680910473944,275.73875501843963,285.2432175424003,275.64544777956405
198647,275.182265345174,282.60712314421494,274.0891791419507,284.08613926692124,274.12161433616757
198648,274.08908155091603,281.527346302214,272.57072318074984,283.0104291073574,272.68150502166884
198649,273.21416619194287,280.5793893825402,271.20442276555644,282.02099529065737,271.3444679593242
198650,272.5703812058433,279.77566125201923,270.0116770568549,281.1285921595075,270.1305615475436
198651,272.1537187119107,279.1294678776116,269.0143928093253,280.35130405653325,269.06082683022106
198652,271.9445575078131,278.6543277081363,268.23410802768683,279.71365521901635,268.1568731083958
198701,271.9115369425954,278.3623316603198,267.690207054379,279.2434705652956,267.43976940544684
198702,272.01730216019206,278.26193001820025,267.39758158970903,278.96715589958944,266.9284059670306
198703,272.22497514115076,278.3556933110648,267.3642548818284,278.90445813755355,266.6376272038222
198704,272.50405766151243,278.63863028397435,267.5895301407186,279.06391535968766,266.5765083367067
198705,272.83460845517794,279.0975436995368,268.06313742075326,279.4400771819119,266.7471355213427
198706,273.208926265942,279.71168619665525,268.76565413690923,280.01319633821043,267.1441554493938
198707,273.63052455793644,280.4546930297106,269.6702073277147,280.751548248071,267.7552059567034
198708,274.1107768056497,281.2974811901675,270.7451909138722,281.6159503653604,268.56215851985957
198709,274.66410952603763,282.21158099953897,271.95751081943905,282.56556059433274,269.54293723428464
198710,275.30291177469417,283.1722583579625,273.27575511295777,283.56374647098966,270.67356427384726
198711,276.0333506079353,284.1608189589981,274.67270188885743,284.58279999597426,271.93004454659007
198712,276.8530301113771,285.1656534861699,276.12672134923866,285.60653112592365,273.28975033814504
198713,277.75096757288986,286.1818480707922,277.621868348199,286.6302474723394,274.7320888482892
198714,278.7097932114794,287.20948792293706,279.1467436961186,287.6582109048881,276.2384035789489
198715,279.7095418348203,288.25105615068446,280.69246350892263,288.69922103348534,277.79123609282817
198716,280.73202101030364,289.30851320812224,282.25025750998253,289.76138409475567,279.37321776268425
198717,281.76459999770407,290.38069466970364,283.8092793669337,290.84729134287255,280.9659394048791
198718,282.80239957131266,291.4615754708361,285.3551421144183,291.950717050185,282.5491427584803
198719,283.84824374230084,292.53973893920727,286.86950687795826,293.05558002898465,284.10049318917316
198720,284.9102722402419,293.5991076294863,288.33079696741214,294.13737917941614,285.596047860392
198721,285.9976827765218,294.62070491917245,289.71584150501366,295.1667360207107,287.0113619091738
198722,287.1155419693307,295.58498741921653,291.0020350135994,296.11418838312824,288.3230169406803
198723,288.25986326356104,296.47417044419683,292.1694818860668,296.9550916919589,289.51024830879413
198724,289.4141370241667,297.27398819874145,293.20260412781766,297.67346344979865,290.5563154334523
198725,290.5482123172141,297.9744813425607,294.0908245065404,298.26385703696747,291.4493106127858
198726,291.6199342703528,298.56965117624736,294.8281637639544,298.7308147613397,292.1822249481352
198727,292.5793461681733,299.05610376871647,295.41185682504425,299.08602003477284,292.7522569907336
198728,293.37470549180387,299.43106219359464,295.84033665680533,299.34381295378626,293.1595222083935
198729,293.9591643830461,299.69029065553536,296.1110983068197,299.5161264545693,293.40545960662735
198730,294.2968175995793,299.82651124170724,296.21900067900094,299.6080502841064,293.4913037734352
198731,294.3669581346433,299.82879259839484,296.1554780554316,299.61510161572284,293.4169792756876
198732,294.1657710447538,299.68317228077115,295.90893558750724,299.5229024714674,293.1806817383488
198733,293.7052510985231,299.37449008964535,295.4663372351459,299.3094209307898,292.77925667802225
198734,293.0097240013012,298.8891233483801,294.81572107085213,298.9493490650834,292.2093077274006
198735,292.1108501687593,298.2180925998058,293.9491577612406,298.4196989462477,291.46880080182166
198736,291.0422825326424,297.35989920309805,292.8655535640331,297.70541137940404,290.5588173403611
198737,289.83517155218135,296.3224902936932,291.57271591541667,296.80375604426575,289.4850735971847
198738,288.5154595602175,295.12391507042736,290.08824451829366,295.72656064142603,288.2588721024172
198739,287.1034433411866,293.7915023621282,288.4390516457928,294.49978190605236,286.8972745145335
198740,285.61551738499924,292.3596936995063,286.65959830278774,293.16051514594113,285.4224540358921
198741,284.06747284727993,290.8669407707056,284.7891946471921,291.75209879802355,283.8603619154733
198742,282.4783439867225,289.35226001332813,282.8688953339171,290.3183795132735,282.238986338574
198743,280.8736539369316,287.8520896953975,280.9385831152157,288.89836921715585,280.5865608250987
198744,279.28704786226643,286.3980055108629,279.0347643465974,287.5224118537875,278.9300757394409
198745,277.75968262700394,285.01564101575065,277.1894154038708,286.2106114726956,277.2943622060588
198746,276.33728003379497,283.7248779183972,275.4299629049521,284.97373994249403,275.7018727165304
198747,275.06532081014933,282.54108306484915,273.78021260359446,283.8162649463213,274.17311099106234
198748,273.9833262186668,281.4769398239227,272.2618238037073,282.74064994017937,272.727505269757
198749,273.1194333437837,280.5443034235644,270.89580820728486,281.751789705948,271.3844110545077
198750,272.4864565638829,279.75552875149583,269.70354100288375,280.86042389738276,270.16389665843593
198751,272.08034155724147,279.1238695882504,268.70690503009314,280.0846209836753,269.0870155471932
198752,271.88142197208214,278.6627941779994,267.92741453474116,279.4488882075348,268.17539191213007
198801,271.858293468052,278.38434539619664,267.3844303548896,278.981032438723,267.4501120876714
198802,271.9735591226907,278.2969278224059,267.09282103788286,278.7074404495327,266.93008599427765
198803,272.19030062999303,278.4030687828605,267.0605871254526,278.64783921426476,266.63018001525813
198804,272.47798140943524,278.6977364762078,267.2870096607058,278.810746039543,266.5594935673184
198805,272.8166239112475,279.1676959205354,267.7617971612173,279.19068901450646,266.7201391420345
198806,273.1984928035884,279.79216494687785,268.46550622296445,279.7678986754841,267.10679181584896
198807,273.6270698098699,280.5447470621719,269.3712438678662,280.51062765757786,267.7071197591947
198808,274.11369911693504,281.39633068320086,270.4473848835515,281.37967012948764,268.5030266265517
198809,274.67278051617,282.31842083005375,271.66081702193725,282.33416029695866,269.47247042095756
198810,275.3166789991221,283.28626146299035,272.9801112137245,283.3374416727505,270.59150883338265
198811,276.0515403091112,284.2811397729997,274.3780295188594,284.3617819989856,271.8361837719987
198812,276.87495004908817,285.2914314413022,275.83292727281724,285.39096682847435,273.183905873373
198813,277.77590992333353,286.3122111471077,277.3288456906279,286.4202793137476,274.6141219015218
198814,278.73703752429356,287.3435562353074,278.854373225841,287.45395690037896,276.10821599363106
198815,279.73835803706856,288.3879455591111,280.40061496924574,288.5007748986226,277.6487712721392
198816,280.7616724462428,289.44733893801236,281.95879099482397,289.5688154586308,279.21846144373706
198817,281.79434649303056,290.5205749286582,283.51804673505154,290.6606460489332,280.79892027946283
198818,282.8315005104945,291.60163504851255,285.0639884364152,291.770017543264,282.36993293772423
198819,283.8759611475548,292.6791127768841,286.57827191022744,292.88082582677663,283.909208510079
198820,284.9358738407087,293.736944346072,288.0393166470957,293.968547426344,285.3928480327582
198821,286.02044505622837,294.7561702805634,289.4239494599644,295.00378212182045,286.79645050201935
198822,287.1347531826058,295.7172677381195,290.7095640812832,295.957046715364,288.09664120785925
198823,288.27482640669035,296.6024758977886,291.87626563530984,296.8036763898862,289.2726988540816
198824,289.42417275223306,297.397556051844,292.90847837729194,297.5276692625755,290.3079257159679
198825,290.5526617952695,298.0925790643574,293.7956288338946,298.1235602531039,291.190456294204
198826,291.61816194830834,298.6815794389603,294.5317429995307,298.59587419754155,291.9133230837118
198827,292.570742469074,299.16119931709875,295.11406252418004,298.95627808493384,292.47376506674647
198828,293.3586894034705,299.52870057456977,295.5410285447994,299.2190966939747,292.87193702916073
198829,293.9351859434215,299.77988879782805,295.8101456907411,299.39624879965544,293.10931603481373
198830,294.2643602665039,299.90752987586535,295.9162838206456,299.4928111914893,293.18717332789765
198831,294.32554103120947,299.90073850818777,295.85088949987284,299.50428933144786,293.10546859163014
198832,294.1149510718427,299.7456003775705,295.60238144185354,299.41629481387344,292.86243089506434
198833,293.6446249066148,299.42700530204576,295.1577383923021,299.20678660669125,292.4549373999828
198834,292.9389298141634,298.9313823199976,294.5050143732866,298.8504490133783,291.87962146492345
198835,292.02956945216187,298.2498051888952,293.63629709998077,298.3242877037451,291.1344766979809
198836,290.9502415018143,297.38082977836154,292.5505109083555,297.61323846358806,290.2206100912326
198837,289.73214251231417,296.3324588214003,291.2554822689514,296.7145673476553,289.14376121290417
198838,288.4012620749334,295.1227979887339,289.76883079754003,295.6400998321512,287.91525357689903
198839,286.9779452245169,293.77923323926467,288.117489477327,294.41579182925017,286.5521674120317
198840,285.4786355130673,292.33626367330066,286.3359407357492,293.0787392205756,285.0766920028951
198841,283.91917378654216,290.8323987677087,284.46351677794735,291.6722824037551,283.51479212669875
198842,282.31864443629235,289.30671274662075,282.5412948401276,290.2402713620456,281.8944668860772
198843,280.7026209831932,287.7957014409723,280.60918069687176,288.8217227042261,280.2439580597164
198844,279.1047990446725,286.3309976632876,278.70370407192803,287.4469863830121,278.59026157397545
198845,277.566385814644,284.93829142463125,276.85686495839053,286.1361737509736,276.9582113897484
198846,276.1331531130125,283.63752000796643,275.09611374226915,284.90006523839855,275.37026009046315
198847,274.85063118418134,282.444104739802,273.44527999696857,283.7431383080779,273.84690873426604
198848,273.7583901209659,281.37078216540897,271.9260467977155,282.6678673683087,272.4075801457357
198849,272.8846149673674,280.4294591800186,270.5594494693265,281.6791592760603,271.0716216680003
198850,272.24216700972846,279.63254062974204,269.36688657462884,280.78776682879925,269.8590907321408
198851,271.8270376054101,278.9933283510527,268.3702639793525,280.0117726497561,268.79102722813536
198852,271.61960467990417,278.5253365549439,267.59111850860745,279.3756990838121,267.88903911724566
198901,271.5885066003414,278.2406518154767,267.04883303536917,278.9073689851706,267.1741938980468
198902,271.6963874195736,278.14771997174444,266.75829750160136,278.6331859235524,266.6653801073103
198903,271.90636791852984,278.2491070084313,266.72753310937895,278.57289441122623,266.3774402638011
198904,272.1879485657915,278.5398170290177,266.95584073618846,278.7350299579882,266.3194475146312
198905,272.5211866807173,279.0066480602918,267.4329478189752,279.11413944340956,266.49348576109605
198906,272.898379486296,279.62884791389195,268.1394288720054,279.69047270124946,266.8941992612843
198907,273.32303882047137,280.3800469283378,269.0484077516344,280.43230208876014,267.50922323973913
198908,273.80653642710337,281.23115709353834,270.1282749169139,281.3004418375241,268.3204263856135
198909,274.363296989081,282.15370364670827,271.3459325529221,282.2540464715173,269.30572983245617
198910,275.00570762555543,283.1229473239465,272.66996471420725,283.25647999061897,270.4411526196232
198911,275.7399333551454,284.12018857808334,274.073145208664,284.2800307057458,271.7026963499083
198912,276.56357612569457,285.1338127783174,275.5338396819537,285.30850473253605,273.0677298349617
198913,277.46565098846366,286.1589006711812,277.0360981646247,286.33720569264005,274.5156566339503
198914,278.42878582830645,287.19553201468926,278.5685163793497,287.370391319529,276.0278164437649
198915,279.4330130225541,288.24618440081076,280.122205093296,288.41685694317346,277.58674685995
198916,280.46013761346944,289.31281270672906,281.6883884232877,289.4847043791819,279.1750751283769
198917,281.49752624237584,290.39424687249544,283.25621417603696,290.57652032240304,280.77438778128754
198918,282.54029697330486,291.4844561449495,284.81128927444973,291.68607435039615,282.36442211898174
198919,283.591271016929,292.57201811240833,286.33526848520944,292.79728044812083,283.9228389164078
198920,284.6585852137034,293.6408495427623,287.8065685160901,293.88563255884935,285.42569059706165
198921,285.75143429894837,294.67196798274625,289.2020116479949,294.9217471184774,286.84852741169925
198922,286.8748818295625,295.64582417201086,290.4989853273237,295.8761567506183,288.1679259358023
198923,288.0249381056921,296.5446275167722,291.67758663971074,296.72421155382904,289.3631163532051
198924,289.1850902659089,297.354106279731,292.7222300568827,297.4499235871811,290.4173527765416
198925,290.3251840701282,298.0642951486226,293.6223305909898,298.04784067404273,291.3187220625808
198926,291.4030612619906,298.66918942555213,294.3719010110283,298.5224994553393,292.06020974051756
198927,292.3687616661777,299.1653891579868,294.96816805688235,298.885577569478,292.6390086620095
198928,293.17053923000964,299.5501113787119,295.4095563030018,299.1514092365841,293.0552284712928
198929,293.76154248962376,299.819114235724,295.6935522020317,299.3319214171273,293.3103022298072
198930,294.1058625272642,299.9651137473084,295.8150058657312,299.4321977867239,293.40545846455836
198931,294.18278859308936,299.9771724822368,295.7653425921004,299.44774935541517,293.3406155681467
198932,293.9885019350513,299.84132191314217,295.5329583619273,299.36419189383713,293.1139628817034
198933,293.5349934499184,299.5423957568728,295.10480778350944,299.15948714573636,292.7223395322146
198934,292.8465849101538,299.06676525501837,294.46891940233814,298.808320766401,292.1623426608135
198935,291.9549327397727,298.4054448744312,293.6173541883436,298.2876983351583,291.43193159323897
198936,290.89368582240115,297.5569299077096,292.5490085387156,297.5825540920709,290.53218108489017
198937,289.69399051502813,296.52916143671337,291.27167987117997,296.6901510833289,289.4688006161968
198938,288.3817849965001,295.34018262329687,289.8029577182613,295.622310311601,288.2530858575602
198939,286.9773618479048,294.0173162794855,288.1697440368959,294.4049817538291,286.90209152586857
198940,285.4971113088803,292.59499794294135,286.40648937613776,293.07525390341874,285.43798380420304
198941,283.9568202403094,291.111673336074,284.5524933047238,291.67645833091365,283.88670684879594
198942,282.3755185641554,289.60635296161115,282.6487997613803,290.2524347731026,282.27624168298985
198943,280.7787250378083,288.11546918709064,280.7352806615906,288.84218819769444,280.63481459983427
198944,279.2000804124555,286.67059184387335,278.8484314100047,287.4760555517315,278.9894086763126
198945,277.6807371047938,285.2973486667828,277.0202173240436,286.1741338526232,277.3648476932993
198946,276.2664124380528,284.01561558780213,275.2780538623334,284.9471879061179,275.783576747031
198947,275.00258263106605,282.84075372491327,273.6457355251201,283.79967830605443,274.2660921150634
198948,273.9287644111045,281.78544077056756,272.14491027532864,282.7340613970292,272.83181455201384
198949,273.07309030324114,280.86152633142893,270.7965783932851,281.755224831753,271.5000920359604
198950,272.448370105091,280.0813597323688,269.62210357203304,280.87390112139946,270.2909853224045
198951,272.05054489540294,279.4581892528196,268.6433570886884,280.1081515835254,269.2255402901204
198952,271.85994370676434,279.0054777008833,267.8818415665683,279.48247630451635,268.32537351889005
199001,271.8451575697419,278.73526258421987,267.3569061681453,279.02467499748815,267.61156371145904
199002,271.96878492202046,278.65594318608026,267.08340771908615,278.7611272821325,267.1030131410922
199003,272.1939028096405,278.77004161103,267.0693350003746,278.71155298855757,266.8145805329916
199004,272.48996999870513,279.072520913815,267.3139572623397,278.88446229196165,266.7553576394549
199005,272.8370042833347,279.55014104946434,267.80697120480914,279.2743761671765,266.927449285967
199006,273.22726567552513,280.1821148698265,268.52892158811784,279.8615180576821,267.32552288581394
199007,273.66423124515677,280.94204098950627,269.4529035877337,280.6141335315173,267.9372389538255
199008,274.15924053085274,281.80080302274064,270.54728014111737,281.49300972041715,268.74449350104595
199009,274.7266886837696,282.72990127973753,271.778927153396,282.4572738275533,269.7252369038535
199010,275.37893606588756,283.7045751063668,273.11640371895163,283.47026240177706,270.85551924793504
199011,276.1221238042881,284.70610717748934,274.5324600789697,284.5042362642176,272.1113748621429
199012,276.9538329016708,285.7228687591738,276.0054397748003,285.54297409383184,273.47020683426337
199013,277.86306048069923,286.74993021910984,277.5193722590463,286.58175222063284,274.91145441462663
199014,278.8324195734749,287.7873646968961,279.0628342615735,287.6248013231785,276.4164942663661
199015,279.84193082864874,288.8376469492108,280.6269191952517,288.6808900043413,277.9679020820149
199016,280.87339072086127,289.9027328102494,282.2028355089042,289.75809377062393,279.54834418699807
199017,281.9141605104821,290.981456965,283.7797170695737,290.8589735146971,281.1394470241892
199018,282.9593560814047,292.0677971752474,285.34315862496805,291.97727360624555,282.7209884813648
199019,284.01179966761356,293.15034328287595,286.874804561168,293.0968835021601,284.2706704413863
199020,285.07963232744,294.2130280032186,288.35306302394224,294.1932733807673,285.76458679808565
199021,286.1720561882761,295.23688846639106,289.7547495685924,295.237036756977,287.17832947594707
199022,287.2941453415115,296.20239856044105,291.05724676387086,296.19868425543774,288.4885167681046
199023,288.44192372113787,297.09179432135295,292.2406486709778,297.05354497276886,289.67442046065264
199024,289.5988951447346,297.8908340269044,293.28936858938096,297.78561103481263,290.7193359945151
199025,290.73492503126465,298.58958565708247,294.19282220381535,298.38941146851175,291.6113911235206
199026,291.8078776876483,299.1820809636135,294.9450247871212,298.869465319438,292.34361168733346
199027,292.76781831985886,299.66495946990807,295.5432073944996,299.23743389192117,292.9132301085968
199028,293.5630289782099,300.03548056921096,295.9858007012842,299.50763638921273,293.32039471318814
199029,294.1466889174835,300.2894475024422,296.27029901464465,299.69198612355916,293.5665762085609
199030,294.482922438819,300.4196239515309,296.391562016681,299.79555453778477,293.65303958994457
199031,294.55105438719335,300.4151225487671,296.34102624797293,299.81384186651746,293.5797384028482
199032,294.3473038485012,300.2620270508488,296.1071005549587,299.7324545993194,293.344895693617
199033,293.88370165979217,299.9452254920813,295.67675398008447,299.5293467250453,292.9453827200062
199034,293.18461148789436,299.45114527059934,295.0380310117133,299.17919769688206,292.37782705881807
199035,292.2817334500878,298.77085864814524,294.1830100066185,298.6590084661259,291.6402166622434
199036,291.2087617606194,297.90292014409755,293.11060612331175,297.9537102347511,290.7336529957541
199037,289.9968895771411,296.8553312875739,291.82863684134844,297.060564611213,289.6638702336618
199038,288.6721031767312,295.64619669255904,290.35471297740963,295.9913927657075,288.4421866319602
199039,287.25474435927885,294.3029014090712,288.71575891281617,294.7721464473575,287.0856773007962
199040,285.76125352290956,292.8599437770059,286.9462486755189,293.43991752027875,285.61652654849
199041,284.2074684425767,291.3558326618214,285.08550627864685,292.0380425126362,284.0606943214465
199042,282.6124705232464,289.8296418256908,283.17460097882264,290.6103676886833,282.4461750399499
199043,281.0018303857234,288.3178667873978,281.2534307883011,289.1959060909776,280.8012059516911
199044,279.40924083532605,286.8521401973935,279.358517890462,287.8250042610298,279.15277860620245
199045,277.8759063434115,285.4581520549311,277.5218549645599,286.5177702973625,277.52572274444094
199046,276.44759609842384,284.15583978151966,275.77088531373295,285.28498153542256,275.94248688941923
199047,275.16983780588896,282.96062499258045,274.1294316637847,284.1311125043204,274.42356820092857
199048,274.082199113761,281.88524467258225,272.619170481775,283.0586348416908,272.9883857696951
199049,273.21286271657596,280.9416063060742,271.26113072781317,282.07245279862195,271.6562833718468
199050,272.57468764792856,280.1421154783489,270.07670484735866,281.18331673314316,270.4473150405648
199051,272.16366311041594,279.5000749145836,269.0877928398495,280.4093069970581,269.3825174391805
199052,271.9601649739588,279.02899986356846,268.31592591876876,279.7749438332966,268.4834954756141
199101,271.93282965045984,278.74097808573737,267.7804816035673,279.3080481649514,267.7713137703536
199102,272.04429933897745,278.6444567545299,267.49634474407577,279.0350218027374,267.2648581591869
199103,272.25769306911457,278.7420033362601,267.4715317147598,278.97560767318356,266.9789686387425
199104,272.54250966156644,279.0286235625465,267.7053388329999,279.1383398746717,266.92271601448397
199105,272.87880489215684,279.4911172339622,268.18748924595957,279.5177640506393,267.09818202808003
199106,273.25887454554237,280.10873408063185,268.89855345111005,280.0941289748443,267.5000089614434
199107,273.68622912732604,280.85510650323147,269.8116515635005,280.8357061214165,268.11583024771187
199108,274.1722391557463,281.7011486963824,270.8951705787059,281.7033090163373,268.92751297061716
199109,274.7313281954543,282.6183882433692,272.1160094983337,282.65609165603917,269.91297684537426
199110,275.37588235534963,283.58208836643865,273.4427494754804,283.6574176913464,271.0482396810878
199111,276.11206575232416,284.57355214328373,274.8481617004545,284.6795752629344,272.3093020392669
199112,276.93747954149495,285.58116770523725,276.3106094868761,285.70637049523174,273.67353188001687
199113,277.84113809080867,286.6000186967143,277.81414082031046,286.73310719782427,275.1203321013633
199114,278.80566871156435,287.63018790775635,279.347349666847,287.76404347126834,276.631041930009
199115,279.8111033175824,288.6741560948232,280.90134532664484,288.8079751916701,278.18819868270464
199116,280.8392465978781,289.73388143029325,282.4673507400981,289.87300489961683,279.7744295182478
199117,281.87746495094433,290.80819727828134,284.03451282889847,290.96172019346534,281.37132107374174
199118,282.92087630849124,291.89107643664875,285.5884379230042,292.0678917323941,282.95861094638576
199119,283.97230185940344,292.97110016970686,287.1107804887114,293.17543476056693,284.51396040005415
199120,285.039878532844,294.0321890442544,288.57995722628567,294.25984465741533,286.0134225390739
199121,286.1328012632328,295.0553645267186,289.9727907021447,295.29173947121217,287.4325484867
199122,287.256133916793,296.02108139502525,291.26666894119984,296.24165361332626,288.74791588223496
199123,288.4058872129876,296.9115532099777,292.4416899003925,297.0849391445022,289.9387561641944
199124,289.5655488194009,297.712512502837,293.48226921518057,297.80561025938243,290.988324890182
199125,290.7049651342968,298.4139983414669,294.37782335332577,298.3982170891373,291.88471055154145
199126,291.78197864857566,299.0100105171974,295.1223668305996,298.8672987534705,292.6209005008515
199127,292.74663004260316,299.49715367328247,295.7131284239381,299.22453553918723,293.19408960105704
199128,293.5471742272563,299.87264954225856,296.14853503406067,299.48426448297255,293.60438969456885
199129,294.13676080948795,300.1322610731788,296.4260757278714,299.65841552845967,293.8532362267609
199130,294.4794820489405,300.26870918397316,296.54060351797955,299.752075499375,293.941860293099
199131,294.5546284790141,300.27106143886937,296.4835468882588,299.76075871706075,293.87018303782423
199132,294.3583827359463,300.12535439893634,296.2433052886596,299.67008442479164,293.636396735438
199133,293.90273720897204,299.8164269595512,295.8068370780289,299.45801799834163,293.2373436264676
199134,293.21201526628096,299.3306556279852,295.1621748317256,299.09924888236986,292.66962414409323
199135,292.31787502989056,298.6590602209342,294.3013838266342,298.5707866007803,291.93120108283756
199136,291.2539671826643,297.80014146196123,293.22336504158886,297.85756949118644,291.02315284174654
199137,290.0514399809613,296.7618459419237,291.9359207480923,296.956864847981,289.9511927177826
199138,288.73623360197155,295.5622224065723,290.45664560186054,295.88049807027403,288.72662036868786
199139,287.3286427228828,294.2285993235482,288.8124469495573,294.65442367718606,287.36649466731944
199140,285.8450597759147,292.7954179546284,287.0377809934662,293.31573484744973,285.8929861190776
199141,284.3012739096837,291.30112981157544,285.17195321586667,291.9077679774104,284.3320433664874
199142,282.7163174276514,289.78475124840725,283.25601372599453,290.4743677673732,282.71165208068373
199143,281.1157115610326,288.2827205425539,281.3298408633167,289.05454428343836,281.06004336144053
199144,279.5330996256696,286.8266134904979,279.42993670629295,287.6786397029909,279.4042052487338
199145,278.00963669219794,285.4420638440105,277.58827349218893,286.3667564027331,277.7689666399447
199146,276.59104282547133,284.1489536004144,275.8322738415727,285.1296646735784,276.17677789848614
199147,275.32279707198165,282.96264998795834,274.1857396546459,283.9718307172468,274.6481407168231
199148,274.24441907099356,281.8958368507984,272.6703265280833,282.89571660570476,273.20248140919557
199149,273.38404434215835,280.96036998522516,271.30704260539244,281.9062158352198,271.8591536549082
199150,272.75448575845826,280.16860494012167,270.1172596677355,281.01406687334014,270.638224049103
199151,272.35168755295336,279.5337962497582,269.12285730065344,280.23733710337495,269.56074444533454
199152,272.15598198959617,279.06941300432374,268.3453466514363,279.6005327833354,268.64833752995196
199201,272.135963405438,278.7874990172212,267.80408561718934,279.13145990026766,267.92208824062334
199202,272.2542336177891,278.69645989749245,267.51393996385974,278.85650444646717,267.4009052103833
199203,272.4738731234353,278.7988240919216,267.482907613225,278.79539271962835,267.0996536454694
199204,272.7643442082827,279.08956101027036,267.7102671516682,278.9566414537701,267.0274318968262
199205,273.10566825321024,279.5554369717425,268.18572480496215,279.33477826997466,267.1863515024735
199206,273.4901089217868,280.1756711978753,268.8898350437962,279.9100333415453,267.57108669832826
199207,273.9211469981013,280.9238686748286,269.79570293281085,280.65065904600834,268.16930492809007
199208,274.4101257954059,281.77091938660976,270.8717014717588,281.51744940029295,268.9629092339907
199209,274.9714442976573,282.68833000776317,272.08471679537905,282.4695385644685,269.92985712193274
199210,275.61746675552257,283.65134623941395,273.40331838908446,283.47027011193927,271.0462059014234
199211,276.3543382383411,284.64125709895416,274.80026704051295,284.4919119519525,272.28799721533363
199212,277.17964374229433,285.6464401786237,276.2539169868007,285.51824991102023,273.6326415515167
199213,278.0823844323752,286.66197215229647,277.7483085194906,286.54456752198075,275.05958564221476
199214,279.04517742945694,287.68793244215203,279.272029344279,287.57510271728694,276.55021371006615
199215,280.0480475149733,288.7268020602436,280.81618398041064,288.61863140054345,278.0871090804036
199216,281.0727953379016,289.7805430653469,282.37199210720394,289.6832364215595,279.652945780403
199217,282.1067863720212,290.84799633266545,283.9285989398181,290.77148605459763,281.22935801925576
199218,283.1451407512049,291.9231457762833,285.47161068512946,291.87713208490504,282.7961315111987
199219,284.190684993462,292.9945873489374,286.9826832928033,292.9840714145698,284.33097602123604
199220,285.25156447264965,294.0462598318602,288.44023656990925,294.06778169239425,285.80999337653
199221,286.3369856606251,295.0592063726328,289.8210978240081,295.09886392466973,287.20878348155645
199222,287.4520270196042,296.01390682488,291.10266146025634,296.04783624394463,288.503972651548
199223,288.59271687817176,296.8926031348516,292.265033453538,296.890035266857,289.67484073222283
199224,289.7425634696608,297.68105943188556,293.2926390873732,297.60946064697805,290.70469125705
199225,290.87143664732906,298.3693494854654,294.17490609396214,298.2006489422742,291.5816601006985
199226,291.93720516830336,298.9515107714259,294.90586185002974,298.6681267282158,292.2987812473255
199227,292.88993870203706,299.4241884686117,295.48274956405135,299.0235628334851,292.8532952830598
199228,293.6779237729515,299.7846475537801,295.904012106965,299.2812839757192,293.24535871158605
199229,294.25434411791264,300.0286967762359,296.1671560167877,299.45321096716697,293.4764504278042
199230,294.58332852546425,300.1491052480023,296.26705323460044,299.5444227318612,293.5478436193409
199231,294.64420633065004,300.13499095005426,296.1951525809692,299.55042696244203,293.4595000243591
199232,294.4332011094336,299.97244290329434,295.9398751961818,299.45683757889753,293.2096508774193
199233,293.962348186277,299.6463543187285,295.48820242324433,299.24161596854503,292.79517561535846
199234,293.256015710107,299.14315768071566,294.8281910506318,298.8794489467104,292.21270998023635
199235,292.345908272335,298.4539302438246,293.9519317276208,298.3473447861637,291.46025007099206
199236,291.26572455072306,297.5772314239954,292.8583518904595,297.63024196536867,290.53890547666083
199237,290.04666215318093,296.52106754783017,291.55528127452175,296.72540931998935,289.45441846726914
199238,288.7147117911532,295.3035479249661,290.0603429232474,295.6446751938806,288.2181153620274
199239,287.29021968037944,293.95206219654455,288.40047340853056,294.41399845203415,286.84707929716814
199240,285.7896306137083,292.50111318641996,286.61015890560367,293.0704780124368,285.3635025653557
199241,284.22878673708817,290.9892141342684,284.7287355245002,291.65745739095115,283.7933530510054
199242,282.62677380016663,289.4554430642297,282.79728456131454,290.218789769217,282.1646330615154
199243,281.0091667395473,287.9362996423549,280.85571600331497,288.7934950327682,280.5055876762566
199244,279.4096626449117,286.4634205492828,278.94056393744677,287.4119264876233,278.8432162165012
199245,277.8694702380116,285.06249969506024,277.083832868132,286.0941989143304,277.2023561305335
199246,276.43436292120356,283.75347829035155,275.3129778383717,284.8510962439106,275.6054635798427
199247,275.14987257495295,282.55178161591954,273.6518332216692,283.6870995106784,274.0730432894479
199248,274.05557098071193,281.4701501956576,272.12208703381384,282.6046867632325,272.6245218376958
199249,273.1796449226298,280.520494925591,270.74477967792257,281.6087685655686,271.2792504064128
199250,272.53495747761264,279.71522467258325,269.54131493004905,280.7101014868063,270.05729034828846
199251,272.11750184287763,279.0676453115945,268.5336040011838,279.926771984318,268.97968555575187
199252,271.90765783191296,278.5912751076034,267.7431891907595,279.2833062974369,268.0680480712404
199301,271.8740657468062,278.2982047019084,267.18945897208476,278.8075312329109,267.3434495510635
199302,271.97937162111924,278.19688401183805,266.88730901034074,278.52585436884306,266.8247827640739
199303,272.1866982610116,278.2898831090477,266.8447663505011,278.45802427943056,266.5268945332063
199304,272.465548203557,278.5722101904566,267.0611378293582,278.6125805876184,266.4588623795295
199305,272.79598087858346,279.03066738048585,267.5261569562237,278.98407433498693,266.62277464573793
199306,273.1702956602199,279.64450659032553,268.2204044273768,279.5527595637732,267.0132800963757
199307,273.59200657688865,280.3873622576865,269.117010387349,280.28691288375285,267.61801852507097
199308,274.0724876009138,281.23015046902907,270.18437168598524,281.14735282062554,268.4188632502268
199309,274.6261656802582,282.14440055320017,271.3893969981632,282.09323823159775,269.3937400923046
199310,275.26543023436113,283.10537733073517,272.7006769635662,283.0879374863863,270.5186728326977
199311,275.99644861592645,284.0943853294306,274.0909920668294,284.10374329982045,271.7696678687891
199312,276.8168251392449,285.0998139817109,275.5387147181733,285.12446622297074,273.1240988567643
199313,277.71557725293235,286.11674808333055,277.0279017966837,286.1454143418625,274.5613742476353
199314,278.67533526863355,287.1452714252647,278.5471559536545,287.17084988068575,276.06283867477987
199315,279.67613401841925,288.1878656139332,280.08759496101624,288.2095726838577,277.6110347121771
199316,280.6997810257361,289.24648952022113,281.6404500125067,289.26968910252594,279.1885946233576
199317,281.7336454380161,290.3199770549039,283.19487605986524,290.35379038552026,280.77710999469963
199318,282.77284784879237,291.40230141035215,284.7364872350605,291.4556506801579,282.35632321434576
199319,283.82021202008497,292.4820440930177,286.24694557375295,292.55918855425506,283.90390017599924
199320,284.883877363985,293.54312575934176,287.70467510845083,293.63990254435043,285.3958984500101
199321,285.97304120616735,294.56656781285443,289.0865054963533,294.66841368731576,286.8078734592536
199322,287.0927697110245,295.5328248160912,290.3698316074924,295.6152592127439,288.11640697374696
199323,288.2390758017464,296.4241099621067,291.5347579942106,296.4557938274603,289.30073439140983
199324,289.39544925390027,297.22615526227696,292.5657066337327,297.17403419837433,290.3441150556314
199325,290.5317384767441,297.92899911275475,293.4521000781839,297.76453275354,291.2346410677139
199326,291.60578787399623,298.5266404817308,294.18795866667614,298.2318307326916,291.9653032122607
199327,292.5676399395339,299.0156830383766,294.77051673499255,298.58761036444423,292.5332996043012
199328,293.3655512973686,299.39334739077503,295.1982064748895,298.8462104478064,292.93874515648787
199329,293.9526731661988,299.6553952138136,295.4685219733343,299.0195625080866,293.1830782007956
199330,294.2930993150712,299.7945460022895,295.5763209890196,299.1127547689797,293.2675325339566
199331,294.3661216835576,299.7998657491622,295.5130364750743,299.12130276913587,293.1920318145572
199332,294.16792421000343,299.6573892970127,295.26707207118665,299.03082678562845,292.95477064304254
199333,293.7105004809189,299.3519536765125,294.82539004389685,298.8192930437777,292.5525933961107
199334,293.018174956228,298.86993338509524,294.1760265918482,298.46139165289964,291.98210245207656
199335,292.12260674349704,298.2023460856565,293.3110503285998,297.93413261613506,291.2412623584076
199336,291.0574474043695,297.3476902052486,292.2293652810163,297.2224545644905,290.3311530738616
199337,289.85384596669616,296.3139098968428,290.93877647811826,296.32362489959087,289.25748926094735
199338,288.53774327141423,295.11905132834397,289.4568810409267,295.24946894140874,288.03157174796667
199339,287.1294345513205,293.79044025108493,287.81058848766634,294.0259409434547,286.6704603826407
199340,285.6453126857773,292.36251507364807,286.0343568970754,292.6901336323848,285.1963264489408
199341,284.1011671618112,290.8737243193707,284.16749333159066,291.2853827661138,283.6351191711864
199342,282.51603051236134,289.3630812203481,282.25104918328805,289.8555322203828,282.01482460515786
199343,280.91542408904957,287.8670208004006,280.3249037763091,288.43959105092216,280.36367403786846
199344,279.332991218983,286.41711547259985,278.42555987494717,287.06790023937623,278.70865549898167
199345,277.8098868749112,285.0389954774657,276.58499010295725,285.7605607818773,277.0745976779832
199346,276.39183091470744,283.75253917526373,274.8306171677226,284.5283414045887,275.4839505328892
199347,275.1243020689091,282.573110033486,273.1862427564295,283.375706561054,273.9572151534619
199348,274.04681955203716,281.5133880140109,271.6735219529236,282.30511639249886,272.51381705424126
199349,273.18751835045913,280.58522491157777,270.3134620882596,281.32146228285075,271.173108918256
199350,272.5592106956456,279.80097215656104,269.1274338318864,280.43548040678957,269.9551561483304
199351,272.157840071295,279.1738800501496,268.13731535890884,279.6652356754043,268.8810092103079
199352,271.9637378845876,278.7174133373268,267.36461610816644,279.03523169641153,267.97228920819055
199401,271.9454975088961,278.44361137668005,266.8286919711819,278.57327162987093,267.2500793035354
199402,272.0657196915122,278.360875215403,266.54440641224136,278.305738465883,266.73328616048394
199403,272.287483753493,278.4717286340368,266.5197547566082,278.25235532632416,266.4367728246913
199404,272.5802506999973,278.77113627440417,266.7540127006939,278.4216355974575,266.36963529603327
199405,272.92404052689216,279.2458595888301,267.23688328840774,278.8081033824567,266.5339825722869
199406,273.3111154092849,279.87511283584706,267.9489175184183,279.3919851684463,266.92448616137295
199407,273.74495454023,280.6324959453525,268.86321669509016,280.14152948048525,267.5288105927702
199408,274.23689954030885,281.4888937547556,269.9481497717147,281.01752631882243,268.32885580990046
199409,274.8013476001676,282.4158077046409,271.17059855261886,281.9791056648062,269.30257603700846
199410,275.4506610775796,283.3884781778351,272.4991279112521,282.9896067533443,270.4260251209421
199411,276.19098305052205,284.3881887921659,273.90649374429995,284.0212929977699,271.67524106286214
199412,277.01989642651887,285.4033116621609,275.371045121681,285.0579455737123,273.02763053191325
199413,277.92640018584046,286.42891790899654,276.87681689433896,286.0948432106969,274.4626362667852
199414,278.8931091698598,287.46508133037656,278.41239105703175,287.1362188880608,275.9616383239753
199415,279.9000457870759,288.5142772453457,279.9688661509247,288.19084340920296,277.50721569244035
199416,280.92900822149477,289.578461954425,281.5374556134692,289.26679437943636,279.08203789519655
199417,281.9673593913411,290.65647051264,283.1072981576757,290.3666346871185,280.66773447203974
199418,283.01021678585545,291.74228095533124,284.6639932316468,291.4841105931475,282.2440863052181
199419,284.06040419089595,292.8244833013185,286.18918977345413,292.6031133398622,283.78879816788896
199420,285.1260641622604,293.88701034616554,287.66130032970545,293.6991147840387,285.2779667383374
199421,286.2164002694998,294.9108992034856,289.0571447027275,294.7427100108647,286.6871866180489
199422,287.33648798998746,295.8766236481154,290.35410955190724,295.7044111059815,287.9930786681577
199423,288.48235258668956,296.76641950620086,291.5322928702014,296.5595485166638,289.17491713226826
199424,289.6374991483518,297.5660447491878,292.57611172755765,297.2921156080821,290.2159997968969
199425,290.7717943065303,298.2655669544283,293.47498541560685,297.8966425342511,291.1044566481811
199426,291.8431035214353,298.85901737495374,294.2229326482861,298.3776493546931,291.8333156435079
199427,292.8014930923342,299.3430349397191,294.8171877539729,298.74679827376536,292.39981120741845
199428,293.5952461021792,299.7148783521044,295.2561845112303,299.01840928008465,292.8040935506876
199429,294.1775427771151,299.970350068163,295.5374201585798,299.2043963559274,293.047635147557
199430,294.5125083277828,300.1022128904152,295.65575713576294,299.30983149820304,293.1317026408907
199431,294.5794684462525,300.0995784777138,295.6026345655554,299.3302153791358,293.0562511037011
199432,294.37464300259273,299.9485295198582,295.36646369951063,299.25115480891634,292.81950498879473
199433,293.9100635546358,299.63395289141295,294.9342158065739,299.05060397964803,292.4183368385029
199434,293.21009442616645,299.14227473860217,294.29393742155764,298.7032424300392,291.84937539154316
199435,292.3064363271992,298.46456597981205,293.43770876630305,298.18607107890017,291.11060963865395
199436,291.2327840001353,297.59937970039493,292.36444668177916,297.4840209774977,290.20314195984867
199437,290.02033106588254,296.5547159055996,291.0819701462633,296.5943534652114,289.1327073194053
199438,288.6950641995957,295.34867759657664,289.607891290402,295.5288893247117,287.9106246382096
199439,287.2773255338198,294.00864812247255,287.96913562380877,294.31357979913344,286.55396956579506
199440,285.783555733715,292.56912403525246,286.20017811624535,292.98551612819483,285.08492682400566
199441,284.22959277548426,291.0686123264104,284.3403435354636,291.5880340973738,283.5294566466155
199442,282.63451819943566,289.546184799198,282.43070170492445,290.164979110134,281.9155536149057
199443,281.023902695725,288.03833492964276,280.5111510154445,288.7553632303951,280.2714550110435
199444,279.4314390729851,286.57669324277487,278.6182138403044,287.389531903501,278.6241522924376
199445,277.8983317398492,285.18694753097975,276.78388285972375,286.0875920146673,276.99847498131743
199446,276.47034975603145,283.8890329287135,275.0356011886985,284.8603195693454,275.41687125542506
199447,275.1930206323981,282.69836868546736,273.39719117572264,283.7121876504824,273.8998378028742
199448,274.10591175642713,281.6276893422551,271.890328721425,282.6456663339667,272.4667931165111
199449,273.237205496516,280.6888998640417,270.53604203051657,281.6656581942081,271.1370802486573
199450,272.59976049465104,279.8944032418446,269.3557226043524,280.78291179834173,269.93075238310723
199451,272.1895654965835,279.25749953335554,268.37126930992974,280.01550559384185,268.8688452086415
199452,271.9869958504218,278.79170124818995,267.6042120404304,279.3879578067193,267.9729625339515
199501,271.96068738160017,278.5090933374795,267.07392680772807,278.92808723146754,267.26416775617446
199502,272.0732816384013,278.41812009683457,266.7952967674897,278.6622934394943,266.76134536425144
199503,272.28789693573276,278.5213460478526,266.77633641422824,278.6103170083497,266.4793338851615
199504,272.57403131610056,278.81377391222435,267.01634000048523,278.78068957886245,266.42720253267987
199505,272.91173971410905,279.28220041709704,267.50502842470667,279.167954229503,266.6070313355792
199506,273.2933170106674,279.9058721574196,268.22296975288185,279.752357062869,267.013460742567
199507,273.722272745642,280.6584183387253,269.1432814870302,280.5021667770183,267.6341222342335
199508,274.20997641012195,281.51074990234196,270.23434782947083,281.37819401828955,268.4508808234529
199509,274.77085048080994,282.434391121958,271.4630648097528,282.33958980130194,269.441654037372
199510,275.4172799185072,283.40460185580133,272.7980104316379,283.3497146943546,270.5824573809812
199511,276.15542763254376,284.4026817650331,274.2119525604509,284.3808536564012,271.8492889968579
199512,276.98289351173264,285.4170155138803,275.6832510109066,285.41680953252495,273.2195143126524
199513,277.8886905997313,286.4426832310448,277.19595009757,286.4528827569702,274.6725335817683
199514,278.8554448263561,287.4797641442412,278.73863994536106,287.493327960639,276.18968327553875
199515,279.8631866675774,288.530735403008,280.30242584512195,288.54693745740707,277.75349784607835
199516,280.89371931905293,289.59755153025145,281.87852656190074,289.6218101348443,279.3466014798242
199517,281.9344076313042,290.67904220013037,283.4560846782276,290.7205298493452,280.9505777353967
199518,282.98036793438246,291.7691764821551,285.02070202339013,291.8368634310731,282.5451610270511
199519,284.03441976278384,292.856531876001,286.5540284039035,292.9547222100657,284.1080093329762
199520,285.1046983395442,293.92502514967526,288.0344757036325,294.0495975685085,285.61517237084803
199521,286.2003968422396,294.95567393880646,289.43886151855367,295.0921034763473,287.04219777813927
199522,287.3265773305833,295.9289291606783,290.7445687517627,296.052770187626,288.3656596111246
199523,288.47924866894556,296.8270004877913,291.93169008976656,296.9069455288984,289.56478562999035
199524,289.6418966223463,297.6356165376374,292.98463575180784,297.63863938592306,290.6228276207032
199525,290.78436564015294,298.3448124410545,293.8928166465738,298.24239750851075,291.52787021170946
199526,291.86449621920593,298.9485840313109,294.6502415909064,298.72275456478826,292.27289680352715
199527,292.8323270018424,299.443531974795,295.2541335260403,299.0913863220653,292.85509822002405
199528,293.63611081816424,299.8268740106152,295.70291338338376,299.36262523195063,293.27458217971235
199529,294.22899515285076,300.094369080084,295.99406413015726,299.5483965897959,293.53277992148816
199530,294.5750701030451,300.23873408133414,296.12243255222677,299.65378251025237,293.6309182540473
199531,294.6536240007198,300.2490325490027,296.079440783048,299.6742925472404,293.5689139569011
199532,294.4608372430775,300.11129700703987,295.8534818019342,299.5955411207463,293.3449548642363
199533,294.0086999440552,299.81036230844626,295.4315073803998,299.39548872990144,292.95587870309674
199534,293.3215331616469,299.3326009151297,294.8015433933676,299.0488198919122,292.39828132246816
199535,292.4309926741649,298.6690285977074,293.95564830783667,298.5325391549913,291.6701208644626
199536,291.3707267886647,297.818142035219,292.8927161870252,297.83157983542344,290.77247101003263
199537,290.17188135502255,296.7878837778222,291.6205422848672,296.94320416326184,289.711040274934
199538,288.8603941147168,295.59629853665587,290.156714141393,295.8792324329176,288.49712347519153
199539,287.4565572814591,294.27071075309857,288.5281318933575,294.66561402112893,287.14777458407224
199540,285.976760797709,292.845557673266,286.7692444428569,293.3394369292589,285.68515915218046
199541,284.4367912975369,291.3592868061079,284.9193498857026,291.94403234401364,284.1352208147381
199542,282.85567854658507,289.850910517915,283.01949086242865,290.52323972652556,282.52594018579606
199543,281.2589412165023,288.35686311570345,281.10953816565944,289.1160638769422,280.8855432610165
199544,279.6802200433596,286.9087164450707,279.22598625301015,287.7528416826849,279.24101293201466
199545,278.1606674993687,285.5321003286354,277.4007996710792,286.4536702092644,277.6171729063644
199546,276.74600103387246,284.24689285848996,275.66139328416466,285.22931441797056,276.0364683190484
199547,275.4816970623404,283.0684573837486,274.0315611748528,284.0842351652743,274.519395598324
199548,274.40727257908924,282.0094738976873,272.53295106514946,283.02088916508376,273.0853757613095
199549,273.55086044649136,281.0817943761108,271.18656317116375,282.0441645456225,271.75375716015424
199550,272.9252708695216,280.2977705799316,270.0137612982837,281.16479439923864,270.5446010357076
199551,272.5264454041142,279.6706532900667,269.03641701228344,280.40084072972076,269.4789538630056
199552,272.33471362959295,279.21390788004817,268.27603340109806,279.7768044140751,268.57843292857325
199601,272.31866719249876,278.93957448537583,267.75196026731976,279.3204860596978,267.8641177518834
199602,272.4409052153746,278.85605507797595,267.4790552516723,279.0582662834276,267.3549115323454
199603,272.6645054976111,278.96587451031326,267.4653081244658,279.0098660145317,267.06567403009046
199604,272.9589276267218,279.2639986426086,267.7099892988519,279.18379662846473,267.0054981404303
199605,273.3041902858273,279.7371902912594,268.2027968101006,279.5745804004351,267.1764899391832
199606,273.6925544430056,280.3646652236576,268.9242769256292,280.1624421733836,267.57331819645646
199607,274.1274981907532,281.1200250223768,269.8475264985454,280.91562901279883,268.18364488949214
199608,274.6203621562595,281.9741563202642,270.9409103133222,281.79492964469904,268.9893675963764
199609,275.1855426445747,282.8985624949661,272.1713062901865,282.75947296216106,269.9684383641341
199610,275.83540123624095,283.8684860067738,273.50727570532086,283.77259729829325,271.096909051614
199611,276.5760803408736,284.86521269007994,274.9215711469255,284.80656535150706,272.3508158621938
199612,277.4051623069456,285.8771170136935,276.39253866699573,285.84515776968544,273.70756385833533
199613,278.3116456653647,286.89927258932465,277.9042103907268,286.8836529419743,275.1465943639186
199614,279.2781449181436,287.93175583991933,279.4451658807449,287.92628369478035,276.64928621316517
199615,280.28468224467264,288.97704484285146,281.00650154097394,288.9818208659979,278.19821736584
199616,281.31305571028554,290.0370987883577,282.57942896761347,290.0583422827272,279.7760565092864
199617,282.3506282250924,291.1107557507898,284.1530853293434,291.1584112421666,281.3644325414723
199618,283.39251738083266,292.19199691257325,285.71306882761365,292.27577460076094,282.9431258968729
199619,284.4415471764683,293.26941556544506,287.2410274521057,293.3943243826476,284.4898410950266
199620,285.50586049143317,294.3269479017194,288.71537309971205,294.4895334120919,285.9806747547385
199621,286.5946613293088,295.3456345535207,290.1129252219576,295.53199792679357,287.39122161202624
199622,287.7130257116916,296.3059529338157,291.4110704264066,296.49223134915565,288.69810285632786
199623,288.856979555697,297.19014262428675,292.5899069530641,297.3455656465845,289.8805932529706
199624,290.01002871381553,297.9839654670418,293.6338524175165,298.0759958867672,290.9219913031472
199625,291.1420406905489,298.6774930228739,294.5323269551697,298.6780541075319,291.8104279000481
199626,292.2108819277959,299.2647606386202,295.27935042124534,299.15626243231765,292.53893209980095
199627,293.16661981473277,299.74241144492987,295.8721585821159,299.5222853082055,293.1047396165743
199628,293.95753863185604,300.1077084522252,296.30918695007887,299.790445143945,293.50800214074667
199629,294.53681990984234,300.3564585263486,296.5879347919878,299.97265851785414,293.750193815118
199630,294.86859027014106,300.4814289796955,296.7032668692005,300.0740001971916,293.83258313893396
199631,294.9321769211347,300.4717360783609,296.64662491791097,300.0899737971381,293.75512722817234
199632,294.7238013538739,300.3134672139778,296.4064230932415,300.0061892416493,293.5160527638403
199633,294.2554968509466,299.99151405470565,295.96963585603686,299.80060400550417,293.1122347002495
199634,293.55162956371095,299.4923076292409,295.32431321935405,299.44790107700476,292.54030437031525
199635,292.6439021315559,298.8069238243843,294.46253916747105,298.9250849893835,291.7982535395236
199636,291.566011326982,297.9339207768604,293.3832345856702,298.2170905709754,290.887187541413
199637,290.3491529005865,296.8813036232144,292.0942227759387,297.3211830985978,289.8128444706881
199638,289.01931575561036,295.6671805727388,290.61312046938895,296.2491874503618,288.5865465535842
199639,287.5968443498309,294.3189402564431,288.96685805005495,295.02705912038726,287.2253729178282
199640,286.0981817694788,292.8710845787109,287.1899156331145,293.69189375237664,285.7515119341215
199641,284.53916850630196,291.3621259508028,285.3216233996149,292.2870316861571,284.19092765348097
199642,282.93888870920875,289.8311416598391,283.40305685092113,290.85632302718784,282.57161864044105
199643,281.3229157685372,288.3146307265354,281.47412031693904,289.43878468622734,280.9218263239602
199644,279.72494528315656,286.8442292781113,279.57134236764904,288.0647670974157,279.2685464692111
199645,278.1861845404112,285.4456307632922,277.72672213385783,286.7543822737564,277.63661306449995
199646,276.7524055655689,284.1387760236422,275.9677094311665,285.51841148443475,276.04847890920837
199647,275.46913892020933,282.9390900631178,274.3181335546776,284.3613332089557,274.52464546581194
199648,274.37595512595124,281.85931322111674,272.7996775934766,283.2856230493918,273.0845361513131
199649,273.5010397669781,280.91135630144305,271.4333771782833,282.2961892326918,271.74749908896854
199650,272.8572547808786,280.10762817092206,270.24063146958184,281.403786101542,270.533592677188
199651,272.44059228694596,279.4614347965144,269.24334722205214,280.6264979985677,269.4638579598654
199652,272.2314310828483,278.9862946270391,268.4630624404137,279.98884916105084,268.55990423804013
199701,272.19841051763063,278.6942985792226,267.9191614671058,279.51866450733,267.84280053509116
199702,272.3041757352273,278.593896937103,267.6265360024359,279.2423498416239,267.3314370966749
199703,272.511848716186,278.68766022996755,267.59320929455527,279.179652079588,267.0406583334665
199704,272.7909312365477,278.9705972028771,267.8184845534454,279.3391093017221,266.979539466351
199705,273.1214820302132,279.42951061843956,268.2920918334801,279.71527112394625,267.150166650987
199706,273.4957998409772,280.0436531155581,268.99460854963604,280.2883902802448,267.54718657903805
199707,273.91739813297164,280.7866599486133,269.89916174044146,281.0267421901053,268.15823708634764
199708,274.3976503806849,281.6294481090702,270.97414532659894,281.89114430739477,268.96518964950377
199709,274.9509831010729,282.54354791844173,272.18646523216586,282.84075453636717,269.94596836392896
199710,275.5897853497293,283.5042252768652,273.50470952568446,283.83894041302403,271.07659540349147
199711,276.3202241829705,284.4927858779009,274.90165630158424,284.85799393800863,272.33307567623433
199712,277.13990368641225,285.49762040507255,276.35567576196536,285.881725067958,273.6927814677892
199713,278.0378411479251,286.51381498969505,277.8508227609259,286.90544141437385,275.1351199779336
199714,278.9966667865146,287.5414548418398,279.3756981088454,287.93340484692254,276.6414347085932
199715,279.99641540985544,288.58302306958717,280.9214179216493,288.9744149755197,278.1942672224724
199716,281.01889458533884,289.640480127025,282.47921192270934,290.0365780367901,279.7762488923285
199717,282.0514735727392,290.71266158860635,284.0382337796604,291.1224852849069,281.3689705345233
199718,283.0892731463479,291.7935423897389,285.5840965271451,292.22591099221944,282.95217388812455
199719,284.1351173173361,292.87170585811003,287.09846129068507,293.330773971019,284.5035243188174
199720,285.1971458152771,293.931074548389,288.5597513801389,294.4125731214505,285.99907899003614
199721,286.28455635155706,294.9526718380752,289.94479591774046,295.4419299627451,287.41439303881805
199722,287.40241554436585,295.91695433811924,291.2309894263262,296.3893823251626,288.7260480703245
199723,288.54673683859625,296.8061373630996,292.3984362987936,297.23028563399333,289.9132794384384
199724,289.7010105992018,297.60595511764416,293.4315585405444,297.948657391833,290.9593465630965
199725,290.83508589224925,298.3064482614634,294.31977891926715,298.53905097900184,291.85234174243
199726,291.906807845388,298.9016180951502,295.05711817668123,299.0060087033741,292.5852560777795
199727,292.86621974320843,299.3880706876192,295.640811237771,299.3612139768072,293.15528812037786
199728,293.66157906683907,299.76302911249746,296.0692910695322,299.6190068958207,293.5625533380378
199729,294.2460379580813,300.0222575744382,296.3400527195465,299.79132039660374,293.8084907362716
199730,294.5836911746145,300.15847816061,296.4479550917278,299.88324422614085,293.8943349030795
199731,294.65383170967857,300.1607595172976,296.3844324681584,299.89029555775727,293.8200104053319
199732,294.45264461978906,300.01513919967397,296.1378900002341,299.7980964135018,293.58371286799314
199733,293.99212467355835,299.7064570085481,295.6952916478727,299.58461487282426,293.18228780766657
199734,293.2965975763365,299.22109026728293,295.04467548357906,299.2245430071179,292.61233885704496
199735,292.3977237437946,298.55005951870857,294.17811217396746,298.69489288828214,291.871831931466
199736,291.32915610767765,297.6918661220008,293.09450797676,297.9806053214385,290.9618484700054
199737,290.12204512721667,296.654457212596,291.8016703281436,297.0789499863003,289.88810472682906
199738,288.80233313525275,295.4558819893302,290.3171989310205,296.0017545834605,288.6619032320615
199739,287.390316916222,294.1234692810311,288.6680060585198,294.7749758480869,287.30030564417785
199740,285.90239096003455,292.6916606184091,286.88855271551466,293.4357090879756,285.8254851655364
199741,284.3543464223153,291.19890768960846,285.0181490599191,292.0272927400581,284.2633930451177
199742,282.7652175617577,289.68422693223084,283.0978497466439,290.5935734553079,282.6420174682183
199743,281.16052751196685,288.18405661430035,281.16753752794256,289.1735631591903,280.989591954743
199744,279.57392143730175,286.7299724297658,279.2637187593244,287.79760579582205,279.33310686908527
199745,278.0465562020392,285.34760793465347,277.41836981659765,286.48580541473007,277.6973933357031
199746,276.62415360883034,284.0568448373001,275.6589173176791,285.2489338845285,276.1049038461748
199747,275.3521943851846,282.87304998375197,274.0091670163213,284.09145888835576,274.57614212070666
199748,274.27019979370203,281.8089067428255,272.49077821643414,283.0158438822138,273.1305363994013
199749,273.40630691881904,280.87627034246725,271.12476262001184,282.02698364798255,271.78744218415216
199750,272.77333013891814,280.08749567039865,269.9324954156106,281.1356178394172,270.56692778808025
199751,272.3672151322767,279.4558365071532,268.93585944282006,280.35981492570977,269.49004667683755
199752,272.1682955471174,278.9947610969022,268.156368947468,279.7240821495693,268.5784230417744
199801,272.14516704308727,278.7163123150994,267.61338476761654,279.2562263807574,267.85314321731573
199802,272.26043269772595,278.62889474130867,267.3217754506097,278.9826343915672,267.33311712392197
199803,272.4771742050283,278.7350357017633,267.2895415381795,278.9230331562992,267.03321114490245
199804,272.7648549844705,279.0297033951106,267.5159640734326,279.0859399815774,266.9625246969627
199805,273.1034974862828,279.4996628394382,267.9907515739441,279.4658829565409,267.1231702716788
199806,273.4853663786236,280.12413186578056,268.6944606356912,280.0430926175185,267.50982294549317
199807,273.91394338490517,280.8767139810747,269.6001982805931,280.7858215996123,268.11015088883903
199808,274.40057269197024,281.7282976021036,270.6763392962783,281.65486407152207,268.90605775619593
199809,274.9596540912052,282.65038774895646,271.889771434664,282.609354238993,269.87550155060177
199810,275.60355257415733,283.6182283818931,273.2090656264513,283.6126356147849,270.99453996302685
199811,276.33841388414635,284.61310669190243,274.60698393158617,284.63697594101995,272.23921490164287
199812,277.1618236241234,285.623398360205,276.06188168554405,285.6661607705088,273.5869370030173
199813,278.06278349836873,286.64417806601045,277.5578001033547,286.695473255782,275.01715303116606
199814,279.0239110993287,287.6755231542101,279.0833276385677,287.7291508424133,276.51124712327527
199815,280.02523161210377,288.71991247801384,280.62956938197254,288.77596884065696,278.05180240178345
199816,281.04854602127796,289.7793058569151,282.18774540755066,289.84400940066513,279.6214925733812
199817,282.08122006806576,290.852541847561,283.74700114777835,290.9358399909676,281.2019514091071
199818,283.11837408552964,291.93360196741526,285.2929428491419,292.0452114852983,282.7729640673684
199819,284.16283472258993,293.0110796957868,286.80722632295414,293.156019768811,284.31223963972315
199820,285.222747415744,294.06891126497476,288.2682710598225,294.24374136837844,285.79587916240246
199821,286.3073186312635,295.08813719946613,289.65290387269107,295.2789760638548,287.1994816316635
199822,287.421626757641,296.0492346570223,290.93851849401,296.23224065739845,288.4996723375035
199823,288.56169998172555,296.93444281669133,292.1052200480366,297.0788703319206,289.67572998372583
199824,289.7110463272683,297.72952297074676,293.13743279001875,297.80286320460993,290.7109568456122
199825,290.83953537030476,298.4245459832602,294.0245832466215,298.3987541951383,291.59348742384833
199826,291.90503552334354,299.01354635786305,294.76069741225746,298.8710681395759,292.3163542133561
199827,292.8576160441092,299.49316623600157,295.34301693690685,299.2314720269682,292.8767961963908
199828,293.6455629785057,299.86066749347253,295.76998295752617,299.4942906360091,293.274968158805
199829,294.2220595184568,300.1118557167308,296.03910010346794,299.6714427416899,293.512347164458
199830,294.55123384153916,300.2394967947681,296.1452382333724,299.76800513352373,293.590204457542
199831,294.6124146062447,300.23270542709054,296.0798439125997,299.7794832734823,293.50849972127446
199832,294.4018246468779,300.07756729647326,295.8313358545804,299.69148875590787,293.26546202470865
199833,293.9314984816501,299.75897222094864,295.386692805029,299.48198054872574,292.8579685296271
199834,293.22580338919863,299.2633492389004,294.73396878601346,299.12564295541273,292.2826525945677
199835,292.3164430271972,298.58177210779803,293.86525151270763,298.5994816457795,291.5375078276253
199836,291.2371150768495,297.7127966972643,292.7794653210822,297.88843240562244,290.6236412208768
199837,290.0190160873495,296.6644257403031,291.4844366816783,296.98976128968974,289.5467923425485
199838,288.6881356499688,295.4547649076368,289.997785210267,295.9152937741857,288.3182847065434
199839,287.26481879955213,294.11120015816743,288.3464438900539,294.69098577128466,286.955198541676
199840,285.76550908810265,292.6682305922036,286.5648951484762,293.35393316261013,285.47972313253945
199841,284.2060473615774,291.16436568661146,284.6924711906742,291.94747634578954,283.91782325634307
199842,282.6055180113276,289.63867966552357,282.77024925285446,290.51546530408007,282.29749801572154
199843,280.9894945582285,288.1276683598752,280.83813510959874,289.09691664626064,280.64698918936085
199844,279.39167261970783,286.66296458219034,278.9326584846549,287.7221803250465,278.9932927036198
199845,277.85325938967935,285.2702583435341,277.0858193711175,286.4113676930082,277.3612425193928
199846,276.42002668804776,283.96948692686925,275.325068154996,285.17525918043305,275.77329122010747
199847,275.13750475921665,282.7760716587049,273.67423440969554,284.0183322501124,274.24993986391047
199848,274.0452636960012,281.70274908431185,272.1550012104425,282.9430613103432,272.8106112753801
199849,273.17148854240264,280.76142609892145,270.7884038820534,281.95435321809475,271.47465279764464
199850,272.5290405847637,279.96450754864486,269.59584098735576,281.06296077083374,270.2621218617852
199851,272.11391118044537,279.32529526995546,268.59921839207937,280.2869665917906,269.19405835777974
199852,271.90647825493943,278.8573034738467,267.8200729213344,279.6508930258465,268.29207024689003
199901,271.8753801753767,278.57261873437955,267.277787448096,279.18256292720497,267.57722502769104
199902,271.9832609946089,278.47968689064726,266.9872519143282,278.9083798655868,267.0684112369546
199903,272.19324149356504,278.58107392733405,266.95648752210576,278.84808835326066,266.7804713934454
199904,272.47482214082675,278.8717839479205,267.1847951489153,279.01022390002265,266.7224786442755
199905,272.8080602557525,279.3386149791946,267.66190223170196,279.38933338544393,266.89651689074026
199906,273.1852530613312,279.9608148327947,268.3683832847322,279.9656666432839,267.2972303909286
199907,273.6099123955066,280.71201384724054,269.2773621643612,280.7074960307946,267.9122543693834
199908,274.09341000213857,281.5631240124411,270.35722932964063,281.57563577955847,268.72345751525773
199909,274.65017056411625,282.48567056561103,271.5748869656489,282.52924041355175,269.7087609621004
199910,275.29258120059063,283.4549142428492,272.898919126934,283.53167393265335,270.8441837492674
199911,276.02680693018067,284.4521554969861,274.3020996213908,284.5552246477802,272.10572747955257
199912,276.85044970072977,285.4657796972201,275.76279409468043,285.5836986745704,273.4707609646059
199913,277.7525245634988,286.4908675900839,277.2650525773514,286.6123996346744,274.91868776359445
199914,278.71565940334165,287.527498933592,278.7974707920765,287.64558526156344,276.43084757340915
199915,279.71988659758927,288.57815131971347,280.35115950602267,288.6920508852078,277.9897779895942
199916,280.7470111885047,289.6447796256318,281.9173428360145,289.7598983212163,279.57810625802114
199917,281.784399817411,290.72621379139815,283.48516858876366,290.8517142644374,281.1774189109317
199918,282.82717054834006,291.81642306385226,285.04024368717654,291.9612682924306,282.767453248626
199919,283.8781445919642,292.9039850313111,286.56422289793625,293.07247439015526,284.32587004605205
199920,284.94545878873856,293.972816461665,288.0355229288169,294.16082650088373,285.8287217267058
199921,286.03830787398357,295.003934901649,289.4309660607217,295.1969410605118,287.2515585413435
199922,287.16175540459767,295.97779109091357,290.72793974005043,296.15135069265267,288.5709570654465
199923,288.3118116807273,296.876594435675,291.9065410524376,296.9994054958634,289.76614748284936
199924,289.4719638409441,297.6860731986338,292.95118446960953,297.72511752921554,290.82038390618584
199925,290.61205764516336,298.39626206752536,293.8512850037166,298.3230346160771,291.721753192225
199926,291.6899348370258,299.0011563444549,294.6008554237551,298.79769339737373,292.4632408701619
199927,292.6556352412129,299.49735607688956,295.19712246960916,299.16077151151245,293.0420397916537
199928,293.45741280504484,299.88207829761467,295.6385107157286,299.4266031786185,293.45825960093714
199929,294.04841606465897,300.15108115462675,295.9225066147585,299.60711535916175,293.71333335945144
199930,294.3927361022994,300.2970806662112,296.0439602784581,299.70739172875835,293.8084895942026
199931,294.4696621681246,300.30913940113965,295.9942970048273,299.72294329744966,293.743646697791
199932,294.27537551008663,300.17328883204493,295.76191277465415,299.63938583587156,293.5169940113477
199933,293.82186702495363,299.8743626757756,295.3337621962363,299.4346810877708,293.12537066185894
199934,293.1334584851891,299.3987321739212,294.697873815065,299.0835147084355,292.56537379045784
199935,292.24180631480795,298.73741179333405,293.84630860107046,298.5628922771928,291.8349627228833
199936,291.1805593974364,297.88889682661244,292.7779629514425,297.8577480341053,290.9352122145345
199937,289.9808640900635,296.86112835561624,291.5006342839069,296.96534502536343,289.8718317458412
199938,288.66865857153533,295.6721495421997,290.0319121309882,295.8975042536354,288.65611698720454
199939,287.2642354229401,294.34928319838843,288.3986984496229,294.68017569586357,287.305122655513
199940,285.78398488391554,292.92696486184417,286.6354437888646,293.3504478454532,285.84101493384736
199941,284.2436938153448,291.44364025497686,284.78144771745076,291.9516522729482,284.2897379784403
199942,282.6623921391908,289.93831988051403,282.8777541741073,290.52762871513715,282.6792728126343
199943,281.06559861284353,288.44743610599346,280.96423507431746,289.1173821397289,281.03784572947865
199944,279.48695398749084,287.0025587627763,279.07738582273174,287.75124949376607,279.39243980595705
199945,277.9676106798291,285.6293155856856,277.24917173677045,286.4493277946577,277.7678788229436
199946,276.5532860130881,284.347582506705,275.5070082750604,285.2223818481524,276.1866078766754
199947,275.28945620610125,283.172720643816,273.8746899378469,284.0748722480888,274.66912324470763
199948,274.21563798613977,282.1174076894704,272.3738646880555,283.0092553390637,273.23484568165816
199949,273.35996387827646,281.1934932503318,271.025532806012,282.0304187737875,271.9031231656048
199950,272.73524368012625,280.41332665127163,269.8510579847599,281.1490950634339,270.6940164520488
199951,272.33741847043825,279.79015617172246,268.8723115014153,280.3833455255599,269.6285714197648
199952,272.14681728179954,279.33744461978614,268.1107959792952,279.7576702465508,268.72840464853437
200001,272.13203114477716,279.0672295031227,267.5858605808722,279.2998689395226,268.01459484110336
200002,272.25565849705566,278.98791010498303,267.312362131813,279.03632122416695,267.50604427073654
200003,272.4807763846757,279.1020085299328,267.29828941310143,278.986746930592,267.21761166263593
200004,272.7768435737404,279.4044878327178,267.5429116750666,279.1596562339961,267.1583887690992
200005,273.1238778583699,279.88210796836717,268.035925617536,279.54957010921095,267.33048041561125
200006,273.51413925056033,280.5140817887292,268.75787600084465,280.13671199971645,267.7285540154582
200007,273.95110482019203,281.27400790840903,269.6818580004606,280.88932747355176,268.3402700834698
200008,274.446114105888,282.1327699416434,270.77623455384423,281.7682036624516,269.1475246306902
200009,275.0135622588048,283.0618681986403,272.00788156612276,282.73246776958763,270.12826803349776
200010,275.66580964092276,284.03654202526957,273.34535813167844,283.7454563438115,271.25855037757935
200011,276.4089973793233,285.0380740963921,274.7614144916965,284.779430206252,272.51440599178716
200012,277.240706476706,286.05483567807664,276.23439418752713,285.8181680358663,273.8732379639076
200013,278.1499340557345,287.0818971380126,277.7483266717731,286.85694616266727,275.3144855442709
200014,279.11929314851005,288.1193316157987,279.2917886743001,287.8999952652128,276.81952539601014
200015,280.128804403684,289.1696138681136,280.8558736079785,288.9560839463757,278.3709332116592
200016,281.16026429589647,290.23469972915217,282.431789921631,290.0332877126583,279.9513753166423
200017,282.20103408551734,291.3134238839028,284.0086714823005,291.1341674567315,281.5424781538335
200018,283.2462296564399,292.3997640941501,285.5721130376948,292.2524675482799,283.12401961100903
200019,284.29867324264865,293.48231020177855,287.1037589738946,293.37207744419436,284.6737015710304
200020,285.3665059024752,294.5449949221213,288.58201743666905,294.46846732280176,286.1676179277299
200021,286.4589297633114,295.568855385294,289.98370398131937,295.5122306990115,287.5813606055915
200022,287.5810189165466,296.5343654793437,291.2862011765975,296.47387819747206,288.8915478977487
200023,288.7287972961731,297.4237612402557,292.4696030837046,297.3287389148033,290.0774515902969
200024,289.8857687197698,298.22280094580714,293.51832300210776,298.060804976847,291.12236712415944
200025,291.02179860629974,298.9215525759852,294.42177661654205,298.66460541054613,292.0144222531648
200026,292.0947512626834,299.51404788251625,295.17397919984796,299.1446592614724,292.74664281697767
200027,293.05469189489406,299.99692638881083,295.7721618072264,299.5126278339556,293.3162612382411
200028,293.8499025532452,300.3674474881138,296.21475511401104,299.7828303312472,293.72342584283246
200029,294.4335624925187,300.621414421345,296.49925342737146,299.9671800655936,293.96960733820515
200030,294.7697960138542,300.75159087043374,296.62051642940787,300.0707484798192,294.05607071958883
200031,294.8379279622286,300.74708946766987,296.56998066069974,300.0890358085519,293.98276953249245
200032,294.63417742353647,300.59399396975164,296.33605496768564,300.00764854135383,293.7479268232613
200033,294.1705752348274,300.2771924109841,295.90570839281133,299.8045406670797,293.3484138496505
200034,293.4714850629296,299.78311218950216,295.2669854244402,299.4543916389165,292.7808581884624
200035,292.56860702512296,299.10282556704794,294.4119644193452,298.9342024081603,292.0432477918876
200036,291.49563533565475,298.23488706300043,293.33956053603873,298.22890417678565,291.1366841253985
200037,290.28376315217633,297.1872982064767,292.05759125407536,297.3357585532475,290.0669013633061
200038,288.95897675176644,295.97816361146187,290.5836673901365,296.26658670774196,288.84521776160454
200039,287.5416179343143,294.6348683279742,288.9447133255432,295.0473403893921,287.4887084304407
200040,286.0481270979448,293.19191069590875,287.1752030882458,293.7151114623132,286.0195576781344
200041,284.494342017612,291.68779958072423,285.3144606913737,292.3132364546707,284.4637254510908
200042,282.8993440982818,290.1616087445938,283.40355539154973,290.8855616307179,282.84920616959437
200043,281.2887039607589,288.6498337063008,281.4823852010282,289.4711000330122,281.20423708133563
200044,279.6961144103613,287.18410711629633,279.58747230318886,288.1001982030642,279.55580973584676
200045,278.16277991844663,285.7901189738337,277.7508093772866,286.79296423939684,277.9287538740851
200046,276.7344696734593,284.4878067004226,275.99983972646004,285.56017547745716,276.3455180190637
200047,275.4567113809242,283.2925919114832,274.3583860765116,284.40630644635485,274.8265993305729
200048,274.3690726887963,282.21721159148507,272.84812489450184,283.3338287837252,273.39141689933945
200049,273.4997362916113,281.2735732249771,271.49008514054015,282.3476467406565,272.0593145014913
200050,272.8615612229638,280.4740823972517,270.3056592600855,281.45851067517765,270.8503461702091
200051,272.45053668545114,279.8320418334864,269.31674725257636,280.6845009390926,269.7855485688248
200052,272.24703854899406,279.36096678247117,268.5448803314955,280.050137775331,268.8865266052583
200101,272.2197032254951,279.0729450046402,268.0094360162942,279.5832421069859,268.17434489999795
200102,272.33117291401265,278.9764236734327,267.7252991568026,279.3102157447718,267.6678892888312
200103,272.5445666441498,279.0739702551629,267.7004861274866,279.250801615218,267.38199976838683
200104,272.82938323660164,279.3605904814492,267.93429324572674,279.4135338167061,267.32574714412823
200105,273.1656784671921,279.823084152865,268.4164436586864,279.79295799267373,267.50121315772435
200106,273.54574812057757,280.4407009995346,269.12750786383685,280.3693229168787,267.9030400910877
200107,273.97310270236125,281.1870734221341,270.0406059762272,281.1109000634508,268.5188613773561
200108,274.45911273078144,282.03311561528506,271.1241249914326,281.9785029583716,269.33054410026136
200109,275.01820177048955,282.950355162272,272.3449639110605,282.9312855980736,270.3160079750185
200110,275.66275593038495,283.91405528534153,273.6717038882074,283.93261163338093,271.45127081073224
200111,276.3989393273593,284.9055190621864,275.07711611318115,284.95476920496867,272.712333168911
200112,277.2243531165302,285.91313462414,276.5395638996029,285.9815644372662,274.07656300966113
200113,278.1280116658439,286.93198561561707,278.04309523303726,287.0083011398587,275.5233632310076
200114,279.09254228659944,287.962154826659,279.5763040795736,288.03923741330266,277.0340730596531
200115,280.0979768926177,289.006123013726,281.13029973937165,289.08316913370453,278.5912298123489
200116,281.1261201729133,290.065848349196,282.6963051528249,290.1481988416512,280.177460647892
200117,282.16433852597964,291.1401641971842,284.26346724162545,291.23691413549983,281.77435220338623
200118,283.20774988352633,292.2230433555514,285.81739233573086,292.3430856744284,283.36164207602985
200119,284.2591754344387,293.3030670886096,287.3397349014382,293.45062870260136,284.91699152969846
200120,285.32675210787926,294.36415596315715,288.8089116390125,294.53503859944976,286.41645366871813
200121,286.4196748382679,295.38733144562127,290.20174511487136,295.5669334132465,287.8355796163441
200122,287.54300749182823,296.35304831392796,291.49562335392665,296.51684755536064,289.1509470118792
200123,288.69276078802284,297.24352012888045,292.6706443131193,297.3601330865366,290.3417872938387
200124,289.85242239443625,298.0444794217398,293.7112236279075,298.0808042014169,291.3913560198264
200125,290.9918387093319,298.7459652603696,294.6067777660525,298.6734110311716,292.28774168118565
200126,292.06885222361086,299.34197743610014,295.3513212433265,299.1424926955049,293.0239316304958
200127,293.0335036176385,299.8291205921853,295.94208283666495,299.4997294812217,293.59712073070136
200128,293.8340478022914,300.2046164611613,296.3774894467875,299.7594584250069,294.00742082421306
200129,294.42363438452315,300.4642279920816,296.6550301405983,299.9336094704941,294.25626735640515
200130,294.76635562397576,300.6006761028759,296.7695579307064,300.02726944140943,294.3448914227433
200131,294.8415020540494,300.6030283577722,296.71250130098565,300.0359526590952,294.27321416746855
200132,294.64525631098155,300.45732131783916,296.4722597013865,299.94527836682613,294.03942786508236
200133,294.1896107840073,300.148393878454,296.03579149075574,299.73321194037607,293.6403747561119
200134,293.4988888413161,299.6626225468879,295.39112924445243,299.37444282440424,293.0726552737375
200135,292.60474860492593,298.99102713983706,294.5303382393612,298.8459805428148,292.334232212482
200136,291.5408407576996,298.132108380864,293.4523194543157,298.13276343322093,291.42618397139086
200137,290.3383135559965,297.0938128608265,292.1648751608192,297.23205879001546,290.3542238474269
200138,289.023107177007,295.8941893254753,290.6856000145876,296.15569201230863,289.12965149833235
200139,287.6155162979181,294.56056624245105,289.04140136228415,294.9296176192205,287.76952579696376
200140,286.13193335095,293.12738487353124,287.2667354061931,293.59092878948417,286.2960172487219
200141,284.5881474847188,291.6330967304781,285.4009076285933,292.1829619194447,284.7350744961315
200142,283.0031910026869,290.11671816731024,283.4849681387217,290.7495617094078,283.1146832103283
200143,281.40258513606784,288.6146874614567,281.55879527604355,289.3297382254728,281.4630744910849
200144,279.8199732007047,287.15858040940054,279.6588911190196,287.95383364502516,279.8072363783779
200145,278.2965102672334,285.7740307629134,277.8172279049161,286.6419503447677,278.1719977695892
200146,276.8779164005066,284.48092051931724,276.0612282542996,285.40485861561285,276.57980902813046
200147,275.60967064701697,283.2946169068611,274.41469406737275,284.2470246592813,275.0511718464674
200148,274.53129264602893,282.2278037697013,272.89928094081034,283.17091054773937,273.60551253884006
200149,273.67091791719366,281.29233690412804,271.5359970181195,282.18140977725443,272.2621847845527
200150,273.0413593334935,280.5005718590245,270.34621408046235,281.28926081537463,271.0412551787473
200151,272.6385611279886,279.8657631686609,269.3518117133802,280.51253104540933,269.96377557497874
200152,272.44285556463143,279.40137992322656,268.5743010641632,279.87572672536993,269.05136865959633
200201,272.4228369804733,279.119465936124,268.0330400299162,279.40665384230215,268.32511937026766
200202,272.5411071928243,279.0284268163952,267.74289437658655,279.1316983885016,267.80393634002763
200203,272.7607466984705,279.13079101082434,267.7118620259518,279.0705866616628,267.5026847751137
200204,273.05121778331795,279.4215279291731,267.939221564395,279.2318353958045,267.43046302647053
200205,273.3925418282455,279.88740389064526,268.41467921768896,279.6099722120091,267.5893826321178
200206,273.7769824968221,280.50763811677814,269.11878945652313,280.18522728357976,267.97411782797263
200207,274.2080205731364,281.2558355937313,270.02465734553755,280.92585298804266,268.5723360577342
200208,274.6969993704412,282.1028863055125,271.1006558844856,281.7926433423274,269.36594036363493
200209,275.2583178726926,283.02029692666605,272.31367120810603,282.744732506503,270.3328882515772
200210,275.9043403305577,283.9833131583166,273.6322728018111,283.74546405397354,271.44923703106747
200211,276.6412118133763,284.9732240178569,275.02922145323976,284.7671058939869,272.69102834497784
200212,277.46651731732953,285.9784070975265,276.4828713995275,285.79344385305467,274.035672681161
200213,278.3692580074103,286.9939390711991,277.97726293221723,286.819761464015,275.46261677185885
200214,279.33205100449203,288.0198993610547,279.50098375700566,287.85029665932126,276.95324483971024
200215,280.33492109000855,289.05876897914635,281.04513839313745,288.8938253425779,278.49014021004785
200216,281.3596689129369,290.11250998424975,282.600946519931,289.95843036359406,280.05597691004743
200217,282.3936599470563,291.1799632515681,284.1575533525447,291.0466799966319,281.6323891488998
200218,283.43201432624016,292.2551126951861,285.70056509785627,292.1523260269395,283.199162640843
200219,284.4775585684973,293.32655426784015,287.2116377055301,293.2592653566042,284.7340071508803
200220,285.53843804768474,294.37822675076285,288.6691909826359,294.3429756344285,286.21302450617407
200221,286.6238592356603,295.39117329153555,290.0500522367349,295.3740578667041,287.6118146112007
200222,287.7389005946394,296.34587374378276,291.33161587298315,296.323030185979,288.90700378119226
200223,288.8795904532071,297.22457005375446,292.49398786626494,297.1652292088915,290.0778718618672
200224,290.02943704469584,298.0130263507882,293.52159350009987,297.88465458901237,291.10772238669415
200225,291.15831022236426,298.70131640436824,294.40386050668894,298.47584288430863,291.98469123034283
200226,292.22407874333857,299.2834776903287,295.13481626275654,298.9433206702502,292.70181237696977
200227,293.17681227707214,299.7561553875144,295.7117039767781,299.29875677551945,293.2563264127041
200228,293.9647973479867,300.11661447268284,296.1329665196918,299.5564779177536,293.6483898412303
200229,294.54121769294784,300.36066369513867,296.3961104295145,299.7284049092014,293.87948155744846
200230,294.87020210049945,300.48107216690505,296.49600764732725,299.8196166738956,293.95087474898514
200231,294.9310799056853,300.466957868957,296.424106993696,299.82562090447647,293.8625311540034
200232,294.72007468446884,300.3044098221971,296.16882960890865,299.73203152093197,293.6126820070636
200233,294.2492217613122,299.9783212376313,295.71715683597114,299.51680991057947,293.1982067450027
200234,293.5428892851424,299.47512459961854,295.0571454633588,299.1546428887449,292.6157411098808
200235,292.6327818473702,298.7858971627274,294.18088614034764,298.6225387281982,291.8632812006363
200236,291.5525981257583,297.90919834289815,293.0873063031864,297.9054359074031,290.94193660630515
200237,290.33353572821636,296.8530344667331,291.7842356872488,297.0006032620239,289.85744959691357
200238,289.0015853661885,295.6355148438689,290.2892973359743,295.919869135915,288.6211464916717
200239,287.5770932554147,294.28402911544737,288.6294278212574,294.68919239406864,287.25011042681245
200240,286.0765041887434,292.8330801053226,286.8391133183303,293.34567195447113,285.76653369499985
200241,284.51566031212366,291.3211810531714,284.9576899372273,291.93265133298576,284.1963841806499
200242,282.9136473752019,289.78740998313253,283.0262389740414,290.4939837112515,282.56766419115974
200243,281.2960403145826,288.26826656125775,281.08467041604183,289.0686889748026,280.9086188059009
200244,279.6965362199472,286.79538746818577,279.16951835017386,287.6871204296579,279.24624734614576
200245,278.1563438130469,285.394466613963,277.31278728085886,286.3693928563648,277.6053872601778
200246,276.7212364962389,284.0854452092544,275.54193225109856,285.1262901859451,276.008494709487
200247,275.4367461499884,282.8837485348225,273.8807876343963,283.962293452713,274.4760744190924
200248,274.3424445557473,281.8021171145605,272.3510414465409,282.87988070526706,273.0275529673402
200249,273.466518497665,280.8524618444938,270.97373409064943,281.8839625076031,271.68228153605713
200250,272.82183105264784,280.04719159148596,269.7702693427758,280.98529542884063,270.46032147793267
200251,272.4043754179129,279.3996122304974,268.76255841391077,280.2019659263525,269.3827166853963
200252,272.1945314069482,278.92324202650616,267.97214360348636,279.55850023947136,268.4710792008847
200301,272.1609393218414,278.63017162081115,267.41841338481163,279.0827251749453,267.74648068070775
200302,272.26624519615444,278.5288509307409,267.1162634230676,278.8010483108775,267.2278138937183
200303,272.47357183604686,278.62185002795053,267.0737207632279,278.73321822146505,266.9299256628506
200304,272.7524217785922,278.90417710935935,267.290092242085,278.88777452965286,266.86189350917374
200305,273.0828544536187,279.3626342993887,267.7551113689506,279.2592682770214,267.02580577538225
200306,273.4571692352551,279.97647350922824,268.4493588401035,279.8279535058075,267.41631122601996
200307,273.8788801519239,280.71932917658927,269.3459648000758,280.5621068257872,268.0210496547152
200308,274.359361175949,281.56211738793183,270.41332609871205,281.4225467626599,268.8218943798711
200309,274.9130392552934,282.4763674721028,271.6183514108899,282.3684321736321,269.79677122194875
200310,275.55230380939634,283.437344249638,272.929631376293,283.3631314284207,270.921703962342
200311,276.2833221909617,284.4263522483334,274.3199464795562,284.3789372418549,272.1726989984334
200312,277.1036987142802,285.4317809006138,275.7676691309003,285.3996601650053,273.52712998640874
200313,278.00245082796744,286.4487150022332,277.25685620941033,286.4206082838968,274.9644053772794
200314,278.96220884366875,287.47723834416746,278.7761103663813,287.4460438227202,276.46586980442413
200315,279.96300759345456,288.51983253283606,280.3165493737432,288.4847666258922,278.01406584182155
200316,280.9866546007712,289.5784564391237,281.8694044252333,289.54488304456027,279.59162575300167
200317,282.02051901305134,290.6519439738067,283.42383047259204,290.6289843275547,281.1801411243439
200318,283.0597214238276,291.7342683292549,284.9654416477873,291.7308446221923,282.75935434399
200319,284.10708559512005,292.81401101192034,286.4758999864796,292.8343824962894,284.30693130564333
200320,285.1707509390201,293.8750926782444,287.93362952117747,293.9150964863847,285.7989295796542
200321,286.25991478120255,294.8985347317572,289.3154599090801,294.9436076293502,287.21090458889785
200322,287.3796432860599,295.86479173499407,290.59878602021934,295.89045315477847,288.5194381033914
200323,288.5259493767815,296.75607688100934,291.7637124069373,296.7309877694946,289.703765521054
200324,289.68232282893547,297.5581221811797,292.7946610464595,297.4492281404087,290.74714618527565
200325,290.8186120517794,298.2609660316575,293.68105449091075,298.0397266955744,291.6376721973582
200326,291.8926614490313,298.8586074006335,294.4169130794029,298.507024674726,292.3683343419049
200327,292.85451351456913,299.3476499572794,294.99947114771936,298.86280430647867,292.9363307339455
200328,293.65242487240386,299.72531430967786,295.4271608876163,299.12140438984085,293.3417762861322
200329,294.23954674123405,299.98736213271644,295.69747638606117,299.29475645012104,293.5861093304399
200330,294.5799728901064,300.12651292119233,295.8052754017465,299.38794871101413,293.67056366360094
200331,294.6529952585928,300.131832668065,295.74199088780114,299.3964967111703,293.59506294420146
200332,294.45479778503864,299.98935621591545,295.49602648391345,299.3060207276629,293.3578017726868
200333,293.9973740559542,299.6839205954153,295.05434445662377,299.0944869858122,292.955624525755
200334,293.30504853126325,299.20190030399806,294.40498100457506,298.73658559493407,292.3851335817209
200335,292.4094803185323,298.5343130045593,293.54000474132664,298.2093265581695,291.6442934880519
200336,291.3443209794049,297.67965712415156,292.4583196937433,297.49764850652497,290.73418420350606
200337,290.1407195417316,296.6458768157458,291.1677308908453,296.5988188416254,289.6605203905918
200338,288.8246168464495,295.4510182472468,289.6858354536536,295.52466288344317,288.43460287761104
200339,287.41630812635566,294.1224071699876,288.039542900393,294.301134885489,287.0734915122849
200340,285.9321862608127,292.69448199255106,286.2633113098025,292.9653275744194,285.59935757858534
200341,284.3880407368465,291.2056912382735,284.3964477443175,291.5605767081483,284.0381503008307
200342,282.8029040873966,289.6950481392509,282.4800035960149,290.13072616241726,282.4178557348022
200343,281.202297664085,288.1989877193036,280.5538581890362,288.7147849929568,280.766705167513
200344,279.61986479401827,286.7490823915026,278.65451428767403,287.34309418141066,279.111686628626
200345,278.0967604499465,285.3709623963685,276.81394451568417,286.03575472391174,277.4776288076275
200346,276.67870448974253,284.0845060941664,275.0595715804493,284.803535346623,275.88698166253334
200347,275.4111756439445,282.9050769523889,273.41519716915656,283.6509005030886,274.3602462831064
200348,274.3336931270724,281.8453549329137,271.90247636565044,282.5803103345333,272.9168481838856
200349,273.4743919254943,280.9171918304805,270.5424165009863,281.59665622488507,271.5761400479002
200350,272.84608427068093,280.1329390754639,269.35638824461336,280.7106743488241,270.3581872779749
200351,272.4447136463303,279.5058469690524,268.3662697716357,279.9404296174387,269.28404033995224
200352,272.25061145962286,279.04938025622954,267.5935705208933,279.31042563844596,268.37532033783486
200401,272.23237108393135,278.7755782955829,267.05764638390883,278.8484655719054,267.6531104331798
200402,272.3525932665474,278.6928421343058,266.7733608249682,278.58093240791743,267.1363172901283
200403,272.5743573285282,278.80369555293964,266.74870916933503,278.5275492683586,266.83980395433554
200404,272.8671242750326,279.103103193307,266.9829671134208,278.696829539492,266.7726664256776
200405,273.21091410192736,279.5778265077328,267.46583770113455,279.08329732449107,266.93701370193116
200406,273.5979889843202,280.2070797547498,268.1778719311451,279.66717911048073,267.3275172910173
200407,274.0318281152652,280.96446286425527,269.09217110781697,280.4167234225197,267.9318417224145
200408,274.52377311534406,281.8208606736583,270.17710418444136,281.29272026085675,268.7318869395446
200409,275.0882211752028,282.74777462354365,271.39955296534566,282.2542996068406,269.7056071666527
200410,275.73753465261484,283.7204450967379,272.7280823239789,283.26480069537865,270.82905625058635
200411,276.47785662555737,284.7201557110688,274.135448157027,284.2964869398044,272.0782721925066
200412,277.306770001554,285.73527858106354,275.59999953440763,285.33313951574655,273.43066166155734
200413,278.21327376087567,286.7608848278993,277.10577130706577,286.37003715273136,274.86566739642944
200414,279.179982744895,287.7970482492793,278.64134546975856,287.41141283009523,276.36466945361957
200415,280.186919362111,288.84624416424833,280.1978205636513,288.4660373512373,277.91024682208445
200416,281.21588179652997,289.91042887332776,281.766410026196,289.5419883214708,279.4850690248408
200417,282.2542329663763,290.98843743154276,283.3362525704025,290.64182862915294,281.070765601684
200418,283.29709036089054,292.0742478742339,284.89294764437346,291.7593045351818,282.64711743486214
200419,284.34727776593104,293.1564502202211,286.41814418618077,292.87830728189647,284.19182929753305
200420,285.41293773729564,294.2189772650683,287.89025474243226,293.97430872607316,285.68099786798166
200421,286.50327384453516,295.2428661223885,289.2860991154545,295.01790395289925,287.0902177476933
200422,287.62336156502255,296.20859056701806,290.58306396463394,295.97960504801574,288.3961097978018
200423,288.76922616172476,297.0983864251036,291.7612472829282,296.83474245869826,289.5779482619125
200424,289.924372723387,297.8980116680906,292.80506614028445,297.56730955011653,290.61903092654114
200425,291.0586678815654,298.59753387333103,293.70393982833355,298.1718364762855,291.50748777782525
200426,292.1299770964705,299.19098429385656,294.4518870610129,298.65284329672755,292.23634677315215
200427,293.0883666673694,299.6750018586219,295.0461421666997,299.0219922157998,292.8028423370627
200428,293.8821196772145,300.0468452710072,295.48513892395715,299.2936032221191,293.2071246803319
200429,294.46441635215024,300.30231698706575,295.7663745713066,299.4795902979618,293.45066627720126
200430,294.799381902818,300.434179809318,295.8847115484898,299.5850254402375,293.53473377053496
200431,294.8663420212877,300.43154539661657,295.83158897828224,299.60540932117016,293.45928223334533
200432,294.66151657762805,300.280496438761,295.5954181122375,299.5263487509508,293.22253611843905
200433,294.1969371296711,299.9659198103157,295.1631702193007,299.32579792168247,292.8213679681472
200434,293.4969680012017,299.47424165750493,294.52289183428445,298.97843637207365,292.2524065211875
200435,292.5933099022346,298.79653289871493,293.66666317902997,298.46126502093466,291.5136407682984
200436,291.51965757517075,297.93134661929787,292.59340109450613,297.75921491953227,290.6061730894931
200437,290.3072046409178,296.88668282450243,291.31092455899017,296.8695474072458,289.53573844904963
200438,288.9819377746308,295.6806445154793,289.8368457031287,295.80408326674603,288.31365576785373
200439,287.56419910885523,294.34061504137554,288.19809003653586,294.58877374116804,286.95700069543955
200440,286.07042930875025,292.9010909541553,286.4291325289722,293.2607100702293,285.48795795365004
200441,284.5164663505195,291.40057924531317,284.56929794819047,291.8632280394083,283.9324877762598
200442,282.92139177447115,289.8781517181009,282.65965611765154,290.44017305216863,282.31858474455026
200443,281.3107762707603,288.3703018485456,280.74010542817143,289.0305571724296,280.6744861406878
200444,279.7183126480204,286.90866016167763,278.84716825303127,287.66472584553543,279.0271834220819
200445,278.1852053148843,285.5189144498824,277.0128372724504,286.3627859567016,277.4015061109616
200446,276.7572233310669,284.2209998476165,275.26455560142557,285.13551351138,275.8199023850696
200447,275.47989420743335,283.0303356043701,273.6261455884495,283.98738159251684,274.30286893251855
200448,274.3927853314624,281.95965626115793,272.1192831341519,282.9208602760011,272.8698242461554
200449,273.52407907155134,281.02086678294455,270.7649964432436,281.9408521362427,271.5401113783018
200450,272.8866340696863,280.2263701607474,269.5846770170793,281.0581057403762,270.33378351275155
200451,272.47643907161876,279.58946645225836,268.6002237226566,280.2906995358763,269.27187633828584
200452,272.27386942545706,279.1236681670927,267.8331664531572,279.6631517487537,268.3759936635957
200501,272.2475609566354,278.8410602563823,267.302881220455,279.20328117350203,267.66719888581883
200502,272.36015521343654,278.7500870157374,267.02425118021654,278.93748738152874,267.16437649389576
200503,272.574770510768,278.8533129667554,267.0052908269551,278.8855109503841,266.8823650148058
200504,272.86090489113576,279.1457408311271,267.245294413212,279.0558835208968,266.83023366232413
200505,273.1986132891443,279.6141673359998,267.7339828374335,279.4431481715374,267.0100624652235
200506,273.58019058570267,280.23783907632236,268.45192416560866,280.02755100490344,267.4164918722113
200507,274.0091463206772,280.99038525762796,269.3722358997569,280.77736071905264,268.0371533638777
200508,274.49684998515716,281.84271682124466,270.4633022421975,281.65338796032387,268.85391195309705
200509,275.05772405584514,282.7663580408608,271.6920192224796,282.6147837433364,269.8446851670163
200510,275.7041534935425,283.7365687747042,273.0269648443649,283.62490863638914,270.9854885106256
200511,276.44230120757885,284.73464868393575,274.44090697317756,284.6560475984355,272.252320126502
200512,277.26976708676784,285.74898243278307,275.9122054236334,285.69200347455933,273.62254544229665
200513,278.1755641747665,286.77465014994755,277.4249045102968,286.7280766990046,275.07556471141254
200514,279.1423184013912,287.8117310631438,278.9675943580877,287.76852190267334,276.59271440518285
200515,280.1500602426126,288.8627023219108,280.53138025784875,288.8221313994415,278.1565289757226
200516,281.18059289408814,289.9295184491542,282.10748097462755,289.8970040768787,279.7496326094684
200517,282.2212812063396,291.01100911903325,283.6850390909546,290.99572379137976,281.3536088650411
200518,283.26724150941754,292.10114340105775,285.2496564361167,292.11205737310735,282.9481921566952
200519,284.32129333781904,293.18849879490375,286.7829828166303,293.22991615210015,284.5110404626205
200520,285.3915719145796,294.2569920685782,288.2634301163595,294.32479151054304,286.01820350049246
200521,286.4872704172747,295.2876408577091,289.6678159312803,295.36729741838155,287.44522890778336
200522,287.6134509056185,296.2608960795811,290.9735231644895,296.3279641296604,288.7686907407689
200523,288.7661222439808,297.15896740669405,292.1606445024934,297.18213947093284,289.9678167596346
200524,289.92877019738137,297.9675834565401,293.21359016453454,297.91383332795743,291.02585875034737
200525,291.07123921518803,298.6767793599572,294.1217710593005,298.5175914505451,291.93090134135366
200526,292.15136979424113,299.28055095021364,294.8791960036332,298.9979485068227,292.6759279331714
200527,293.1192005768777,299.77549889369783,295.48308793876714,299.36658026409975,293.25812934966837
200528,293.9229843931994,300.15884092951796,295.9318677961105,299.637819173985,293.6776133093566
200529,294.515868727886,300.42633599898676,296.22301854288406,299.82359053183035,293.9358110511324
200530,294.8619436780803,300.57070100023697,296.3513869649536,299.9289764522868,294.0339493836916
200531,294.94049757575505,300.5809994679055,296.3083951957749,299.9494864892749,293.9719450865454
200532,294.74771081811275,300.4432639259427,296.082436214661,299.8707350627807,293.7479859938806
200533,294.29557351909045,300.142329227349,295.6604617931266,299.6706826719359,293.358909832741
200534,293.6084067366821,299.6645678340324,295.03049780609433,299.3240138339466,292.80131245211237
200535,292.71786624920026,299.00099551661026,294.1846027205636,298.8077330970258,292.073151994107
200536,291.65760036369994,298.1501089541218,293.12167059975206,298.1067737774579,291.17550213967695
200537,290.4587549300577,297.1198506967249,291.8494966975939,297.21839810529616,290.1140714045782
200538,289.14726768975225,295.92826545555886,290.38566855412006,296.15442637495215,288.900154604836
200539,287.74343085649434,294.6026776720014,288.7570863060844,294.9408079631634,287.55080571371656
200540,286.26363437274426,293.1775245921688,286.99819885558384,293.6146308712934,286.0881902818248
200541,284.7236648725724,291.6912537250109,285.1483042984297,292.21922628604824,284.53825194438264
200542,283.14255212162055,290.182877436818,283.24844527515575,290.79843366856016,282.92897131544055
200543,281.54581479153757,288.68883003460627,281.3384925783863,289.39125781897667,281.2885743906608
200544,279.96709361839464,287.2406833639733,279.45494066573684,288.0280356247192,279.6440440616588
200545,278.4475410744041,285.8640672475384,277.6297540838063,286.728864151299,278.0202040360089
200546,277.0328746089077,284.5788597773928,275.8903476968916,285.50450836000505,276.43949944869274
200547,275.7685706373757,283.4004243026514,274.2605155875797,284.3594291073088,274.9224267279684
200548,274.6941461541246,282.3414408165902,272.7619054778765,283.2960831071183,273.48840689095397
200549,273.83773402152667,281.41376129501356,271.4155175838906,282.3193584876569,272.15678828979856
200550,273.2121444445568,280.6297374988344,270.2427157110106,281.4399883412731,270.94763216535193
200551,272.8133189791494,280.00262020896946,269.2653714250102,280.6760346717551,269.8819849926498
200552,272.6215872046282,279.545874798951,268.504987813825,280.0519983561096,268.9814640582176
200601,272.60554076753397,279.27154140427865,267.9809146800466,279.59568000173226,268.2671488815277
200602,272.72777879040984,279.1880219968788,267.7080096643991,279.33346022546203,267.7579426619897
200603,272.9513790726463,279.29784142921596,267.6942625371926,279.28505995656616,267.4687051597348
200604,273.245801201757,279.59596556151143,267.9389437115787,279.45899057049917,267.4085292700746
200605,273.59106386086256,280.0691572101622,268.4317512228274,279.8497743424695,267.5795210688275
200606,273.9794280180408,280.6966321425603,269.1532313383559,280.43763611541794,267.97634932610066
200607,274.4143717657884,281.45199194127946,270.0764809112721,281.19082295483315,268.58667601913635
200608,274.9072357312947,282.306123239167,271.169864726049,282.0701235867334,269.3923987260207
200609,275.47241621960995,283.23052941386896,272.4002607029135,283.0346669041956,270.3714694937785
200610,276.1222748112761,284.2004529256765,273.7362301180475,284.04779124032757,271.49994018125807
200611,276.8629539159088,285.1971796089827,275.15052555965224,285.08175929354144,272.7538469918381
200612,277.6920358819808,286.20908393259623,276.6214930797225,286.1203517117199,274.1105949879796
200613,278.5985192403998,287.2312395082273,278.13316480345344,287.1588468840086,275.5496254935627
200614,279.5650184931788,288.2637227588221,279.67412029347173,288.2014776368148,277.05231734280943
200615,280.57155581970784,289.3090117617543,281.23545595370075,289.25701480803235,278.60124849548424
200616,281.5999292853209,290.3690657072606,282.80838338034044,290.33353622476176,280.17908763893087
200617,282.63750180012755,291.4427226696924,284.38203974207005,291.43360518420087,281.7674636711164
200618,283.67939095586786,292.523963831476,285.94202324034046,292.5509685427954,283.3461570265172
200619,284.7284207515035,293.6013824843478,287.4699818648325,293.66951832468203,284.89287222467084
200620,285.79273406646826,294.65891482062204,288.9443275124387,294.76472735412614,286.3837058843826
200621,286.881534904344,295.6776014724235,290.3418796346844,295.807191868828,287.7942527416705
200622,287.9998992867268,296.6379198527185,291.6400248391334,296.7674252911901,289.1011339859721
200623,289.1438531307321,297.5221095431894,292.8188613657908,297.62075958861885,290.28362438261473
200624,290.2969022888506,298.3159323859445,293.8628068302432,298.3511898288016,291.32502243279134
200625,291.4289142655841,299.00945994177664,294.7612813678966,298.95324804956635,292.2134590296924
200626,292.49775550283124,299.596727557523,295.50830483397226,299.4314563743521,292.94196322944526
200627,293.45349338976786,300.07437836383264,296.10111299484265,299.79747925023986,293.5077707462185
200628,294.2444122068913,300.43967537112803,296.53814136280573,300.06563908597946,293.911033270391
200629,294.82369348487754,300.68842544525137,296.81688920471464,300.2478524598886,294.15322494476226
200630,295.15546384517626,300.8133958985983,296.9322212819273,300.34919413922603,294.2356142685782
200631,295.21905049617,300.8037029972637,296.87557933063783,300.36516773917253,294.15815835781666
200632,295.0106749289091,300.6454341328806,296.6353775059683,300.2813831836837,293.9190838934846
200633,294.5423704259818,300.3234809736084,296.19859026876367,300.0757979475386,293.5152658298937
200634,293.8385031387463,299.8242745481437,295.55326763208103,299.72309501903925,292.94333549995963
200635,292.93077570659113,299.1388907432871,294.6914935801979,299.2002789314179,292.20128466916793
200636,291.85288490201725,298.2658876957632,293.612188998397,298.49228451300985,291.29021867105735
200637,290.63602647562186,297.2132705421174,292.32317718866574,297.5963770406324,290.21587560033254
200638,289.3061893306456,295.9991474916416,290.8420748821158,296.52438139239626,288.9895776832285
200639,287.8837179248662,294.65090717534594,289.1958124627818,295.3022530624217,287.62840404747254
200640,286.3850553445139,293.20305149761356,287.4188700458412,293.9670876944109,286.1545430637656
200641,284.8260420813374,291.6940928697058,285.550577812342,292.5622256281917,284.59395878312546
200642,283.22576228424407,290.16310857874186,283.632011263648,291.13151696922233,282.97464977008536
200643,281.6097893435723,288.646597645438,281.7030747296657,289.71397862826166,281.32485745360435
200644,280.01181885819204,287.1761961970143,279.80029678037613,288.3399610394503,279.67157759885566
200645,278.47305811544646,285.777597682195,277.9556765465847,287.0295762157908,278.0396441941443
200646,277.03927914060415,284.47074294254503,276.19666384389336,285.7936054264692,276.4515100388527
200647,275.75601249524476,283.27105698202075,274.5470879674047,284.63652715099033,274.9276765954565
200648,274.6628287009866,282.19128014001967,273.0286320062036,283.5608169914264,273.4875672809576
200649,273.7879133420134,281.2433232203458,271.6623315910102,282.5713831747263,272.15053021861286
200650,273.1441283559138,280.43959508982476,270.4695858823086,281.67898004357636,270.93662380683213
200651,272.7274658619812,279.79340171541725,269.4723016347791,280.90169194060223,269.8668890895098
200652,272.51830465788356,279.31826154594194,268.69201685314056,280.26404310308527,268.96293536768445
200701,272.48528409266584,279.0262654981254,268.1481158798327,279.79385844936445,268.2458316647355
200702,272.5910493102625,278.92586385600583,267.85549041516276,279.51754378365837,267.7344682263192
200703,272.7987222912212,279.0196271488703,267.8221637072821,279.4548460216224,267.44368946311084
200704,273.07780481158295,279.30256412177994,268.04743896617225,279.6143032437565,267.3825705959953
200705,273.40835560524846,279.7614775373424,268.52104624620694,279.99046506598074,267.5531977806313
200706,273.7826734160124,280.3756200344607,269.22356296236273,280.5635842222792,267.95021770868226
200707,274.20427170800684,281.11862686751607,270.1281161531683,281.30193613213976,268.5612682159919
200708,274.6845239557202,281.9614150279731,271.2030997393259,282.16633824942926,269.36822077914815
200709,275.23785667610804,282.8755148373444,272.41541964489255,283.1159484784015,270.34899949357305
200710,275.87665892476457,283.836192195768,273.7336639384113,284.11413435505847,271.47962653313573
200711,276.60709775800575,284.82475279680364,275.13061071431105,285.13318788004307,272.7361068058786
200712,277.4267772614474,285.8295873239752,276.584630174692,286.1569190099923,274.09581259743334
200713,278.32471472296027,286.8457819085977,278.07977717365253,287.1806353564082,275.5381511075777
200714,279.2835403615498,287.8734217607426,279.60465252157223,288.2085987889569,277.04446583823744
200715,280.2832889848908,288.91498998849005,281.1503723343763,289.2496089175542,278.5972983521168
200716,281.30576816037393,289.97244704592765,282.708166335436,290.31177197882437,280.1792800219726
200717,282.33834714777447,291.0446285075091,284.2671881923872,291.3976792269413,281.7720016641676
200718,283.3761467213831,292.1255093086416,285.8130509398719,292.5011049342539,283.3552050177688
200719,284.4219908923712,293.2036727770127,287.3274157034117,293.60596791305335,284.9065554484615
200720,285.4840193903123,294.26304146729177,288.7887057928657,294.6877670634849,286.4021101196804
200721,286.57142992659226,295.284638756978,290.17375033046727,295.71712390477956,287.8174241684623
200722,287.6892891194012,296.2489212570221,291.45994383905315,296.66457626719716,289.12907919996894
200723,288.83361041363133,297.1381042820023,292.6273907115203,297.50547957602765,290.31631056808254
200724,289.987884174237,297.9379220365469,293.6605129532712,298.22385133386746,291.3623776927408
200725,291.1219594672846,298.6384151803663,294.5487333319941,298.81424492103633,292.25537287207436
200726,292.1936814204231,299.2335850140529,295.286072589408,299.2812026454085,292.9882872074237
200727,293.1530933182437,299.720037606522,295.86976565049787,299.63640791884166,293.5583192500221
200728,293.94845264187427,300.0949960314002,296.298245482259,299.8942008378551,293.9655844676821
200729,294.5329115331164,300.35422449334095,296.5690071322733,300.06651433863817,294.21152186591587
200730,294.87056474964976,300.49044507951277,296.6769095044546,300.1584381681753,294.2973660327238
200731,294.9407052847138,300.49272643620037,296.6133868808853,300.1654894997917,294.22304153497623
200732,294.73951819482426,300.3471061185767,296.3668444129609,300.07329035553624,293.9867439976374
200733,294.27899824859367,300.03842392745094,295.9242460605996,299.8598088148587,293.58531893731094
200734,293.5834711513718,299.5530571861857,295.2736298963059,299.49973694915235,293.0153699866893
200735,292.68459731882984,298.8820264376114,294.40706658669427,298.9700868303166,292.27486306111024
200736,291.616029682713,298.02383304090375,293.32346238948696,298.255799263473,291.36487959964984
200737,290.4089187022519,296.98642413149884,292.03062474087045,297.35414392833474,290.2911358564734
200738,289.08920671028807,295.787848908233,290.5461533437474,296.27694852549496,289.0649343617058
200739,287.6771904912571,294.45543619993373,288.8969604712465,295.05016979012123,287.703336773822
200740,286.18926453507,293.02362753731205,287.11750712824175,293.71090303001023,286.2285162951809
200741,284.64121999735056,291.5308746085113,285.24710347264596,292.30248668209254,284.666424174762
200742,283.05209113679297,290.01619385113366,283.32680415937074,290.86876739734237,283.0450485978626
200743,281.44740108700233,288.51602353320334,281.39649194066965,289.44875710122494,281.39262308438754
200744,279.86079501233706,287.0619393486686,279.49267317205124,288.07279973785654,279.73613799872965
200745,278.3334297770745,285.67957485355623,277.64732422932457,286.7609993567645,278.10042446534743
200746,276.91102718386577,284.38881175620304,275.8878717304062,285.52412782656313,276.5079349758193
200747,275.63906796021996,283.2050169026549,274.23812142904836,284.36665283039036,274.97917325035115
200748,274.5570733687373,282.14087366172834,272.719732629161,283.2910378242483,273.5335675290457
200749,273.6931804938542,281.2082372613699,271.35371703273853,282.30217759001687,272.1904733137963
200750,273.06020371395346,280.41946258930153,270.1614498283376,281.41081178145174,270.96995891772474
200751,272.654088707312,279.787803426056,269.1648138555469,280.6350088677442,269.89307780648187
200752,272.45516912215265,279.326728015805,268.3853233601949,279.99927609160375,268.9814541714187
200801,272.43204061812247,279.0482792340022,267.8423391803434,279.5314203227919,268.25617434696017
200802,272.5473062727612,278.9608616602115,267.5507298633366,279.25782833360165,267.7361482535663
200803,272.7640477800635,279.0670026206661,267.5184959509063,279.19822709833363,267.43624227454677
200804,273.05172855950576,279.36167031401334,267.74491848615946,279.3611339236119,267.36555582660696
200805,273.390371061318,279.83162975834085,268.2197059866709,279.7410768985753,267.526201401323
200806,273.77223995365887,280.4560987846834,268.923415048418,280.3182865595529,267.9128540751375
200807,274.2008169599404,281.2086808999775,269.8291526933199,281.0610155416467,268.5131820184833
200808,274.68744626700544,282.0602645210063,270.905293709005,281.9300580135564,269.30908888584014
200809,275.2465276662404,282.9823546678592,272.1187258473908,282.8845481810274,270.27853268024603
200810,275.89042614919254,283.9501953007959,273.4380200391781,283.8878295568193,271.39757109267117
200811,276.6252874591815,284.9450736108051,274.8359383443128,284.9121698830542,272.642246031287
200812,277.4486971991585,285.95536527910764,276.2908360982707,285.9413547125431,273.9899681326614
200813,278.349657073404,286.9761449849132,277.7867545160815,286.9706671978164,275.4201841608103
200814,279.310784674364,288.007490073113,279.3122820512947,288.0043447844478,276.9142782529197
200815,280.31210518713885,289.05187939691643,280.8585237946992,289.0511627826913,278.45483353142754
200816,281.3354195963132,290.11127277581784,282.4166998202775,290.11920334269956,280.02452370302547
200817,282.36809364310096,291.18450876646375,283.97595556050516,291.21103393300206,281.60498253875136
200818,283.4052476605647,292.2655688863179,285.5218972618685,292.32040542733256,283.17599519701247
200819,284.44970829762514,293.34304661468957,287.03618073568094,293.4312137108454,284.7152707693674
200820,285.5096209907792,294.4008781838775,288.4972254725493,294.5189353104128,286.1989102920467
200821,286.5941922062989,295.420104118369,289.88185828541805,295.5541700058893,287.60251276130793
200822,287.70850033267607,296.38120157592493,291.1674729067367,296.5074345994327,288.90270346714766
200823,288.84857355676075,297.26640973559415,292.3341744607634,297.354064273955,290.0787611133701
200824,289.9979199023035,298.0614898896495,293.3663872027456,298.0780571466443,291.11398797525646
200825,291.12640894533985,298.75651290216285,294.2535376593482,298.67394813717266,291.9965185534925
200826,292.19190909837874,299.3455132767658,294.9896518249843,299.14626208161036,292.71938534300034
200827,293.1444896191444,299.82513315490434,295.5719713496337,299.50666596900265,293.27982732603505
200828,293.93243655354104,300.19263441237536,295.9989373702531,299.76948457804355,293.6779992884493
200829,294.5089330934919,300.4438226356336,296.26805451619475,299.94663668372425,293.9153782941023
200830,294.8381074165744,300.5714637136709,296.3741926460993,300.04319907555816,293.99323558718623
200831,294.8992881812799,300.56467234599336,296.3087983253265,300.05467721551673,293.9115308509187
200832,294.6886982219132,300.4095342153761,296.06029026730727,299.9666826979423,293.668493154353
200833,294.2183720566854,300.0909391398514,295.61564721775585,299.7571744907602,293.2609996592714
200834,293.51267696423383,299.5953161578032,294.9629231987403,299.4008368974472,292.685683724212
200835,292.60331660223255,298.9137390267009,294.0942059254346,298.87467558781407,291.94053895726967
200836,291.52398865188485,298.04476361616724,293.00841973380926,298.163626347657,291.0266723505212
200837,290.30588966238474,296.9963926592059,291.71339109440515,297.26495523172423,289.9498234721928
200838,288.9750092250039,295.78673182653944,290.2267396229937,296.19048771622005,288.7213158361876
200839,287.5516923745876,294.4431670770704,288.57539830278097,294.96617971331926,287.3582296713205
200840,286.0523826631379,293.0001975111064,286.79384956120305,293.6291271046446,285.88275426218377
200841,284.49292093661273,291.4963326055143,284.92142560340113,292.22267028782403,284.32085438598745
200842,282.8923915863631,289.97064658442656,282.99920366558155,290.79065924611467,282.7005291453661
200843,281.2763681332638,288.459635278778,281.0670895223256,289.3721105882951,281.05002031900517
200844,279.6785461947431,286.99493150109316,279.16161289738176,287.997374267081,279.3963238332641
200845,278.14013296471444,285.6022252624368,277.31477378384415,286.6865616350425,277.76427364903697
200846,276.7069002630832,284.3014538457722,275.5540225677231,285.45045312246765,276.17632234975196
200847,275.4243783342519,283.1080385776077,273.9031888224224,284.2935261921469,274.6529709935548
200848,274.33213727103634,282.03471600321456,272.38395562316913,283.21825525237756,273.21364240502425
200849,273.458362117438,281.0933930178243,271.01735829478037,282.22954716012936,271.8776839272891
200850,272.815914159799,280.2964744675477,269.8247954000826,281.3381547128682,270.6651529914295
200851,272.4007847554806,279.6572621888583,268.8281728048062,280.562160533825,269.597089487424
200852,272.1933518299747,279.18927039274956,268.0490273340613,279.9260869678811,268.6951013765344
200901,272.16225375041194,278.90458565328237,267.5067418608229,279.45775686923946,267.9802561573354
200902,272.2701345696441,278.81165380955,267.21620632705503,279.18357380762126,267.4714423665989
200903,272.4801150686003,278.91304084623687,267.1854419348326,279.1232822952951,267.1835025230897
200904,272.76169571586195,279.2037508668232,267.41374956164213,279.28541784205703,267.12550977391976
200905,273.0949338307877,279.67058189809734,267.8908566444288,279.66452732747837,267.2995480203846
200906,273.47212663636645,280.2927817516975,268.59733769745907,280.2408605853183,267.7002615205729
200907,273.8967859705418,281.04398076614325,269.5063165770879,280.9826899728289,268.3152854990276
200908,274.3802835771738,281.8950909313439,270.58618374236744,281.8508297215929,269.126488644902
200909,274.93704413915145,282.8176374845138,271.8038413783757,282.8044343555861,270.1117920917447
200910,275.57945477562595,283.7868811617521,273.127873539661,283.8068678746879,271.2472148789118
200911,276.31368050521576,284.7841224158887,274.53105403411746,284.83041858981454,272.50875860919666
200912,277.13732327576497,285.7977466161229,275.99174850740724,285.8588926166048,273.8737920942502
200913,278.0393981385342,286.8228345089868,277.4940069900784,286.8875935767089,275.3217188932389
200914,279.0025329783768,287.8594658524947,279.02642520480316,287.9207792035977,276.83387870305324
200915,280.00676017262447,288.91011823861623,280.5801139187495,288.9672448272422,278.3928091192384
200916,281.0338847635399,289.9767465445346,282.1462972487413,290.0350922632507,279.98113738766534
200917,282.0712733924461,291.0581807103008,283.7141230014903,291.1269082064717,281.5804500405758
200918,283.11404412337515,292.14838998275485,285.2691980999032,292.23646223446485,283.1704843782701
200919,284.16501816699946,293.23595195021386,286.79317731066305,293.34766833218964,284.7289011756963
200920,285.23233236377393,294.30478338056787,288.26447734154385,294.4360204429183,286.2317528563503
200921,286.32518144901866,295.33590182055167,289.6599204734483,295.4721350025461,287.6545896709876
200922,287.4486289796329,296.30975800981633,290.95689415277724,296.42654463468705,288.9739881950908
200923,288.5986852557626,297.20856135457774,292.1354954651644,297.27459943789785,290.1691786124936
200924,289.7588374159792,298.01804011753643,293.1801388823363,298.00031147124986,291.22341503583
200925,290.8989312201986,298.7282289864281,294.0802394164434,298.59822855811154,292.12478432186924
200926,291.9768084120611,299.3331232633577,294.82980983648196,299.0728873394081,292.86627199980614
200927,292.9425088162482,299.8293229957924,295.426076882336,299.4359654535469,293.44507092129805
200928,293.74428638008,300.21404521651743,295.8674651284554,299.70179712065294,293.86129073058135
200929,294.33528963969417,300.4830480735295,296.15146102748537,299.8823093011962,294.1163644890957
200930,294.67960967733467,300.629047585114,296.2729146911849,299.9825856707928,294.21152072384695
200931,294.7565357431598,300.6411063200424,296.22325141755414,299.9981372394841,294.1466778274353
200932,294.56224908512183,300.50525575094775,295.99086718738096,299.914579777906,293.92002514099204
200933,294.1087405999889,300.2063295946784,295.5627166089631,299.70987502980523,293.52840179150326
200934,293.4203320602245,299.73069909282407,294.926828227792,299.35870865046996,292.9684049201023
200935,292.5286798898433,299.0693787122369,294.07526301379744,298.8380862192273,292.23799385252767
200936,291.46743297247167,298.2208637455152,293.00691736416934,298.1329419761398,291.3382433441788
200937,290.2677376650986,297.1930952745189,291.7295886966336,297.24053896739775,290.2748628754854
200938,288.95553214657076,296.0041164611026,290.2608665437152,296.17269819567,289.05914811684903
200939,287.55110899797535,294.6812501172912,288.62765286234975,294.95536963789806,287.7081537851573
200940,286.0708584589508,293.258931780747,286.8643982015915,293.62564178748767,286.2440460634917
200941,284.5305673903802,291.77560717387985,285.01040213017785,292.22684621498286,284.69276910808486
200942,282.94926571422604,290.27028679941685,283.10670858683415,290.80282265717165,283.0823039422786
200943,281.3524721878788,288.7794030248963,281.1931894870444,289.39257608176337,281.44087685912297
200944,279.773827562526,287.33452568167894,279.3063402354584,288.0264434358004,279.79547093560114
200945,278.25448425486456,285.96128250458855,277.47812614949754,286.7245217366923,278.1709099525881
200946,276.8401595881234,284.6795494256078,275.73596268778726,285.4975757901869,276.5896390063197
200947,275.5763297811365,283.5046875627188,274.10364435057375,284.35006619012324,275.07215437435195
200948,274.50251156117514,282.44937460837326,272.6028191007825,283.28444928109826,273.63787681130265
200949,273.6468374533117,281.52546016923463,271.25448721873886,282.305612715822,272.30615429524914
200950,273.02211725516145,280.7452935701744,270.08001239748677,281.4242890054683,271.0970475816931
200951,272.62429204547345,280.12212309062517,269.10126591414206,280.6585394675942,270.031602549409
200952,272.4336908568348,279.66941153868896,268.3397503920221,280.0328641885853,269.1314357781788
201001,272.41890471981236,279.39919642202545,267.814814993599,279.575062881557,268.4176259707476
201002,272.5425320720909,279.3198770238858,267.5413165445398,279.3115151662014,267.9090754003808
201003,272.767649959711,279.43397544883555,267.52724382582824,279.26194087262644,267.62064279228025
201004,273.0637171487756,279.73645475162056,267.7718660877934,279.43485017603047,267.5614198987435
201005,273.41075143340515,280.21407488726993,268.2648800302628,279.8247640512454,267.7335115452555
201006,273.80101282559554,280.8460487076319,268.98683041357134,280.41190594175083,268.1315851451024
201007,274.2379783952272,281.60597482731174,269.9108124131873,281.16452141558614,268.743301213114
201008,274.7329876809232,282.46473686054617,271.00518896657104,282.04339760448596,269.5505557603345
201009,275.3004358338401,283.3938351175432,272.2368359788497,283.0076617116222,270.53129916314214
201010,275.9526832159579,284.36850894417216,273.5743125444051,284.02065028584576,271.66158150722345
201011,276.6958709543585,285.3700410152949,274.9903689044233,285.0546241482864,272.9174371214314
201012,277.5275800517412,286.38680259697935,276.46334860025394,286.09336197790066,274.2762690935519
201013,278.4368076307696,287.41386405691526,277.97728108449974,287.13214010470153,275.717516673915
201014,279.40616672354525,288.4512985347015,279.5207430870269,288.17518920724723,277.2225565256544
201015,280.4156779787192,289.50158078701634,281.0848280207053,289.23127788841015,278.77396434130344
201016,281.44713787093184,290.5666666480551,282.66074433435796,290.30848165469286,280.35440644628676
201017,282.4879076605524,291.6453908028054,284.23762589502707,291.4093613987658,281.9455092834775
201018,283.5331032314751,292.73173101305287,285.8010674504216,292.52766149031436,283.5270507406533
201019,284.585546817684,293.8142771206814,287.3327133866216,293.6472713862289,285.0767327006748
201020,285.65337947751027,294.87696184102396,288.8109718493957,294.743661264836,286.570649057374
201021,286.7458033383465,295.9008223041966,290.21265839404606,295.78742464104585,287.9843917352356
201022,287.867892491582,296.8663323982466,291.5151555893245,296.7490721395066,289.2945790273931
201023,289.0156708712082,297.7557281591584,292.6985574964313,297.6039328568376,290.48048271994105
201024,290.1726422948049,298.5547678647098,293.7472774148345,298.3359989188814,291.5253982538036
201025,291.3086721813351,299.25351949488805,294.65073102926897,298.9397993525806,292.4174533828092
201026,292.38162483771873,299.8460148014191,295.4029336125749,299.4198532035069,293.149673946622
201027,293.34156546992915,300.32889330771354,296.00111621995313,299.78782177599,293.7192923678853
201028,294.13677612828036,300.6994144070165,296.44370952673785,300.0580242732816,294.1264569724767
201029,294.720436067554,300.95338134024774,296.72820784009826,300.24237400762803,294.37263846784947
201030,295.05666958888946,301.0835577893365,296.8494708421347,300.3459424218536,294.45910184923315
201031,295.12480153726386,301.0790563865727,296.7989350734266,300.36422975058633,294.3858006621368
201032,294.9210509985717,300.9259608886544,296.5650093804124,300.28284248338827,294.15095795290557
201033,294.4574488098626,300.6091593298869,296.13466280553814,300.07973460911415,293.7514449792948
201034,293.75835863796493,300.115079108405,295.4959398371671,299.729585580951,293.18388931810676
201035,292.85548060015833,299.4347924859508,294.6409188320722,299.20939635019477,292.44627892153204
201036,291.7825089106899,298.56685398190314,293.5685149487654,298.50409811881997,291.5397152550427
201037,290.57063672721176,297.51926512537966,292.28654566680234,297.61095249528205,290.46993249295053
201038,289.2458503268019,296.3101305303648,290.81262180286353,296.5417806497765,289.248248891249
201039,287.8284915093494,294.9668352468768,289.1736677382699,295.3225343314264,287.89173956008483
201040,286.3350006729803,293.52387761481174,287.4041575009729,293.9903054043478,286.4225888077789
201041,284.78121559264747,292.0197664996272,285.5434151041008,292.5884303967053,284.8667565807353
201042,283.1862176733169,290.4935756634965,283.63250980427637,291.16075557275224,283.2522372992385
201043,281.57557753579397,288.9818006252034,281.71133961375483,289.7462939750465,281.6072682109797
201044,279.98298798539673,287.5160740351993,279.81642671591595,288.37539214509883,279.95884086549125
201045,278.44965349348206,286.1220858927367,277.97976379001364,287.06815818143144,278.3317850037296
201046,277.02134324849436,284.8197736193253,276.22879413918673,285.8353694194915,276.74854914870787
201047,275.74358495595965,283.6245588303862,274.58734048923867,284.68150038838945,275.2296304602174
201048,274.65594626383165,282.549178510388,273.07707930722887,283.6090227257598,273.79444802898394
201049,273.7866098666465,281.6055401438798,271.7190395532669,282.6228406826908,272.46234563113546
201050,273.148434797999,280.80604931615443,270.5346136728122,281.73370461721197,271.25337729985324
201051,272.73741026048646,280.16400875238924,269.54570166530334,280.9596948811271,270.18857969846925
201052,272.5339121240293,279.692933701374,268.7738347442224,280.3253317173655,269.28955773490276
201101,272.5065768005303,279.40491192354295,268.23839042902097,279.85843604902027,268.5773760296422
201102,272.6180464890479,279.3083905923355,267.95425356952944,279.5854096868063,268.07092041847557
201103,272.831440219185,279.4059371740656,267.9294405402135,279.52599555725243,267.78503089803115
201104,273.11625681163696,279.69255740035203,268.1632476584536,279.6887277587406,267.72877827377255
201105,273.45255204222724,280.15505107176773,268.6453980714131,280.0681519347081,267.9042442873686
201106,273.8326216956128,280.7726679184373,269.3564622765636,280.64451685891305,268.30607122073195
201107,274.2599762773965,281.519040341037,270.2695603889541,281.38609400548535,268.92189250700045
201108,274.74598630581676,282.36508253418793,271.35307940415953,282.2536969004061,269.73357522990574
201109,275.3050753455247,283.28232208117464,272.57391832378715,283.20647954010786,270.71903910466267
201110,275.9496295054201,284.2460222042442,273.900658300934,284.20780557541525,271.8543019403764
201111,276.6858129023946,285.23748598108926,275.3060705259081,285.2299631470032,273.11536429855545
201112,277.5112266915653,286.24510154304267,276.76851831232955,286.25675837930044,274.4795941393052
201113,278.414885240879,287.2639525345197,278.2720496457639,287.28349508189297,275.92639436065167
201114,279.3794158616348,288.2941217455619,279.8052584923006,288.31443135533715,277.43710418929754
201115,280.384850467653,289.33808993262886,281.35925415209863,289.3583630757391,278.99426094199333
201116,281.4129937479484,290.39781526809867,282.9252595655515,290.42339278368553,280.5804917775361
201117,282.45121210101473,291.47213111608687,284.4924216543521,291.51210807753415,282.17738333303026
201118,283.4946234585617,292.5550102744543,286.04634674845784,292.6182796164629,283.7646732056743
201119,284.5460490094738,293.6350340075122,287.5686893141648,293.7258226446356,285.3200226593425
201120,285.61362568291435,294.6961228820598,289.0378660517391,294.810232541484,286.8194847983622
201121,286.70654841330327,295.71929836452415,290.43069952759834,295.84212735528104,288.2386107459885
201122,287.8298810668633,296.68501523283066,291.7245777666533,296.79204149739496,289.5539781415233
201123,288.97963436305787,297.5754870477831,292.899598725846,297.63532702857094,290.7448184234828
201124,290.13929596947133,298.37644634064253,293.9401780406342,298.35599814345125,291.7943871494706
201125,291.2787122843672,299.0779321792724,294.83573217877944,298.9486049732061,292.69077281082997
201126,292.35572579864595,299.67394435500285,295.58027565605323,299.4176866375393,293.42696276014
201127,293.3203771926736,300.161087511088,296.1710372493917,299.7749234232561,294.0001518603456
201128,294.12092137732674,300.5365833800641,296.60644385951434,300.0346523670414,294.4104519538574
201129,294.71050795955836,300.79619491098435,296.8839845533251,300.20880341252854,294.6592984860494
201130,295.05322919901096,300.9326430217787,296.9985123434332,300.3024633834438,294.74792255238754
201131,295.12837562908464,300.93499527667495,296.94145571371246,300.3111466011296,294.6762452971128
201132,294.93212988601675,300.7892882367419,296.7012141141133,300.2204723088605,294.4424589947266
201133,294.4764843590426,300.48036079735687,296.26474590348266,300.0084058824105,294.0434058857562
201134,293.7857624163515,299.9945894657908,295.62008365717935,299.64963676643873,293.47568640338187
201135,292.8916221799611,299.32299405873977,294.75929265208794,299.1211744848492,292.7372633421262
201136,291.82771433273496,298.46407529976693,293.68127386704276,298.4079573752555,291.8292151010353
201137,290.6251871310319,297.42577977972945,292.3938295735462,297.50725273205,290.75725497707134
201138,289.3099807520421,296.22615624437793,290.9145544273143,296.43088595434295,289.5326826279765
201139,287.90238987295317,294.8925331613537,289.2703557750108,295.2048115612548,288.1725569266079
201140,286.41880692598545,293.45935179243423,287.49568981892014,293.86612273151883,286.6990483783664
201141,284.8750210597542,291.9650636493811,285.62986204132045,292.4581558614793,285.13810562577606
201142,283.290064577722,290.4486850862129,283.7139225514483,291.02475565144215,283.51771433997243
201143,281.6894587111033,288.9466543803597,281.78774968877065,289.6049321675074,281.8661056207294
201144,280.10684677574017,287.49054732830353,279.8878455317467,288.2290275870598,280.2102675080224
201145,278.58338384226846,286.1059976818161,278.0461823176427,286.917144286802,278.57502889923336
201146,277.164789975542,284.8128874382202,276.29018266702667,285.68005255764746,276.98284015777494
201147,275.89654422205234,283.62658382576404,274.6436484800998,284.5222186013159,275.4542029761119
201148,274.8181662210641,282.55977068860403,273.12823535353704,283.4461044897737,274.0085436684842
201149,273.9577914922288,281.62430382303074,271.76495143084617,282.45660371928875,272.66521591419684
201150,273.32823290852883,280.83253877792737,270.5751684931893,281.5644547574092,271.4442863083917
201151,272.9254347030239,280.1977300875638,269.58076612610716,280.7877249874438,270.3668067046232
201152,272.72972913966663,279.7333468421293,268.80325547689,280.1509206674043,269.45439978924054
201201,272.7097105555085,279.45143285502684,268.2619944426431,279.68184778433664,268.72815049991203
201202,272.8279807678596,279.36039373529803,267.9718487893134,279.4068923305361,268.20696746967195
201203,273.04762027350574,279.46275792972716,267.94081643867867,279.3457806036972,267.905715904758
201204,273.3380913583532,279.75349484807595,268.1681759771219,279.50702933783896,267.8334941561148
201205,273.6794154032807,280.21937080954797,268.6436336304157,279.8851661540435,267.99241376176207
201206,274.0638560718573,280.83960503568085,269.3477438692499,280.4604212256141,268.37714895761684
201207,274.49489414817174,281.58780251263414,270.25361175826447,281.20104693007715,268.9753671873786
201208,274.9838729454763,282.4348532244152,271.3296102972123,282.06783728436164,269.76897149327914
201209,275.54519144772775,283.3522638455687,272.54262562083267,283.0199264485373,270.7359193812213
201210,276.19121390559303,284.3152800772195,273.8612272145381,284.0206579960081,271.8522681607119
201211,276.92808538841143,285.3051909367596,275.2581758659664,285.0422998360212,273.094059474622
201212,277.7533908923647,286.31037401642914,276.7118258122541,286.068637795089,274.43870381080507
201213,278.6561315824456,287.325905990102,278.2062173449442,287.09495540604956,275.8656479015033
201214,279.61892457952735,288.35186627995756,279.72993816973263,288.1254906013558,277.3562759693546
201215,280.62179466504364,289.390735898049,281.2740928058641,289.16901928461215,278.89317133969195
201216,281.646542487972,290.44447690315235,282.82990093265755,290.2336243056283,280.4590080396915
201217,282.6805335220916,291.511930170471,284.3865077652717,291.32187393866644,282.0354202785442
201218,283.71888790127525,292.5870796140887,285.9295195105829,292.42751996897374,283.602193770487
201219,284.76443214353236,293.6585211867428,287.44059211825675,293.5344592986385,285.1370382805244
201220,285.82531162272005,294.7101936696657,288.8981453953628,294.61816957646306,286.6160556358185
201221,286.91073281069566,295.72314021043843,290.2790066494619,295.64925180873865,288.01484574084515
201222,288.0257741696745,296.6778406626854,291.5605702857098,296.5982241280133,289.31003491083635
201223,289.16646402824216,297.5565369726571,292.72294227899164,297.4404231509258,290.48090299151136
201224,290.3163106197312,298.3449932696911,293.7505479128268,298.15984853104686,291.5107535163385
201225,291.44518379739935,299.0332833232709,294.6328149194157,298.75103682634295,292.387722359987
201226,292.5109523183737,299.6154446092314,295.3637706754833,299.2185146122846,293.104843506614
201227,293.46368585210746,300.08812230641723,295.94065838950496,299.5739507175539,293.6593575423484
201228,294.25167092302183,300.4485813915856,296.3619209324186,299.831671859788,294.0514209708746
201229,294.82809126798304,300.69263061404143,296.62506484224133,300.00359885123584,294.2825126870927
201230,295.1570756755347,300.8130390858079,296.7249620600541,300.09481061593004,294.35390587862946
201231,295.21795348072055,300.7989247878598,296.65306140642286,300.1008148465109,294.2655622836477
201232,295.00694825950416,300.6363767410999,296.3977840216355,300.00722546296646,294.0157131367079
201233,294.5360953363475,300.3102881565341,295.946111248698,299.7920038526139,293.6012378746471
201234,293.82976286017754,299.80709151852125,295.28609987608553,299.42983683077927,293.018772239525
201235,292.91965542240564,299.1178640816303,294.4098405530746,298.8977326702327,292.26631233028075
201236,291.83947170079375,298.2411652618011,293.31626071591336,298.18062984943765,291.3449677359496
201237,290.62040930325145,297.1850013856358,292.0131900999755,297.2757972040583,290.2604807265578
201238,289.2884589412236,295.96748176277157,290.51825174870095,296.1950630779493,289.02417762131586
201239,287.8639668304501,294.61599603435036,288.8583822339845,294.96438633610325,287.65314155645694
201240,286.3633777637789,293.1650470242256,287.06806773105745,293.62086589650573,286.16956482464434
201241,284.8025338871587,291.65314797207407,285.18664434995395,292.2078452750201,284.59941531029403
201242,283.2005209502374,290.1193769020355,283.2551933867685,290.7691776532861,282.9706953208042
201243,281.58291388961806,288.60023348016074,281.3136248287689,289.3438829168373,281.31164993554546
201244,279.98340979498226,287.1273543870884,279.3984727629005,287.96231437169223,279.6492784757899
201245,278.4432173880823,285.726433532866,277.5417416935859,286.6445867983994,278.00841838982234
201246,277.0081100712743,284.4174121281573,275.77088666382565,285.4014841279797,276.41152583913157
201247,275.7236197250235,283.2157154537252,274.10974204712295,284.23748739474735,274.87910554873656
201248,274.62931813078245,282.1340840334632,272.57999585926757,283.1550746473014,273.43058409698443
201249,273.75339207270036,281.1844287633967,271.20268850337646,282.15915644963763,272.0853126657016
201250,273.10870462768315,280.37915851038883,269.9992237555028,281.2604893708752,270.8633526075771
201251,272.6912489929481,279.7315791494001,268.9915128266375,280.4771598683869,269.78574781504045
201252,272.4814049819835,279.25520894540904,268.2010980162133,279.83369418150585,268.8741103305291
201301,272.44781289687666,278.962138539714,267.6473677975385,279.3579191169798,268.1495118103521
201302,272.5531187711897,278.86081784964364,267.3452178357945,279.0762422529119,267.63084502336255
201303,272.7604454110821,278.9538169468533,267.3026751759548,279.0084121634995,267.3329567924949
201304,273.0392953536274,279.23614402826206,267.5190466548118,279.16296847168724,267.26492463881806
201305,273.3697280286539,279.6946012182914,267.9840657816774,279.53446221905574,267.4288369050265
201306,273.74404281029035,280.3084404281311,268.67831325283043,280.103147447842,267.8193423556643
201307,274.1657537269591,281.051296095492,269.5749192128025,280.83730076782155,268.42408078435943
201308,274.6462347509842,281.89408430683454,270.64228051143874,281.69774070469424,269.22492550951523
201309,275.1999128303287,282.8083343910057,271.8473058236168,282.64362611566656,270.1998023515931
201310,275.8391773844315,283.7693111685406,273.15858578901964,283.638325370455,271.3247350919861
201311,276.57019576599686,284.75831916723604,274.54890089228286,284.6541311838892,272.5757301280775
201312,277.39057228931534,285.7637478195164,275.9966235436269,285.67485410703955,273.93016111605283
201313,278.28932440300275,286.7806819211361,277.4858106221373,286.69580222593135,275.3674365069238
201314,279.24908241870384,287.80920526307006,279.00506477910795,287.72123776475445,276.8689009340682
201315,280.2498811684897,288.85179945173866,280.5455037864698,288.7599605679265,278.41709697146564
201316,281.2735281758066,289.9104233580266,282.0983588379603,289.8200769865948,279.9946568826461
201317,282.30739258808643,290.98391089270933,283.6527848853186,290.90417826958895,281.5831722539879
201318,283.3465949988627,292.06623524815757,285.19439606051395,292.00603856422657,283.1623854736341
201319,284.39395917015537,293.1459779308232,286.70485439920657,293.1095764383239,284.70996243528776
201320,285.45762451405545,294.2070595971473,288.16258393390444,294.19029042841925,286.20196070929865
201321,286.54678835623764,295.23050165065985,289.54441432180676,295.21880157138446,287.61393571854194
201322,287.666516861095,296.1967586538967,290.82774043294603,296.1656470968128,288.9224692330355
201323,288.8128229518168,297.0880437999122,291.9926668196643,297.0061817115291,290.1067966506984
201324,289.96919640397056,297.89008910008243,293.0236154591862,297.7244220824431,291.1501773149198
201325,291.10548562681447,298.5929329505602,293.91000890363745,298.3149206376088,292.04070332700235
201326,292.1795350240667,299.1905743195363,294.6458674921298,298.7822186167605,292.7713654715493
201327,293.14138708960445,299.6796168761822,295.2284255604463,299.13799824851316,293.33936186358983
201328,293.939298447439,300.05728122858056,295.6561153003431,299.3965983318752,293.74480741577645
201329,294.52642031626925,300.3193290516192,295.926430798788,299.5699503921555,293.9891404600842
201330,294.86684646514163,300.4584798400951,296.0342298144733,299.66314265304857,294.0735947932452
201331,294.93986883362805,300.4637995869678,295.970945300528,299.67169065320473,293.9980940738458
201332,294.7416713600739,300.3213231348183,295.7249808966403,299.5812146696974,293.7608329023312
201333,294.2842476309894,300.0158875143181,295.2832988693505,299.36968092784656,293.3586556553993
201334,293.5919221062986,299.53386722290094,294.63393541730204,299.01177953696856,292.78816471136525
201335,292.6963538935677,298.8662799234622,293.7689591540536,298.48452050020404,292.04732461769635
201336,291.63119455444,298.01162404305427,292.68727410647,297.77284244855935,291.1372153331502
201337,290.4275931167667,296.97784373464845,291.396685303572,296.8740127836598,290.063551520236
201338,289.1114904214849,295.7829851661498,289.91478986638066,295.7998568254778,288.8376340072555
201339,287.7031817013911,294.4543740888906,288.26849731312006,294.57632882752364,287.47652264192936
201340,286.2190598358478,293.0264489114537,286.4922657225291,293.2405215164537,286.0023887082295
201341,284.67491431188193,291.5376581571765,284.6254021570446,291.8357706501829,284.4411814304752
201342,283.0897776624321,290.0270150581539,282.708958008742,290.4059201044519,282.8208868644467
201343,281.4891712391201,288.53095463820625,280.7828126017628,288.9899789349911,281.1697362971571
201344,279.90673836905336,287.08104931040526,278.8834687004007,287.618288123445,279.51471775827014
201345,278.3836340249819,285.70292931527143,277.04289892841126,286.3109486659464,277.88065993727207
201346,276.96557806477796,284.4164730130693,275.2885259931764,285.07872928865754,276.29001279217783
201347,275.69804921897963,283.2370438712916,273.64415158188325,283.92609444512294,274.76327741275054
201348,274.6205667021078,282.17732185181666,272.1314307783775,282.85550427656784,273.31987931353007
201349,273.7612655005296,281.24915874938335,270.7713709137133,281.8718501669196,271.97917117754463
201350,273.13295784571613,280.4649059943667,269.5853426573401,280.9858682908585,270.761218407619
201351,272.73158722136554,279.83781388795524,268.5952241843627,280.2156235594733,269.6870714695967
201352,272.5374850346581,279.38134717513236,267.82252493362023,279.5856195804805,268.7783514674793
201401,272.5192446589666,279.10754521448564,267.2866007966356,279.1236595139398,268.056141562824
201402,272.6394668415827,279.02480905320857,267.00231523769503,278.85612634995186,267.5393484197726
201403,272.8612309035634,279.13566247184235,266.97766358206184,278.80274321039303,267.24283508397986
201404,273.1539978500678,279.43507011220976,267.21192152614753,278.9720234815264,267.17569755532185
201405,273.4977876769626,279.90979342663564,267.6947921138614,279.3584912665255,267.3400448315755
201406,273.8848625593553,280.53904667365254,268.40682634387184,279.94237305251505,267.7305484206615
201407,274.31870169030043,281.296429783158,269.32112552054366,280.691917364554,268.33487285205865
201408,274.8106466903793,282.15282759256115,270.40605859716834,281.5679142028913,269.134918069189
201409,275.37509475023813,283.0797415424465,271.62850737807264,282.5294935488751,270.1086382962971
201410,276.02440822765,284.0524120156405,272.95703673670556,283.539994637413,271.2320873802305
201411,276.7647302005925,285.05212262997145,274.3644025697536,284.5716808818387,272.48130332215067
201412,277.59364357658933,286.0672454999664,275.8289539471346,285.6083334577811,273.83369279120177
201413,278.50014733591075,287.09285174680195,277.3347257197924,286.6452310947656,275.26869852607354
201414,279.4668563199301,288.129015168182,278.8702998824852,287.68660677212955,276.76770058326366
201415,280.4737929371463,289.1782110831512,280.4267749763783,288.7412312932718,278.3132779517289
201416,281.50275537156506,290.24239579223035,281.99536443892265,289.81718226350506,279.88810015448485
201417,282.5411065414114,291.32040435044536,283.5652069831291,290.9170225711872,281.4737967313281
201418,283.5839639359259,292.40621479313677,285.12190205710044,292.0344984772163,283.0501485645066
201419,284.6341513409664,293.488417139124,286.64709859890775,293.153501223931,284.5948604271775
201420,285.6998113123307,294.55094418397096,288.11920915515896,294.2495026681074,286.08402899762575
201421,286.79014741957025,295.57483304129113,289.5150535281811,295.2930978949335,287.4932488773374
201422,287.91023514005786,296.54055748592094,290.81201837736086,296.2547989900503,288.7991409274462
201423,289.05609973675985,297.43035334400633,291.9902016956549,297.1099364007326,289.9809793915567
201424,290.2112462984221,298.22997858699324,293.03402055301115,297.84250349215085,291.0220620561853
201425,291.3455414566007,298.92950079223385,293.93289424106047,298.44703041831997,291.9105189074696
201426,292.41685067150587,299.5229512127594,294.6808414737398,298.92803723876204,292.6393779027965
201427,293.3752402424046,300.0069687775246,295.2750965794265,299.2971861578342,293.205873466707
201428,294.16899325224966,300.37881218991,295.7140933366839,299.56879716415347,293.61015580997616
201429,294.75128992718555,300.6342839059686,295.99532898403345,299.75478423999624,293.8536974068456
201430,295.0862554778533,300.76614672822075,296.1136659612166,299.8602193822719,293.9377649001793
201431,295.153215596323,300.7635123155194,296.0605433910091,299.88060326320465,293.86231336298965
201432,294.94839015266325,300.6124633576638,295.8243725249643,299.8015426929852,293.6255672480833
201433,294.4838107047064,300.2978867292186,295.3921246320276,299.60099186371696,293.22439909779155
201434,293.7838415762371,299.8062085764078,294.75184624701143,299.25363031410814,292.65543765083186
201435,292.8801834772697,299.12849981761764,293.8956175917567,298.73645896296904,291.9166718979426
201436,291.8065311502059,298.2633135382006,292.8223555072328,298.0344088615666,291.00920421913725
201437,290.59407821595323,297.21864974340536,291.5398789717172,297.1447413492804,289.93876957869406
201438,289.26881134966624,296.0126114343823,290.0658001158558,296.07927720878064,288.7166868974982
201439,287.8510726838903,294.6725819602782,288.42704444926255,294.86396768320236,287.3600318250837
201440,286.3573028837857,293.23305787305827,286.6580869416993,293.5359040122639,285.8909890832945
201441,284.803339925555,291.7325461642162,284.7982523609176,292.1384219814429,284.33551890590434
201442,283.20826534950623,290.2101186370036,282.8886105303782,290.71536699420295,282.72161587419436
201443,281.59764984579533,288.7022687674482,280.96905984089807,289.3057511144639,281.0775172703319
201444,280.00518622305583,287.2406270805806,279.07612266575836,287.93991978757003,279.43021455172646
201445,278.4720788899197,285.8508813687854,277.2417916851775,286.6379798987362,277.80453724060607
201446,277.044096906102,284.55296676651915,275.4935100141522,285.4107074534143,276.22293351471376
201447,275.7667677824688,283.3623025232731,273.85510000117654,284.26257553455144,274.70590006216304
201448,274.67965890649776,282.2916231800608,272.3482375468789,283.1960542180357,273.2728553757999
201449,273.81095264658654,281.35283370184726,270.9939508559703,282.21604607827703,271.94314250794594
201450,273.1735076447216,280.5583370796503,269.81363142980626,281.33329968241077,270.736814642396
201451,272.763312646654,279.9214333711612,268.8291781353836,280.56589347791083,269.67490746793027
201452,272.5607430004923,279.45563508599554,268.06212086588414,279.9383456907882,268.77902479324007
201501,272.5344345316706,279.1730271752851,267.53183563318174,279.4784751155364,268.0702300154631
201502,272.64702878847174,279.08205393464016,267.2532055929434,279.21268132356323,267.5674076235401
201503,272.8616440858032,279.18527988565813,267.2342452396819,279.16070489241855,267.28539614445015
201504,273.147778466171,279.4777077500299,267.47424882593884,279.3310774629313,267.23326479196845
201505,273.4854868641795,279.9461342549025,267.9629372501602,279.7183421135718,267.41309359486775
201506,273.8670641607378,280.569805995225,268.68087857833535,280.3027449469378,267.81952300185554
201507,274.29601989571245,281.32235217653084,269.6011903124838,281.05255466108713,268.440184493522
201508,274.7837235601924,282.1746837401475,270.6922566549245,281.92858190235836,269.25694308274143
201509,275.3445976308803,283.09832495976343,271.9209736352063,282.88997768537064,270.2477162966604
201510,275.99102706857764,284.06853569360686,273.25591925709153,283.9001025784234,271.38851964026975
201511,276.72917478261417,285.0666156028386,274.66986138590454,284.93124154047,272.65535125614645
201512,277.556640661803,286.0809493516857,276.14115983636003,285.96719741659365,274.0255765719408
201513,278.46243774980167,287.10661706885014,277.65385892302345,287.0032706410389,275.47859584105663
201514,279.4291919764265,288.14369798204666,279.1965487708147,288.04371584470783,276.9957455348273
201515,280.43693381764797,289.19466924081365,280.76033467057573,289.097325341476,278.55956010536704
201516,281.4674664691232,290.26148536805687,282.33643538735413,290.172198018913,280.1526637391125
201517,282.5081547813747,291.3429760379359,283.91399350368124,291.2709177334141,281.7566399946852
201518,283.55411508445286,292.43311031996063,285.47861084884374,292.3872513151419,283.35122328633963
201519,284.60816691285413,293.5204657138064,287.01193722935693,293.5051100941344,284.9140715922645
201520,285.67844548961466,294.5889589874808,288.4923845290861,294.59998545257736,286.42123463013655
201521,286.7741439923101,295.619607776612,289.8967703440073,295.6424913604161,287.8482600374278
201522,287.9003244806536,296.5928629984838,291.20247757721614,296.6031580716947,289.17172187041297
201523,289.0529958190159,297.49093432559675,292.38959891522006,297.45733341296716,290.37084788927876
201524,290.2156437724167,298.299550375443,293.44254457726146,298.1890272699919,291.42888987999174
201525,291.3581127902234,299.00874627886003,294.3507254720274,298.7927853925796,292.333932470998
201526,292.4382433692763,299.61251786911635,295.10815041635993,299.2731424488571,293.0789590628156
201527,293.40607415191283,300.10746581260054,295.7120423514939,299.6417742061342,293.66116047931257
201528,294.2098579682347,300.49080784842073,296.1608222088374,299.91301311601944,294.08064443900093
201529,294.80274230292116,300.7583029178895,296.45197295561087,300.0987844738647,294.3388421807767
201530,295.1488172531155,300.90266791913973,296.58034137768044,300.20417039432124,294.43698051333587
201531,295.2273711507903,300.9129663868083,296.5373496085017,300.22468043130925,294.37497621618974
201532,295.03458439314795,300.7752308448454,296.3113906273878,300.1459290048151,294.15101712352487
201533,294.58244709412577,300.47429614625185,295.88941620585354,299.94587661397037,293.7619409623854
201534,293.89528031171744,299.9965347529353,295.25945221882125,299.5992077759811,293.20434358175675
201535,293.0047398242354,299.33296243551297,294.41355713329034,299.08292703906017,292.4761831237512
201536,291.9444739387353,298.4820758730247,293.35062501247904,298.3819677194924,291.5785332693214
201537,290.74562850509307,297.4518176156278,292.07845111032094,297.4935920473307,290.51710253422266
201538,289.43414126478734,296.2602323744615,290.61462296684675,296.42962031698653,289.30318573448017
201539,288.03030443152977,294.9346445909044,288.98604071881147,295.216001905198,287.95383684336105
201540,286.5505079477797,293.50949151107176,287.2271532683109,293.889824813328,286.49122141146927
201541,285.0105384476075,292.02322064391353,285.3772587111564,292.49442022808256,284.9412830740268
201542,283.42942569665564,290.51484435572064,283.4773996878824,291.0736276105945,283.3320024450847
201543,281.832688366573,289.0207969535092,281.5674469911134,289.6664517610113,281.6916055203053
201544,280.2539671934301,287.5726502828763,279.68389507846393,288.3032295667538,280.04707519130335
201545,278.73441464943926,286.19603416644105,277.8587084965329,287.0040580933333,278.423235165653
201546,277.31974818394315,284.91082669629577,276.1193021096186,285.77970230203965,276.84253057833723
201547,276.0554442124111,283.73239122155434,274.48947000030677,284.63462304934336,275.3254578576129
201548,274.98101972915975,282.6734077354929,272.9908598906032,283.5712770491527,273.8914380205982
201549,274.1246075965618,281.74572821391627,271.6444719966173,282.5945524296913,272.55981941944276
201550,273.49901801959214,280.9617044177373,270.47167012373757,281.7151822833076,271.3506632949964
201551,273.10019255418473,280.3345871278723,269.4943258377371,280.9512286137896,270.2850161222942
201552,272.9084607796634,279.87784171785376,268.7339422265518,280.327192298144,269.38449518786183
201601,272.8924143425692,279.6035083231814,268.2098690927735,279.87087394376675,268.6701800111721
201602,273.01465236544504,279.51998891578154,267.936964077126,279.60865416749647,268.16097379163404
201603,273.23825264768163,279.6298083481188,267.9232169499195,279.5602538986006,267.87173628937904
201604,273.5326747767922,279.92793248041414,268.1678981243055,279.73418451253355,267.81156039971887
201605,273.87793743589776,280.4011241290649,268.66070563555417,280.1249682845039,267.98255219847175
201606,274.26630159307604,281.0285990614631,269.38218575108283,280.71283005745244,268.379380455745
201607,274.7012453408237,281.78395886018234,270.305435323999,281.4660168968677,268.98970714878067
201608,275.1941093063299,282.63809015806964,271.3988191387757,282.34531752876774,269.79542985566485
201609,275.75928979464516,283.5624963327716,272.62921511564014,283.30986084622987,270.7745006234226
201610,276.4091483863114,284.53241984457935,273.9651845307745,284.3229851823621,271.9029713109025
201611,277.14982749094395,285.52914652788536,275.3794799723789,285.35695323557576,273.1568781214822
201612,277.97890945701596,286.5410508514989,276.8504474924491,286.39554565375414,274.51362611762374
201613,278.8853928154352,287.5632064271302,278.3621192161804,287.4340408260431,275.95265662320713
201614,279.8518920682141,288.595689677725,279.9030747061987,288.47667157884933,277.45534847245386
201615,280.8584293947429,289.6409786806569,281.46441036642733,289.5322087500666,279.00427962512833
201616,281.886802860356,290.7010326261632,283.0373377930671,290.608730166796,280.5821187685749
201617,282.92437537516287,291.7746895885953,284.610994154797,291.7087991262354,282.1704948007608
201618,283.96626453090295,292.8559307503786,286.1709776530671,292.82616248482964,283.74918815616127
201619,285.0152943265386,293.9333494032505,287.69893627755914,293.9447122667163,285.29590335431493
201620,286.07960764150357,294.9908817395249,289.17328192516567,295.0399212961607,286.78673701402704
201621,287.1684084793791,296.0095683913261,290.57083404741104,296.0823858108623,288.19728387131465
201622,288.2867728617619,296.96988677162113,291.86897925186,297.0426192332244,289.5041651156163
201623,289.4307267057675,297.8540764620923,293.0478157785177,297.89595353065334,290.68665551225916
201624,290.583775863886,298.6478993048474,294.09176124297016,298.62638377083607,291.7280535624357
201625,291.7157878406192,299.34142686067935,294.99023578062327,299.22844199160073,292.6164901593366
201626,292.7846290778663,299.92869447642573,295.737259246699,299.70665031638646,293.34499435908947
201627,293.7403669648032,300.40634528273546,296.3300674075696,300.0726731922743,293.91080187586283
201628,294.53128578192644,300.77164229003074,296.76709577553254,300.34083302801383,294.31406440003525
201629,295.11056705991274,301.02039236415413,297.04584361744145,300.523046401923,294.5562560744065
201630,295.4423374202115,301.1453628175011,297.16117569465416,300.62438808126046,294.63864539822254
201631,295.5059240712052,301.1356699161665,297.10453374336464,300.64036168120697,294.5611894874609
201632,295.2975485039444,300.97740105178343,296.8643319186952,300.55657712571815,294.32211502312896
201633,294.8292440010171,300.65544789251123,296.4275446814906,300.35099188957304,293.91829695953805
201634,294.12537671378146,300.15624146704647,295.7822220448078,299.9982889610736,293.34636662960384
201635,293.2176492816265,299.47085766219,294.9204479929249,299.4754728734524,292.6043157988123
201636,292.1397584770527,298.5978546146661,293.84114341112405,298.7674784550444,291.6932498007018
201637,290.922900050657,297.54523746102006,292.55213160139243,297.87157098266675,290.61890672997674
201638,289.59306290568105,296.33111441054456,291.07102929484284,296.7995753344308,289.392608812873
201639,288.1705914999016,294.9828740942489,289.4247668755089,295.57744700445636,288.03143517711703
201640,286.6719289195493,293.53501841651655,287.6478244585682,294.24228163644557,286.5575741934101
201641,285.1129156563725,292.0260597886084,285.77953222506864,292.83741957022596,284.9969899127696
201642,283.5126358592795,290.4950754976449,283.8609656763751,291.40671091125694,283.3776808997299
201643,281.8966629186077,288.978564564341,281.9320291423928,289.98917257029626,281.7278885832489
201644,280.29869243322713,287.50816311591694,280.02925119310277,288.61515498148464,280.07460872849975
201645,278.7599316904819,286.109564601098,278.1846309593118,287.3047701578255,278.4426753237888
201646,277.3261527156396,284.80270986144797,276.42561825662045,286.0687993685038,276.8545411684972
201647,276.04288607027985,283.6030239009234,274.7760423801314,284.91172109302465,275.3307077251006
201648,274.94970227602175,282.5232470589224,273.2575864189303,283.8360109334607,273.89059841060174
201649,274.0747869170487,281.57529013924875,271.89128600373715,282.84657711676084,272.5535613482573
201650,273.4310019309491,280.77156200872764,270.69854029503557,281.9541739856109,271.3396549364766
201651,273.0143394370164,280.12536863432,269.7012560475058,281.1768858826366,270.26992021915396
201652,272.8051782329188,279.65022846484476,268.9209712658675,280.53923704511976,269.3659664973289
201701,272.7721576677011,279.3582324170282,268.37707029255955,280.06905239139894,268.64886279437985
201702,272.8779228852978,279.2578307749086,268.08444482788957,279.79273772569275,268.1374993559635
201703,273.0855958662565,279.35159406777314,268.05111812000894,279.73003996365685,267.8467205927551
201704,273.3646783866181,279.63453104068265,268.276393378899,279.88949718579096,267.7856017256396
201705,273.69522918028366,280.0934444562451,268.7500006589337,280.2656590080151,267.95622891027557
201706,274.0695469910477,280.7075869533636,269.45251737508966,280.8387781643137,268.35324883832664
201707,274.49114528304204,281.4505937864187,270.357070565895,281.5771300741741,268.9642993456361
201708,274.9713975307554,282.29338194687574,271.43205415205256,282.4415321914636,269.7712519087923
201709,275.52473025114335,283.20748175624726,272.6443740576195,283.391142420436,270.7520306232175
201710,276.1635324997997,284.16815911467063,273.96261835113796,284.38932829709273,271.8826576627799
201711,276.8939713330409,285.1567197157063,275.3595651270377,285.4083818220774,273.13913793552274
201712,277.7136508364827,286.1615542428781,276.813584587419,286.4321129520268,274.4988437270777
201713,278.6115882979956,287.1777488275006,278.3087315863795,287.4558292984427,275.9411822372221
201714,279.57041393658494,288.20538867964524,279.83360693429887,288.48379273099124,277.44749696788153
201715,280.5701625599259,289.2469569073927,281.37932674710294,289.52480285958853,279.0003294817609
201716,281.5926417354093,290.30441396483053,282.93712074816295,290.5869659208589,280.58231115161703
201717,282.62522072280956,291.37659542641177,284.49614260511385,291.67287316897557,282.1750327938116
201718,283.6630202964182,292.45747622754425,286.04200535259855,292.77629887628814,283.7582361474129
201719,284.7088644674065,293.53563969591556,287.5563701161387,293.8811618550879,285.30958657810595
201720,285.7708929653476,294.59500838619465,289.0176602055927,294.96296100551945,286.80514124932483
201721,286.85830350162735,295.61660567588063,290.40270474319396,295.9923178468138,288.22045529810646
201722,287.9761626944363,296.5808881759248,291.6888982517798,296.9397702092315,289.53211032961303
201723,289.1204839886667,297.4700712009052,292.8563451242473,297.78067351806214,290.719341697727
201724,290.2747577492721,298.2698889554496,293.8894673659979,298.4990452759018,291.765408822385
201725,291.40883304231966,298.97038209926893,294.7776877447208,299.0894388630707,292.6584040017185
201726,292.4805549954585,299.5655519329557,295.5150270021349,299.5563965874429,293.391318337068
201727,293.4399668932788,300.0520045254247,296.0987200632246,299.91160186087603,293.9613503796663
201728,294.2353262169094,300.42696295030294,296.5271998949858,300.1693947798895,294.36861559732637
201729,294.81978510815173,300.6861914122437,296.7979615450002,300.3417082806726,294.6145529955602
201730,295.157438324685,300.8224119984156,296.9058639171815,300.4336321102097,294.70039716236806
201731,295.22757885974903,300.8246933551032,296.84234129361215,300.44068344182614,294.6260726646205
201732,295.0263917698596,300.6790730374795,296.5957988256878,300.34848429757074,294.3897751272818
201733,294.56587182362887,300.3703908463537,296.1532004733264,300.13500275689313,293.9883500669552
201734,293.87034472640715,299.8850241050886,295.50258430903284,299.77493089118684,293.41840111633365
201735,292.9714708938652,299.21399335651427,294.63602099942125,299.2452807723511,292.67789419075467
201736,291.90290325774816,298.35579995980646,293.5524168022137,298.5309932055074,291.76791072929404
201737,290.69579227728707,297.31839105040154,292.25957915359714,297.62933787036906,290.6941669861176
201738,289.3760802853235,296.11981582713594,290.7751077564744,296.55214246752956,289.46796549135024
201739,287.96406406629256,294.78740311883666,289.1259148839735,295.32536373215584,288.1063679034665
201740,286.47613811010507,293.3555944562147,287.3464615409684,293.98609697204455,286.63154742482504
201741,284.92809357238605,291.8628415274143,285.4760578853731,292.5776806241272,285.0694553044065
201742,283.3389647118284,290.34816077003666,283.5557585720979,291.143961339377,283.4480797275071
201743,281.7342746620374,288.84799045210593,281.6254463533963,289.7239510432592,281.7956542140317
201744,280.1476685873725,287.3939062675716,279.72162758477833,288.34799367989115,280.13916912837414
201745,278.62030335210994,286.0115417724592,277.8762786420516,287.0361932987991,278.5034555949919
201746,277.19790075890086,284.7207786751057,276.1168261431328,285.79932176859745,276.91096610546344
201747,275.9259415352551,283.53698382155756,274.46707584177506,284.6418467724247,275.3822043799953
201748,274.84394694377266,282.47284058063127,272.94868704188804,283.56623176628284,273.9365986586901
201749,273.98005406888956,281.54020418027284,271.5826714454655,282.5773715320514,272.59350444344074
201750,273.34707728898866,280.75142950820424,270.3904042410643,281.6860057234861,271.3729900473689
201751,272.94096228234724,280.11977034495885,269.39376826827385,280.91020280977875,270.2961089361263
201752,272.7420426971879,279.6586949347078,268.6142777729218,280.27447003363824,269.3844853010631
201801,272.71891419315773,279.380246152905,268.0712935930702,279.80661426482635,268.65920547660437
201802,272.8341798477964,279.29282857911426,267.7796842760634,279.53302227563603,268.13917938321055
201803,273.0509213550987,279.39896953956884,267.74745036363316,279.47342104036807,267.8392734041911
201804,273.33860213454096,279.6936372329161,267.97387289888627,279.63632786564625,267.7685869562512
201805,273.67724463635324,280.16359667724373,268.4486603993978,280.01627084060976,267.92923253096734
201806,274.05911352869407,280.788065703586,269.15236946114476,280.5934805015873,268.3158852047817
201807,274.48769053497557,281.54064781888013,270.05810710604663,281.33620948368105,268.9162131481275
201808,274.9743198420407,282.39223143990915,271.1342481217319,282.2052519555909,269.7121200154845
201809,275.53340124127556,283.3143215867619,272.34768026011744,283.15974212306173,270.6815638098902
201810,276.1772997242277,284.28216221969853,273.6669744519048,284.1630234988536,271.80060222231526
201811,276.9121610342168,285.27704052970796,275.0648927570398,285.18736382508877,273.0452771609314
201812,277.73557077419383,286.2873321980105,276.51979051099767,286.2165486545776,274.3929992623058
201813,278.6365306484391,287.30811190381587,278.0157089288081,287.2458611398507,275.8232152904544
201814,279.5976582493991,288.33945699201564,279.5412364640213,288.27953872648214,277.3173093825638
201815,280.5989787621742,289.38384631581937,281.08747820742616,289.32635672472577,278.85786466107197
201816,281.6222931713483,290.44323969472043,282.6456542330041,290.3943972847338,280.42755483266956
201817,282.65496721813605,291.5164756853664,284.2049099732318,291.4862278750363,282.00801366839545
201818,283.69212123560004,292.5975358052208,285.75085167459554,292.5955993693671,283.5790263266569
201819,284.7365818726605,293.67501353359245,287.2651351484079,293.70640765287993,285.1183018990119
201820,285.79649456581427,294.7328451027801,288.72617988527594,294.7941292524471,286.6019414216908
201821,286.881065781334,295.75207103727166,290.11081269814474,295.82936394792364,288.0055438909521
201822,287.99537390771144,296.7131684948278,291.3964273194636,296.78262854146726,289.30573459679204
201823,289.13544713179584,297.5983766544968,292.5631288734901,297.62925821598935,290.48179224301424
201824,290.2847934773386,298.3934568085522,293.5953416154723,298.3532510886787,291.5170191049006
201825,291.41328252037516,299.08847982106573,294.4824920720751,298.94914207920715,292.39954968313685
201826,292.47878267341383,299.6774801956685,295.21860623771107,299.42145602364474,293.12241647264455
201827,293.43136319417954,300.15710007380704,295.80092576236046,299.78185991103703,293.68285845567925
201828,294.2193101285762,300.52460133127806,296.22789178297984,300.044678520078,294.0810304180936
201829,294.79580666852723,300.77578955453635,296.4970089289216,300.22183062575874,294.31840942374663
201830,295.1249809916096,300.9034306325737,296.6031470588261,300.3183930175926,294.39626671683055
201831,295.1861617563152,300.8966392648961,296.53775273805337,300.32987115755117,294.31456198056304
201832,294.97557179694843,300.74150113427885,296.2892446800341,300.24187663997674,294.07152428399723
201833,294.5052456317207,300.4229060587542,295.84460163048277,300.0323684327946,293.66403078891574
201834,293.7995505392692,299.9272830767061,295.19187761146725,299.6760308394817,293.0887148538564
201835,292.8901901772677,299.2457059456036,294.32316033816136,299.14986952984844,292.34357008691387
201836,291.81086222692,298.3767305350699,293.23737414653596,298.43882028969136,291.4297034801654
201837,290.5927632374202,297.32835957810886,291.9423455071322,297.5401491737588,290.3528546018373
201838,289.2618828000393,296.11869874544243,290.45569403572074,296.46568165825465,289.12434696583205
201839,287.8385659496227,294.7751339959731,288.8043527155076,295.2413736553536,287.7612608009647
201840,286.33925623817333,293.33216443000936,287.02280397393014,293.90432104667923,286.28578539182826
201841,284.77979451164816,291.8282995244173,285.1503800161282,292.49786422985864,284.72388551563193
201842,283.1792651613982,290.30261350332916,283.2281580783082,291.06585318814894,283.1035602750102
201843,281.5632417082989,288.7916021976807,281.2960439350523,289.6473045303294,281.4530514486493
201844,279.9654197697785,287.32689841999616,279.39056731010885,288.2725682091156,279.79935496290864
201845,278.42700653974987,285.9341921813397,277.54372819657124,286.9617555770771,278.16730477868145
201846,276.9937738381183,284.63342076467484,275.7829769804498,285.72564706450197,276.5793534793961
201847,275.71125190928734,283.44000549651065,274.13214323514944,284.56872013418143,275.0560021231993
201848,274.6190108460717,282.3666829221175,272.6129100358962,283.4934491944121,273.61667353466873
201849,273.74523569247316,281.42535993672703,271.2463127075071,282.5047411021637,272.2807150569333
201850,273.1027877348343,280.62844138645056,270.05374981280966,281.6133486549027,271.06818412107395
201851,272.6876583305159,279.98922910776116,269.05712721753315,280.83735447585957,270.00012061706843
201852,272.4802254050099,279.52123731165227,268.27798174678804,280.20128090991545,269.0981325061787
201901,272.44912732544714,279.23655257218513,267.73569627354965,279.7329508112739,268.3832872869797
201902,272.55700814467934,279.1436207284528,267.4451607397819,279.4587677496557,267.87447349624324
201903,272.7669886436355,279.2450077651396,267.41439634755943,279.39847623732953,267.586533652734
201904,273.0485692908972,279.53571778572604,267.642703974369,279.5606117840915,267.5285409035641
201905,273.3818074058229,280.00254881700005,268.1198110571556,279.93972126951275,267.70257915002884
201906,273.7590002114016,280.6247486706001,268.82629211018576,280.51605452735265,268.1032926502171
201907,274.1836595455771,281.37594768504607,269.7352709898148,281.25788391486344,268.71831662867197
201908,274.66715715220914,282.2270578502467,270.8151381550944,282.1260236636274,269.5295197745464
201909,275.22391771418665,283.14960440341645,272.0327957911024,283.07962829762045,270.51482322138884
201910,275.8663283506611,284.11884808065474,273.3568279523876,284.08206181672216,271.65024600855594
201911,276.6005540802511,285.1160893347916,274.76000844684444,285.10561253184903,272.9117897388411
201912,277.42419685080006,286.12971353502553,276.2207029201339,286.1340865586391,274.27682322389427
201913,278.32627171356927,287.1548014278894,277.722961402805,287.16278751874324,275.724750022883
201914,279.2894065534121,288.19143277139756,279.25537961753014,288.19597314563225,277.2369098326977
201915,280.29363374765956,289.2420851575189,280.8090683314761,289.2424387692765,278.7958402488825
201916,281.320758338575,290.3087134634372,282.3752516614679,290.310286205285,280.38416851730943
201917,282.3581469674814,291.3901476292037,283.94307741421727,291.40210214850623,281.9834811702202
201918,283.4009176984105,292.4803569016578,285.49815251263016,292.5116561764994,283.5735155079145
201919,284.45189174203455,293.5679188691165,287.0221317233897,293.62286227422396,285.13193230534034
201920,285.519205938809,294.63675029947046,288.4934317542705,294.71121438495254,286.6347839859943
201921,286.61205502405403,295.66786873945455,289.88887488617524,295.74732894458066,288.05762080063204
201922,287.73550255466796,296.641724928719,291.18584856550393,296.70173857672137,289.3770193247349
201923,288.8855588307976,297.5405282734804,292.36444987789105,297.54979337993217,290.5722097421378
201924,290.0457109910146,298.3500070364393,293.4090932950632,298.27550541328435,291.62644616547436
201925,291.18580479523393,299.06019590533094,294.30919382917034,298.87342250014603,292.5278154515136
201926,292.26368198709616,299.6650901822604,295.05876424920865,299.3480812814425,293.26930312945035
201927,293.2293823912833,300.16128991469515,295.65503129506277,299.71115939558126,293.84810205094226
201928,294.0311599551153,300.54601213542026,296.0964195411823,299.9769910626874,294.2643218602257
201929,294.62216321472937,300.8150149924323,296.3804154402122,300.1575032432306,294.51939561874
201930,294.96648325236987,300.96101450401676,296.50186910391176,300.2577796128272,294.6145518534912
201931,295.0434093181951,300.9730732389452,296.45220583028095,300.2733311815185,294.5497089570796
201932,294.84912266015715,300.8372226698506,296.2198216001079,300.1897737199405,294.32305627063636
201933,294.3956141750242,300.53829651358126,295.79167102169004,299.9850689718397,293.93143292114763
201934,293.70720563525964,300.0626660117268,295.15578264051874,299.63390259250434,293.3714360497465
201935,292.81555346487846,299.40134563113963,294.3042174265242,299.1132801612617,292.6410249821719
201936,291.75430654750704,298.55283066441814,293.2358717768964,298.40813591817437,291.7412744738232
201937,290.554611240134,297.52506219342183,291.9585431093606,297.5157329094323,290.6778940051298
201938,289.24240572160585,296.33608338000533,290.4898209564419,296.44789213770434,289.4621792464932
201939,287.83798257301083,295.0132170361942,288.85660727507684,295.23056357993266,288.1111849148018
201940,286.3577320339863,293.59089869965,287.0933526143186,293.90083572952227,286.64707719313617
201941,284.8174409654153,292.1075740927825,285.2393565429045,292.5020401570171,285.095800237729
201942,283.23613928926113,290.6022537183195,283.33566299956084,291.07801659920597,283.48533507192275
201943,281.6393457629143,289.1113699437993,281.42214389977147,289.66777002379797,281.84390798876746
201944,280.0607011375614,287.66649260058193,279.53529464818547,288.301637377835,280.1985020652457
201945,278.54135782989965,286.2932494234912,277.70708056222423,286.99971567872655,278.57394108223224
201946,277.12703316315884,285.01151634451077,275.96491710051436,285.7727697322215,276.99267013596426
201947,275.86320335617194,283.83665448162174,274.3325987633008,284.62526013215785,275.47518550399644
201948,274.7893851362103,282.78134152727597,272.83177351350923,283.5596432231326,274.0409079409468
201949,273.93371102834703,281.8574270881375,271.48344163146584,282.58080665785656,272.7091854248936
201950,273.30899083019676,281.0772604890773,270.30896681021375,281.6994829475029,271.50007871133755
201951,272.9111656205087,280.45409000952804,269.330220326869,280.93373340962876,270.43463367905343
201952,272.72056443187006,280.0013784575917,268.56870480474885,280.3080581306197,269.534466907823
202001,272.7057782948476,279.7311633409283,268.0437694063259,279.8502568235915,268.82065710039205
202002,272.8294056471261,279.6518439427886,267.7702709572667,279.5867091082358,268.3121065300252
202003,273.05452353474624,279.7659423677383,267.7561982385551,279.5371348146609,268.0236739219245
202004,273.3505907238108,280.0684216705233,268.0008205005202,279.7100441180649,267.96445102838777
202005,273.69762500844035,280.54604180617264,268.49383444298957,280.0999579932797,268.1365426748998
202006,274.0878864006308,281.1780156265348,269.21578482629826,280.6870998837853,268.5346162747467
202007,274.5248519702625,281.9379417462146,270.1397668259142,281.4397153576206,269.1463323427584
202008,275.0198612559584,282.7967037794488,271.2341433792977,282.3185915465203,269.9535868899787
202009,275.5873094088753,283.7258020364458,272.4657903915764,283.2828556536565,270.9343302927863
202010,276.2395567909932,284.70047586307504,273.80326695713205,284.2958442278803,272.0646126368679
202011,276.98274452939364,285.70200793419747,275.21932331714993,285.3298180903207,273.3204682510755
202012,277.81445362677636,286.718769515882,276.6923030129806,286.368555919935,274.679300223196
202013,278.7236812058049,287.74583097581814,278.2062354972267,287.4073340467361,276.1205478035594
202014,279.69304029858057,288.7832654536044,279.7496974997539,288.4503831492817,277.62558765529883
202015,280.7025515537543,289.833547705919,281.31378243343187,289.5064718304444,279.17699547094753
202016,281.7340114459669,290.8986335669577,282.8896987470846,290.5836755967272,280.75743757593085
202017,282.77478123558774,291.9773577217083,284.46658030775404,291.68455534080033,282.34854041312195
202018,283.8199768065102,293.0636979319555,286.03002186314825,292.8028554323486,283.9300818702974
202019,284.8724203927191,294.1462440395841,287.56166779934824,293.92246532826323,285.4797638303189
202020,285.94025305254564,295.20892875992683,289.03992626212266,295.01885520687057,286.97368018701843
202021,287.0326769133816,296.23278922309925,290.4416128067727,296.0626185830801,288.3874228648797
202022,288.15476606661707,297.19829931714924,291.7441100020512,297.0242660815409,289.6976101570373
202023,289.30254444624353,298.0876950780613,292.9275119091582,297.8791267988721,290.8835138495855
202024,290.4595158698403,298.88673478361267,293.97623182756143,298.6111928609159,291.92842938344796
202025,291.5955457563702,299.58548641379076,294.8796854419957,299.21499329461494,292.8204845124534
202026,292.6684984127538,300.1779817203218,295.63188802530163,299.69504714554125,293.5527050762662
202027,293.62843904496447,300.66086022661636,296.23007063268005,300.0630157180245,294.12232349752964
202028,294.4236497033155,301.03138132591926,296.67266393946466,300.333218215316,294.529488102121
202029,295.0073096425892,301.2853482591505,296.95716225282507,300.5175679496624,294.77566959749373
202030,295.3435431639247,301.4155247082393,297.07842525486154,300.62113636388807,294.8621329788774
202031,295.41167511229906,301.41102330547545,297.02788948615347,300.63942369262077,294.7888317917811
202032,295.207924573607,301.25792780755717,296.7939637931393,300.5580364254227,294.55398908254995
202033,294.74432238489794,300.9411262487897,296.363617218265,300.35492855114865,294.15447610893915
202034,294.04523221300013,300.44704602730775,295.72489424989385,300.0047795229854,293.586920447751
202035,293.1423541751937,299.76675940485376,294.8698732447992,299.4845902922293,292.8493100511765
202036,292.0693824857253,298.8988209008061,293.79746936149246,298.7792920608545,291.94274638468715
202037,290.85751030224685,297.85123204428237,292.5155000795291,297.8861464373164,290.87296362259474
202038,289.5327239018373,296.6420974492678,291.04157621559057,296.8169745918111,289.65128002089347
202039,288.11536508438485,295.29880216577976,289.402622150997,295.59772827346103,288.2947706897293
202040,286.6218742480154,293.8558445337144,287.6331119136995,294.2654993463821,286.82561993742297
202041,285.0680891676825,292.3517334185299,285.77236951682744,292.8636243387396,285.26978771037943
202042,283.473091248352,290.82554258239907,283.861464217003,291.4359495147865,283.65526842888266
202043,281.8624511108298,289.3137675441068,281.9402940264824,290.02148791708146,282.01029934062467
202044,280.2698615604322,287.84804095410226,280.04538112864304,288.6505860871335,280.3618719951358
202045,278.7365270685175,286.45405281163966,278.2087182027407,287.34335212346605,278.7348161333741
202046,277.3082168235298,285.15174053822824,276.45774855191377,286.1105633615261,277.15158027835236
202047,276.0304585309948,283.95652574928886,274.8162949019653,284.9566943304238,275.6326615898615
202048,274.9428198388668,282.88114542929065,273.30603371995556,283.88421666779413,274.19747915862814
202049,274.0734834416817,281.9375070627825,271.9479939659936,282.8980346247252,272.8653767607796
202050,273.43530837303445,281.1380162350575,270.7635680855395,282.00889855924675,271.65640842949796
202051,273.0242838355217,280.4959756712921,269.7746560780303,281.2348888231616,270.5916108281137
202052,272.8207856990646,280.02490062027687,269.00278915694935,280.60052565940003,269.69258886454713
